Medicine_Name,Active_Substance
Olanzapine Glenmark Europe,olanzapine
Olanzapine Glenmark,olanzapine
Elebrato Ellipta,fluticasone furoate;umeclidinium bromide;vilanterol trifenatate
Trelegy Ellipta,fluticasone furoate;umeclidinium bromide;vilanterol trifenatate
Opdivo,nivolumab
Remsima,infliximab
Arava,leflunomide
Pandemic influenza vaccine H5N1 AstraZeneca (previously Pandemic influenza vaccine H5N1 Medimmune),reassortant influenza virus (live attenuated) of the following strain: A/Vietnam/1203/2004 (H5N1) strain
Genvoya,elvitegravir;cobicistat;emtricitabine;tenofovir alafenamide
Ixiaro,"Japanese-encephalitis virus, inactivated (attenuated strain SA14-14-2 grown in vero cells)"
Gardasil 9,"human papillomavirus vaccine [types 6, 11, 16, 18, 31, 33, 45, 52, 58] (recombinant, adsorbed)"
Loargys,Pegzilarginase
Esbriet,Pirfenidone
Teriflunomide Viatris (previously Teriflunomide Mylan),teriflunomide
Tenofovir disoproxil Viatris (previously Tenofovir disoproxil Mylan),tenofovir disoproxil
Bimzelx,bimekizumab
Teduglutide Viatris,teduglutide
Bylvay,odevixibat
Strimvelis,autologous CD34+ enriched cell fraction that contains CD34+ cells transduced with retroviral vector that encodes for the human adenosine deaminase (ADA) cDNA sequence from human haematopoietic stem/progenitor (CD34+) cells
Latuda,lurasidone
Talmanco (previously Tadalafil Generics),tadalafil
Rivaroxaban Viatris (previously Rivaroxaban Mylan),rivaroxaban
Ritonavir Viatris (previously Ritonavir Mylan),ritonavir
Itovebi,inavolisib
Pregabalin Viatris (previously Pregabalin Mylan),pregabalin
Pomalidomide Viatris,Pomalidomide
Emtricitabine / Rilpivirine / Tenofovir Alafenamide Viatris,emtricitabine;rilpivirine hydrochloride;tenofovir alafenamide fumarate
Mayzent,siponimod fumaric acid
Nintedanib Viatris,nintedanib
Kanjinti,trastuzumab
Teizeild,teplizumab
Dupixent,dupilumab
Mysildecard,sildenafil
Febuxostat Viatris (previously Febuxostat Mylan),febuxostat
Entecavir Viatris (previously Entecavir Mylan),entecavir monohydrate
Eltrombopag Viatris,eltrombopag olamine
Duloxetine Viatris (previously Duloxetine Mylan),duloxetine
Darunavir Viatris (previously Darunavir Mylan),darunavir
Ibandronic Acid Sandoz,ibandronic acid
Dapagliflozin Viatris,dapagliflozin
Cinacalcet Viatris (previously Cinacalcet Mylan),cinacalcet hydrochloride
Rapilysin,reteplase
Afiveg,aflibercept
Ambrisentan Viatris (previously Ambrisentan Mylan),ambrisentan
Loqtorzi,toripalimab
Humira,adalimumab
Atazanavir Viatris (previously Atazanavir Mylan),atazanavir (as sulfate)
Ilumetri,tildrakizumab
Comtan,entacapone
Arixtra,fondaparinux sodium
Fintepla,fenfluramine hydrochloride
Uzpruvo,ustekinumab
Dimethyl fumarate Mylan,dimethyl fumarate
Beovu,brolucizumab
Truvelog Mix 30,insulin aspart
CellCept,mycophenolate mofetil
Uplizna,inebilizumab
Olumiant,baricitinib
Kerendia,finerenone
Dovprela (previously Pretomanid FGK),pretomanid
Oncaspar,pegaspargase
Usgena,ustekinumab
Tolucombi,telmisartan;hydrochlorothiazide
Integrilin,eptifibatide
Imcivree,setmelanotide
Korjuny,catumaxomab
Truqap,capivasertib
Ifirmasta (previously Irbesartan Krka),irbesartan hydrochloride
Irbesartan Teva,irbesartan
Ogsiveo,nirogacestat hydrobromide
Rhapsido,remibrutinib
Bimervax,SARS-CoV-2 virus recombinant spike (S) protein receptor binding domain (RBD) fusion dimer produced by recombinant DNA technology
Onerji,levodopa;carbidopa
Palsonify,paltusotine hydrochloride
Ilaris,canakinumab
Mvabea,recombinant Modified Vaccinia Ankara Bavarian Nordic Virus encoding the: Ebola virus Zaire (ZEBOV) Mayinga strain glycoprotein (GP); Ebola virus Sudan Gulu strain GP; Ebola virus Taï Forest strain nucleoprotein and the Marburg virus Musoke strain GP
Zabdeno,recombinant adenovirus type 26 (Ad26) encoding the glycoprotein (GP) of the Ebola virus Zaire (ZEBOV) Mayinga strain
Qutenza,capsaicin
Comirnaty,"single-stranded, 5’-capped messenger RNA produced using a cell-free in vitro transcription from the corresponding DNA templates, encoding the viral spike (S) protein of SARS-CoV-2"
Leqembi,Lecanemab
Rapamune,sirolimus
Yeytuo,lenacapavir sodium
Scemblix,asciminib hydrochloride
mCombriax,"single-stranded, 5’-capped messenger RNAs (mRNAs) produced using a cell-free in vitro transcription from the corresponding DNA template, encoding seasonal influenza haemagglutinin (HA) glycoproteins: A/H1N1, A/H3N2, B/Victoria"
mResvia,Single-stranded 5' capped mRNA encoding the respiratory syncytial virus glycoprotein F stabilised in the prefusion conformation
Spikevax (previously COVID-19 Vaccine Moderna),"single-stranded, 5’-capped messenger RNA (mRNA) produced using a cell-free in vitro transcription from the corresponding DNA templates, encoding the viral spike (S) protein of SARS-CoV-2"
Neuraceq,florbetaben (18F)
Xromi,hydroxycarbamide
Siklos,hydroxycarbamide
Darzalex,daratumumab
Micardis,telmisartan
MicardisPlus,telmisartan;hydrochlorothiazide
Lopinavir/Ritonavir Viatris (previously Ritonavir Mylan),lopinavir;ritonavir
Tecentriq,atezolizumab
Perjeta,pertuzumab
Dazublys,trastuzumab
Vfend,voriconazole
Balversa,Erdafitinib
Ranluspec,ranibizumab
Besremi,ropeginterferon alfa-2b
Beyfortus,nirsevimab
Epidyolex,cannabidiol
Advate,octocog alfa
Caelyx pegylated liposomal,doxorubicin hydrochloride
Stelara,ustekinumab
Striascan,ioflupane (123l)
Ondibta,insulin glargine
Cenrifki,tolebrutinib
Itvisma,onasemnogene abeparvovec
Palbociclib Viatris,Palbociclib
Redemplo,plozasiran
Rexatilux,ranibizumab
Viokat,diazoxide choline
Vysribli (previously Denosumab Intas),denosumab
Terrosa,teriparatide
Kinpeygo,"budesonide, micronised"
Jayempi,azathioprine
Aptivus,tipranavir
Praxbind,idarucizumab
Jemperli,dostarlimab
Zilbrysq,zilucoplan
Opsumit,macitentan
Nulojix,belatacept
Taltz,ixekizumab
Amgevita,adalimumab
Movymia,teriparatide
Vyndaqel,tafamidis
Volibris,ambrisentan
Dabigatran Etexilate Accord,dabigatran etexilate mesilate
Forxiga,dapagliflozin propanediol monohydrate
Erleada,apalutamide
Ozempic,semaglutide
Rybelsus,semaglutide
Noxafil,posaconazole
Rotarix,"human rotavirus, live attenuated"
Irbesartan Zentiva (previously Irbesartan Winthrop),irbesartan
Keytruda,pembrolizumab
Enflonsia,clesrovimab
Pyrukynd,mitapivat sulfate
Verquvo,vericiguat
Veoza,fezolinetant
Ezmekly,mirdametinib
Arsenic trioxide medac,arsenic trioxide
Evrysdi,risdiplam
Orphacol,cholic acid
Ferriprox,Deferiprone
Roteas,edoxaban tosilate
Lixiana,edoxaban tosilate
Aclasta,zoledronic acid
Tepmetko,tepotinib hydrochloride monohydrate
Nobivac NXT HCPChFeLV,"feline herpesvirus 1 (FHV), strain G2620A, live;feline calicivirus (FCV), strain F9, live;feline panleucopenia virus (FPL), strain MW-1;chlamydia felis, strain Baker, live;feline leukemia virus (FeLV) glycoprotein RNA-particle"
Rezurock,belumosudil mesilate
Livmarli,Maralixibat chloride
Atriance,nelarabine
Steqeyma,ustekinumab
Qoyvolma,ustekinumab
Zolsketil pegylated liposomal,"doxorubicin hydrochloride, liposomal"
Emtricitabine / Tenofovir alafenamide Viatris,emtricitabine;tenofovir alafenamide fumarate
Ocrevus,ocrelizumab
Icatibant Accord,icatibant acetate
Myqorzo,aficamten
Enwylma,
Jelrix,
Kygevvi,doxecitine;Doxribtimine
Prialt,ziconotide
Lorviqua,Lorlatinib
Jorveza,Budesonide
Bortezomib Hospira,bortezomib
Bluevac BTV (previously Bluevac BTV8),bluetongue virus vaccine serotypes 1 or 4 or 8 [inactivated]
Spevigo,spesolimab
Pavblu,aflibercept
Aripiprazole Sandoz,aripiprazole
Mysimba,bupropion hydrochloride;naltrexone hydrochloride
Equidormin,midazolam
Evrenzo,roxadustat
Mycophenolate mofetil Teva,mycophenolate mofetil
Myfenax,mycophenolate mofetil
Mynzepli,aflibercept
Myclausen,mycophenolate mofetil
Abrysvo,"respiratory syncytial virus vaccine (bivalent, recombinant)"
Cablivi,Caplacizumab
Tafinlar,dabrafenib mesilate
Iclusig,ponatinib
Sorafenib Accord,sorafenib tosilate
Kayshild,semaglutide
Fylrevy,estetrol monohydrate
Neofordex,dexamethasone
Copiktra,duvelisib
Theralugand,lutetium (177Lu) chloride
Sibnayal,potassium citrate monohydrated;potassium hydrogen carbonate
Supemtek,A/California/07/2009 (H1N1)pdm09-like strain (A/California/07/2009);A/Texas/50/2012 (H3N2)-like strain (A/Texas/50/2012);B/Brisbane/60/2008-like strain (B/Brisbane/60/2008)
Blenrep,belantamab mafodotin
Yellox,bromfenac sodium sesquihydrate
Fycompa,perampanel
Agamree,vamorolone
Rebif,interferon beta-1a
Aripiprazole Zentiva,aripiprazole
Poteligeo,mogamulizumab
Crysvita,burosumab
Rezzayo,rezafungin
Doptelet,avatrombopag maleate
Viramune,nevirapine
Neupro,rotigotine
Kavigale,sipavibart
Aerinaze,desloratadine;pseudophedrine sulfate
Zokinvy,Lonafarnib
Opdualag,nivolumab;relatlimab
Adtralza,tralokinumab
Eurneffy,epinephrine
Keppra,levetiracetam
Ryzneuta,efbemalenograstim alfa
Ilumira,lutetium (177Lu) chloride
RoActemra,tocilizumab
Firazyr,icatibant
Eliquis,apixaban
Winrevair,sotatercept
LysaKare,L-arginine hydrochloride;L-lysine hydrochloride
Elfabrio,pegunigalsidase alfa
Topotecan Hospira,topotecan
Vaxelis,"Diphtheria toxoid;tetanus toxoid;Bordetella pertussis antigens: pertussis toxoid, filamentous haemagglutinin, pertactin, fimbriae Types 2 and 3;hepatitis B surface antigen produced in yeast cells;poliovirus (inactivated): type 1 (Mahoney), type 2 (MEF-1), type 3 (Saukett) produced in Vero cells/ Haemophilus influenzae type b polysaccharide (polyribosylribitol phosphate) conjugated to meningococcal protein."
Zoledronic acid Mylan,zoledronic acid
Hepcludex,bulevirtide acetate
Alecensa,alectinib hydrochloride
Cinacalcet Accordpharma,cinacalcet hydrochloride
Brilique,ticagrelor
Finlee,dabrafenib mesilate
Alyftrek,deutivacaftor;tezacaftor;vanzacaftor calcium dihydrate
Glyxambi,empagliflozin;linagliptin
Imuldosa,ustekinumab
Increlex,Mecasermin
Flucelvax,A/Wisconsin/67/2022 (H1N1)pdm09-like strain (A/Georgia/12/2022 CVR-167) / A/District of Columbia/27/2023 (H3N2)-like strain (A/Victoria/800/2024 CVR-289) / B/Austria/1359417/2021-like strain (B/Singapore/WUH4618/2021)
Wegovy,semaglutide
Wakix,pitolisant
Atazanavir Krka,atazanavir (as sulfate)
Duvyzat,givinostat hydrochloride monohydrate
Ziextenzo,pegfilgrastim
Vevzuo,denosumab
Adstiladrin,nadofaragene firadenovec
Imdylltra,tarlatamab
Bopediat,furosemide
Zepzelca,lurbinectedin
Joenja,leniolisib phosphate
Blarcamesine Anavex,blarcamesine hydrochloride
Kisplyx,lenvatinib mesilate
Lenvima,lenvatinib mesilate
Lazcluze,lazertinib mesilate monohydrate
Axumin,fluciclovine (18F)
Xtandi,enzalutamide
Orserdu,elacestrant
Lyrica,pregabalin
Otulfi,ustekinumab
SomaKit TOC,edotreotide
Zirabev,bevacizumab
Bemfola,follitropin alfa
Tepezza,teprotumumab
Trabectedin Accord,trabectedin
Bortezomib Accord,bortezomib
Sylvant,siltuximab
Stivarga,regorafenib
Kanuma,sebelipase alfa
MenQuadfi,Neisseria meningitidis group C polysaccharide conjugated to tetanus toxoid;Neisseria meningitidis group A polysaccharide conjugated to tetanus toxoid;Neisseria meningitidis group Y polysaccharide conjugated to tetanus toxoid;Neisseria meningitidis group W-135 polysaccharide conjugated to tetanus toxoid
Kadcyla,trastuzumab emtansine
Grasustek,pegfilgrastim
Qaialdo,spironolactone
Vafseo,vadadustat
Artesunate Amivas,artesunate
Roclanda,Latanoprost;netarsudil mesilate
Jardiance,empagliflozin
Velphoro,sucroferric oxyhydroxide
Zynyz,retifanlimab
Shingrix,recombinant varicella zoster virus glycoprotein E
Sondelbay,teriparatide
Arexvy,
Vaborem,meropenem trihydrate;vaborbactam
Tremfya,
Opzelura,ruxolitinib phosphate
Waylivra,volanesorsen sodium
Rxulti,brexpiprazole
Apremilast Accord,apremilast
Cunitraxx,fenbendazole
Ebglyss,Lebrikizumab
Adcetris,Brentuximab vedotin
Evfraxy,denosumab
Xofluza,Baloxavir marboxil
SonoVue,sulphur hexafluoride
Xgeva,denosumab
Vargatef,nintedanib
Osenvelt,denosumab
Libmyris,adalimumab
Aerius,desloratadine
Neoclarityn,desloratadine
Kaftrio,ivacaftor;tezacaftor;elexacaftor
Hympavzi,marstacimab
Imfinzi,durvalumab
Lynparza,olaparib
Kostaive,COVID-19 sa-mRNA Vaccine
Voranigo,vorasidenib
Deltyba,Delamanid
Strensiq,asfotase alfa
Akynzeo,netupitant;palonosetron hydrochloride
Cegfila (previously Pegfilgrastim Mundipharma),pegfilgrastim
Pelmeg,pegfilgrastim
Gohibic,vilobelimab
Gazyvaro,obinutuzumab
Daybu,trofinetide
Plegridy,peginterferon beta-1a
Pemazyre,pemigatinib
Akeega,abiraterone acetate;niraparib (tosilate monohydrate)
Trydonis,beclometasone dipropionate;formoterol fumarate dihydrate;glycopyrronium
Trimbow,beclometasone dipropionate;formoterol fumarate dihydrate;glycopyrronium bromide
Carvykti,ciltacabtagene autoleucel
Pradaxa,dabigatran etexilate mesilate
Vazkepa,Icosapent ethyl
Arsenic trioxide Accord,arsenic trioxide
Xerava,eravacycline
Skyclarys,omaveloxolone
Vizamyl,flutemetamol (18F)
Anktiva,nogapendekin alfa inbakicept
AviGate S. Infantis,"salmonella enterica, subsp. enterica, serovar Infantis, strain J-6-24 ΔcpxRA Δlon1, Live"
VeroBlue-3,"bluetongue virus, serotype 3, VP2 protein"
Ebymect,dapagliflozin propanediol monohydrate;metformin hydrochloride
Edistride,dapagliflozin propanediol monohydrate
Qtern,saxagliptin;dapagliflozin propanediol monohydrate
Xigduo,metformin hydrochloride;dapagliflozin propanediol monohydrate
Elucirem,Gadopiclenol
Vueway,Gadopiclenol
Tecartus,autologous peripheral blood T cells CD4 and CD8 selected and CD3 and CD28 activated transduced with retroviral vector expressing anti-CD19 CD28/CD3-zeta chimeric antigen receptor and cultured (brexucabtagene autoleucel)
Yescarta,axicabtagene ciloleucel
Lenalidomide Krka (previously Lenalidomide Krka d.d. Novo mesto),lenalidomide hydrochloride monohydrate
Quviviq,daridorexant hydrochloride
Exdensur,depemokimab
Vitrakvi,larotrectinib sulfate
Vimpat,lacosamide
Spinraza,nusinersen sodium
Kirsty (previously Kixelle),insulin aspart
Lysodren,mitotane
Iloperidone Vanda Pharmaceuticals,iloperidone
Ponvory,ponesimod
Kengrexal,cangrelor
Lydisilka,estetrol monohydrate;drospirenone
Drovelis,drospirenone;estetrol monohydrate
Amversio,betaine
Alkindi,hydrocortisone
Nucala,Mepolizumab
Cayston,aztreonam lysine
Sprycel,dasatinib
Tyruko,natalizumab
Inhixa,enoxaparin sodium
Waskyra,genetically modified autologous CD34+ cell enriched population that contains haematopoietic stem and progenitor cells (HSPC) transduced ex vivo using a lentiviral vector encoding the human Wiskott-Aldrich Syndrome (WAS) gene
Toujeo (previously Optisulin),insulin glargine
Apidra,insulin glulisine
VacPertagen,recombinant pertussis toxin;filamentous haemagglutinin
Lantus,insulin glargine
Insuman,Insulin human
Imatinib Teva,imatinib
Simponi,golimumab
Eylea,aflibercept
mNexspike,"single-stranded, 5’-capped messenger RNA (mRNA) produced using a cell-free in vitro transcription from the corresponding DNA template, encoding the N-terminal domain and receptor-binding domain of the viral spike (S) protein of SARS-CoV-2"
Kefdensis,denosumab
Otezla,apremilast
Leqvio,inclisiran
Hemgenix,Etranacogene dezaparvovec
Xevudy,sotrovimab
Afqlir,aflibercept
Entyvio,vedolizumab
Zeposia,ozanimod hydrochloride
Vyloy,zolbetuximab
Aqneursa,L-acetylleucine
Lotilaner / Milbemycin Elanco,lotilaner;milbemycin oxime
Nivestim,filgrastim
Retacrit,epoetin zeta
Lamzede,velmanase alfa
Fingolimod Accord,fingolimod hydrochloride
Rasilez,aliskiren
Pylclari,Piflufolastat (18F)
Herceptin,trastuzumab
Nemluvio,nemolizumab
Azomyr,desloratadine
Nexium Control,esomeprazole
Xbonzy,denosumab
Ztalmy,ganaxolone
Jeraygo,aprocitentan
Zyprexa,olanzapine
Aumseqa,Aumolertinib mesilate
Nustendi,bempedoic acid;ezetimibe
Nilemdo,bempedoic acid
Cometriq,cabozantinib
Cabometyx,cabozantinib (s)-malate
Fubelv,etanercept
Bysumlog,insulin lispro
Dazparda,insulin aspart
Ojemda,tovorafenib
Poherdy,pertuzumab
Tuyory,tocilizumab
Xolremdi,mavorixafor
Zandoriah,teriparatide
Zumrad,sasanlimab
Flucelvax Tetra,"A/Wisconsin/67/2022 (H1N1)pdm09-like strain (A/Georgia/12/2022, CVR-167) A/Massachusetts/18/2022 (H3N2)-like strain (A/Sydney/1304/2022, wild type) B/Austria/1359417/2021-like strain (B/Singapore/WUH4618/2021, wild type) B/Phuket/3073/2013-like strain (B/Singapore/INFTT-16-0610/2016, wild type)"
Evkeeza,Evinacumab
Mounjaro,tirzepatide
Adenuric,febuxostat
Sunlenca,lenacapavir sodium
Fluad Tetra,"A/Victoria/4897/2022 (H1N1)pdm09-like strain (A/Victoria/4897/2022, IVR-238) / A/Thailand/8/2022 (H3N2)-like strain (A/Thailand/8/2022 IVR-237) / B/Austria/1359417/2021-like strain (B/Austria/1359417/2021, BVR-26) / B/Phuket/3073/2013-like strain (B/Phuket/3073/2013, BVR-1B) influenza virus"
Conexxence,denosumab
Kisunla,donanemab
Revolade,eltrombopag
Vydura,rimegepant
Yesafili,aflibercept
Orbyk EHD (previously Epizootic haemorrhagic disease vaccine (recombinant protein) Laboratorios Syva S.A.),"Epizootic hemorrhagic disease virus, serotype 8, VP2 protein"
Sycrest,asenapine maleate
Daxas,roflumilast
DaTSCAN,ioflupane (123l)
Eltrombopag Accord,eltrombopag olamine
Tadalafil Mylan,tadalafil
Byooviz,ranibizumab
Tibsovo,Ivosidenib
Verzenios,abemaciclib
Gotenfia,golimumab
Vivlipeg,pegfilgrastim
Enzalutamide Viatris,enzalutamide
Exelon,rivastigmine
Zoledronic Acid Accord,zoledronic acid monohydrate
Apixaban Accord,apixaban
Teriflunomide Accord,teriflunomide
Eribulin Baxter,Eribulin mesylate
Acvybra,denosumab
Lenalidomide Accord,lenalidomide
Fymskina,ustekinumab
Tivdak,tisotumab vedotin
Tepadina,thiotepa
Inluriyo,imlunestrant tosilate
Efmody,hydrocortisone
Ogivri,trastuzumab
Emblaveo,avibactam;aztreonam
Dawnzera,donidalorsen
Osqay,denosumab
Semglee,insulin glargine
Palonosetron Accord,palonosetron
Lyvdelzi (previously Seladelpar Gilead),seladelpar lysine dihydrate
Kevzara,sarilumab
Ameluz,5-aminolevulinic acid hydrochloride
Casgevy,Exagamglogene autotemcel
Klisyri,tirbanibulin
Nuvaxovid,SARS CoV-2 (Original) recombinant spike protein;SARS-CoV-2 (Omicron XBB.1.5) recombinant spike protein
Uptravi,selexipag
Kigabeq,vigabatrin
Adzynma,rADAMTS13
Enrylaze,crisantaspase
Soliris,Eculizumab
Fulphila,pegfilgrastim
Hulio,adalimumab
Orladeyo,berotralstat dihydrochloride
Zemcelpro,"allogeneic umbilical cord-derived CD34- cells, non-expanded;dorocubicel"
Pluvicto,lutetium (177Lu) vipivotide tetraxetan
Epysqli,Eculizumab
Wezenla,ustekinumab
Cejemly,sugemalimab
Inflectra,infliximab
Bronchitol,mannitol
Trecondi,treosulfan
Imbruvica,Ibrutinib
Usrenty,ustekinumab
Lunsumio,mosunetuzumab
Pregabalin Zentiva,pregabalin
Dovato,dolutegravir sodium;lamivudine
Luxturna,voretigene neparvovec
Yesintek,ustekinumab
Hefiya,adalimumab
Ibuprofen Gen.Orph,Ibuprofen
Enspryng,satralizumab
Emepax,maropitant
"Vantavo (previously Alendronate sodium and colecalciferol, MSD)",alendronic acid;colecalciferol
Palforzia,"defatted powder of Arachis hypogaea L., semen (peanuts)"
Infanrix Hexa,"Diphtheria toxoid;tetanus toxoid;Bordetella pertussis antigens (pertussis toxoid, filamentous haemagglutinin, pertactin);hepatitis B surface antigen;poliovirus (inactivated) (type-1 (Mahoney strain), type-2 (MEF-1 strain), type-3 (Saukett strain));Haemophilus influenzae type b polysaccharide"
Retsevmo,selpercatinib
Adrovance,colecalciferol;alendronic acid (as sodium trihydrate)
Jentadueto,linagliptin;metformin
Trajenta,linagliptin
Foscan,temoporfin
Fosavance,alendronic acid;colecalciferol
Kyinsu,insulin icodec;semaglutide
Kapruvia,difelikefalin
Imjudo,tremelimumab
Steglatro,ertugliflozin l-pyroglutamic acid
Sephience,sepiapterin
Romvimza,vimseltinib dihydrate
Qinlock,ripretinib
Lumark,lutetium (177Lu) chloride
HyQvia,human normal immunoglobulin
Winlevi,clascoterone
Piasky,Crovalimab
Datroway,datopotamab deruxtecan
Lytenava,bevacizumab
Zypadhera,olanzapine pamoate
Azopt,brinzolamide
Xadago,safinamide methanesulfonate
Tepkinly,epcoritamab
Bildyos,denosumab
Helicobacter Test INFAI,urea (13C)
Tuznue,trastuzumab
Cibinqo,abrocitinib
Exforge HCT,valsartan;hydrochlorothiazide;amlodipine besilate
Alymsys,bevacizumab
Dafiro HCT,valsartan;hydrochlorothiazide;amlodipine besilate
Copalia HCT,amlodipine;valsartan;hydrochlorothiazide
Rayvow,lasmiditan succinate
Insulin aspart Sanofi,insulin aspart
Azarga,brinzolamide;timolol maleate
Exjade,deferasirox
Dasatinib Accord Healthcare,Dasatinib monohydrate
Kesimpta,ofatumumab
Clopidogrel Zentiva (previously Clopidogrel Winthrop),clopidogrel
Vanflyta,quizartinib dihydrochloride
Yuvanci,macitentan;tadalafil
Lyxumia,lixisenatide
Yuflyma,adalimumab
DuoTrav,travoprost;timolol
Avzivi,bevacizumab
Tocilizumab STADA (previously Tofidence),tocilizumab
Prevenar 13,Pneumococcal polysaccharide serotype 1;Pneumococcal polysaccharide serotype 3;Pneumococcal polysaccharide serotype 4;Pneumococcal polysaccharide serotype 5;Pneumococcal polysaccharide serotype 6A;Pneumococcal polysaccharide serotype 6B;Pneumococcal polysaccharide serotype 7F;Pneumococcal polysaccharide serotype 9V;Pneumococcal polysaccharide serotype 14;Pneumococcal polysaccharide serotype 18C;Pneumococcal polysaccharide serotype 19A;Pneumococcal polysaccharide serotype 19F;Pneumococcal polysaccharide serotype 23F
Sugammadex Amomed,sugammadex sodium
Imraldi,adalimumab
Sapropterin Dipharma,sapropterin dihydrochloride
Gilenya,fingolimod hydrochloride
Trazimera,trastuzumab
GalliaPharm,gallium (68Ga) chloride;germanium (68Ge) chloride
Osvyrti,denosumab
Trisenox,arsenic trioxide
Pemetrexed Accord,pemetrexed disodium hemipentahydrate
Kineret,anakinra
Scenesse,afamelanotide
Trulicity,dulaglutide
Qdenga,"Dengue virus, serotype 2, expressing Dengue virus, serotype 1, surface proteins, live, attenuated;Dengue virus, serotype 2, expressing Dengue virus, serotype 3, surface proteins, live, attenuated;Dengue virus, serotype 2, expressing Dengue virus, serotype 4, surface proteins, live, attenuated;Dengue virus, serotype 2, live, attenuated"
Zubsolv,buprenorphine hydrochloride;naloxone hydrochloride dihydrate
INOmax,nitric oxide
Insulin lispro Sanofi,insulin lispro
Zykadia,ceritinib
Varenzin,molidustat sodium
Heplisav B,hepatitis B surface antigen
Biktarvy,bictegravir;emtricitabine;tenofovir alafenamide;fumarate
Erbitux,cetuximab
Leflunomide Zentiva (previously Leflunomide Winthrop),leflunomide
Saphnelo,anifrolumab
Pomalidomide Teva,Pomalidomide
Hukyndra,adalimumab
Koselugo,selumetinib sulfate
Abevmy,bevacizumab
Vegzelma,bevacizumab
Oyavas,bevacizumab
Aybintio,bevacizumab
Zavesca,miglustat
Herzuma,trastuzumab
Dexdor,Dexmedetomidine hydrochloride
Vpriv,velaglucerase alfa
Jaypirca,pirtobrutinib
Tadalafil Lilly,tadalafil
Cialis,tadalafil
Omvoh,mirikizumab
Forsteo,teriparatide
Emgality,Galcanezumab
Optruma,raloxifene hydrochloride
Adcirca (previously Tadalafil Lilly),tadalafil
Minjuvi,tafasitamab
Cetrotide,cetrorelix (as acetate)
Constella,linaclotide
Cimzia,certolizumab pegol
Avastin,bevacizumab
Mvasi,bevacizumab
Briviact (in Italy: Nubriveo),Brivaracetam
Wainzua,eplontersen sodium
Levetiracetam Actavis,levetiracetam
Levetiracetam Teva,levetiracetam
Levetiracetam Actavis Group,levetiracetam
Levetiracetam ratiopharm,levetiracetam
Recarbrio,imipenem monohydrate;cilastatin sodium;relebactam monohydrate
Avtozma,tocilizumab
Aspaveli,pegcetacoplan
Enurev Breezhaler,glycopyrronium bromide
Tovanor Breezhaler,glycopyrronium bromide
Seebri Breezhaler,glycopyrronium bromide
Triumeq,dolutegravir sodium;lamivudine;abacavir (as sulfate)
Kisqali,ribociclib succinate
Zegalogue,dasiglucagon hydrochloride
Tevimbra,tislelizumab
Ronapreve,casirivimab;imdevimab
Austedo,deutetrabenazine
Nexviadyme,avalglucosidase alfa
Travatan,travoprost
Simbrinza,brinzolamide;brimonidine tartrate
Nevanac,nepafenac
Elahere,mirvetuximab soravtansine
Aripiprazole Mylan Pharma (previously Aripiprazole Pharmathen),aripiprazole
Vyvgart,efgartigimod alfa
Ontruzant,trastuzumab
Opatanol,olopatadine hydrochloride
Erivedge,vismodegib
Bavencio,avelumab
Lacosamide Adroiq,lacosamide
Lyumjev (previously Liumjev),insulin lispro
Liprolog,insulin lispro
Humalog,insulin lispro
Abasaglar (previously Abasria),insulin glargine
Abraxane,paclitaxel
Ponlimsi,denosumab
Veyvondi,vonicog alfa
Nyvepria,pegfilgrastim
Libtayo,cemiplimab
Imnovid (previously Pomalidomide Celgene),Pomalidomide
Hycamtin,topotecan
Odomzo,sonidegib diphosphate
Aflunov,influenza virus surface antigens (haemagglutinin and neuraminidase) of strain: A/turkey/Turkey/1/05 (H5N1)-like strain (NIBRG-23)
Daptomycin Hospira,daptomycin
Degevma,denosumab
Abiraterone Mylan,abiraterone acetate
Xenpozyme,olipudase alfa
Effentora,fentanyl
Brintellix,vortioxetine
Opuviz,aflibercept
Relistor,methylnaltrexone bromide
Zercepac,trastuzumab
Skyrizi,risankizumab
Tagrisso,osimertinib mesilate
Ziagen,abacavir
Trizivir,abacavir (as sulfate);lamivudine;zidovudine
Kivexa,abacavir;lamivudine
Aprovel,irbesartan
Rystiggo,rozanolixizumab
Namuscla,Mexiletine hydrochloride
Sugammadex Adroiq,sugammadex sodium
Ervebo,"recombinant vesicular stomatitis virus (strain indiana) with a deletion of the envelope glycoprotein, replaced with the zaire ebolavirus (strain kikwit 1995) surface glycoprotein"
Elrexfio,elranatamab
Intuniv,guanfacine hydrochloride
Alimta,pemetrexed
Irbesartan Hydrochlorothiazide Zentiva (previously Irbesartan Hydrochlorothiazide Winthrop),irbesartan;hydrochlorothiazide
Xospata,gilteritinib fumarate
Karvea,irbesartan
Tauvid,Flortaucipir (18F)
Cyramza,ramucirumab
Amyvid,florbetapir (18F)
Abiraterone Krka,abiraterone acetate
Victoza,liraglutide
Ifirmacombi,irbesartan;hydrochlorothiazide
Irbesartan/Hydrochlorothiazide Teva,irbesartan;hydrochlorothiazide
Rivastigmine 1 A Pharma,rivastigmine
Rivastigmine Hexal,rivastigmine
Rivastigmine Sandoz,rivastigmine
Pemetrexed Pfizer (previously Pemetrexed Hospira),pemetrexed disodium;pemetrexed disodium hemipentahydrate
Verkazia,ciclosporin
Ikervis,ciclosporin
Rhokiinsa,netarsudil
Bekemv,Eculizumab
Blincyto,blinatumomab
Roctavian,valoctocogene roxaparvovec
Zvogra,denosumab
Abiraterone Accord,abiraterone acetate
Stoboclo,denosumab
Rydapt,Midostaurin
Aranesp,darbepoetin alfa
Welireg,belzutifan
Mavenclad,cladribine
Inrebic,fedratinib dihydrochloride monohydrate
GalenVita,germanium (68Ge) chloride;gallium (68Ga) chloride
Voydeya,danicopan
Entresto,sacubitril;valsartan
Neparvis,sacubitril;valsartan
Celsentri,maraviroc
Hetronifly,serplulimab
Bosulif,bosutinib (as monohydrate)
Abilify,aripiprazole
Xeljanz,tofacitinib
Usymro,ustekinumab
Bilprevda,denosumab
Tolvaptan Accord,tolvaptan
Onureg,azacitidine
Praluent,alirocumab
Ayvakyt,avapritinib
Nurzigma,pridopidine hydrochloride
Tysabri,natalizumab
Harvoni,ledipasvir;sofosbuvir
Sovaldi,sofosbuvir
Rimmyrah,ranibizumab
Ecovaxxin MS,"Mycoplasma synoviae, strain K588A, Live"
Reagila,cariprazine hydrochloride
Xalkori,crizotinib
Cancidas (previously Caspofungin MSD),caspofungin (as acetate)
Wayrilz,rilzabrutinib
Cabazitaxel Accord,cabazitaxel
Olanzapine Viatris (previously Olanzapine Mylan),olanzapine
Norvir,ritonavir
Vaxxinact H5,"Avian influenza virus, subtype H5, haemagglutinin (recombinant)"
Voraxaze,glucarpidase
Kuvan,sapropterin dihydrochloride
Obodence,denosumab
Tyverb,lapatinib
Imlygic,talimogene laherparepvec
Ofev,nintedanib
Spedra,avanafil
Vabysmo,Faricimab
Veklury,remdesivir
Vaxneuvance,pneumococcal polysaccharide conjugate vaccine (adsorbed)
Voriconazole Hikma (previously Voriconazole Hospira),voriconazole
Levetiracetam Sun,levetiracetam
Jalra,vildagliptin
Junod,denosumab
Telzir,fosamprenavir calcium
Granupas (previously Para-aminosalicylic acid Lucane),para-aminosalicylic acid
Xiliarx,vildagliptin
Tasigna,nilotinib
Fabhalta,iptacopan hydrochloride monohydrate
Attrogy,diflunisal
Replagal,agalsidase alfa
Tuzulby,methylphenidate hydrochloride
Leflunomide medac,leflunomide
Yargesa,miglustat
Simulect,basiliximab
Macitentan AccordPharma,macitentan
Methylthioninium chloride Proveblue,methylthioninium chloride
Ruconest,recombinant human C1-inhibitor
Altuvoct,Efanesoctocog alfa
Pirfenidone Viatris,Pirfenidone
Macitentan Accord,macitentan
Puregon,follitropin beta
Fetcroja,cefiderocol sulfate tosilate
RotaTeq,rotavirus serotype G1;rotavirus serotype G2;rotavirus serotype G3;rotavirus serotype G4;rotavirus serotype P1
Orgalutran,ganirelix
Absimky,ustekinumab
Cosentyx,secukinumab
Leflunomide ratiopharm,leflunomide
Mepact,mifamurtide
Azacitidine Kabi,azacitidine
Breyanzi,lisocabtagene maraleucel
Invokana,canagliflozin
Ziihera,zanidatamab
Trumenba,Neisseria meningitidis serogroup B fHbp (recombinant lipidated fHbp (factor H binding protein)) subfamily A; Neisseria meningitidis serogroup B fHbp (recombinant lipidated fHbp (factor H binding protein)) subfamily B
Lucentis,ranibizumab
"Adjupanrix (previously Pandemic influenza vaccine (H5N1) (split virion, inactivated, adjuvanted) GlaxoSmithKline Biologicals)","split influenza virus, inactivated, containing antigen: A/VietNam/1194/2004 (H5N1) like strain used (NIBRG-14)"
Rapiscan,regadenoson
Rivaroxaban Koanaa,rivaroxaban
Ngenla,somatrogon
Matever,levetiracetam
Seffalair Spiromax,fluticasone propionate;salmeterol xinafoate
Omforro,Midazolam Hydrochloride
Erelzi,etanercept
Ventavis,iloprost
Cyanokit,hydroxocobalamin
Cholib,fenofibrate;simvastatin
Libmeldy,atidarsagene autotemcel
Coagadex,human coagulation factor X
Remicade,infliximab
Repatha,Evolocumab
Levetiracetam Hospira,levetiracetam
Clopidogrel Viatris (previously Clopidogrel Taw Pharma),clopidogrel besilate
Synagis,palivizumab
Azacitidine Mylan,azacitidine
Imaavy,nipocalimab
Prevymis,Letermovir
Tobi Podhaler,tobramycin
Afstyla,lonoctocog alfa
Pifeltro,doravirine
Hyrimoz,adalimumab
Aimovig,erenumab
Livogiva,teriparatide
Kovaltry,octocog alfa
Eydenzelt,aflibercept
Sirolimus TriviumVet,sirolimus
Rizmoic,naldemedine tosilate
Carbaglu,carglumic acid
Inbrija,levodopa
Anzupgo,Delgocitinib
Kimmtrak,tebentafusp
Levetiracetam Accord,levetiracetam
Dacogen,decitabine
Aubagio,teriflunomide
Eviplera,emtricitabine;rilpivirine hydrochloride;tenofovir disoproxil fumarate
Abecma,idecabtagene vicleucel
Caprelsa,vandetanib
Neulasta,pegfilgrastim
Symkevi,tezacaftor;ivacaftor
Xermelo,telotristat etiprate
Filspari,sparsentan
Lyfnua,gefapixant
Eucreas,vildagliptin;metformin hydrochloride
Ravicti,glycerol phenylbutyrate
Adynovi,rurioctocog alfa pegol
Icandra (previously Vildagliptin / metformin hydrochloride Novartis),vildagliptin;metformin hydrochloride
Zomarist,vildagliptin;metformin hydrochloride
Firocoxib CP-Pharma,firocoxib
Jivi,Damoctocog alfa pegol
Sogroya,somapacitan
Dengvaxia,"chimeric yellow fever dengue virus serotype 1 (live, attenuated);chimeric yellow fever dengue virus serotype 2 (live, attenuated);chimeric yellow fever dengue virus serotype 3 (live, attenuated);chimeric yellow fever dengue virus serotype 4 (live, attenuated)"
Paxlovid,nirmatrelvir;ritonavir
Brinsupri,Brensocatib monohydrate
Tuzodi,Midazolam Hydrochloride
Hetlioz,tasimelteon
Sunitinib Accord,sunitinib
Tryngolza,olezarsen sodium
Baraclude,Entecavir
Delstrigo,doravirine;lamivudine;tenofovir disoproxil fumarate
Incellipan,"Influenza virus A/turkey/Turkey/1/2005 (H5N1) NIBRG-23 strain, HA surface antigen"
NexoBrid,proteolytic enzymes enriched in bromelain
Enhertu,trastuzumab deruxtecan
Adempas,riociguat
Protopic,tacrolimus
Oczyesa,octreotide hydrochloride
Ontozry,cenobamate
Kaletra,lopinavir;ritonavir
Pregabalin Sandoz,pregabalin
Izamby,denosumab
Krazati,adagrasib
Upstaza,Eladocagene exuparvovec
Rasagiline Viatris (previously Rasagiline Mylan),rasagiline tartrate
Benepali,etanercept
Xelevia,sitagliptin
Cerezyme,imiglucerase
Velmetia,sitagliptin;metformin hydrochloride
Zinplava,Bezlotoxumab
Efficib,sitagliptin;metformin hydrochloride
Tesavel,sitagliptin
Kyprolis,carfilzomib
Hemosyvet,Etamsylate
Atropine sulfate FGK,atropine sulfate
Byfavo,remimazolam besilate
Talvey,talquetamab
Memantine Mylan,memantine hydrochloride
Fingolimod Mylan,Fingolimod
Rinvoq,upadacitinib
Rolcya,denosumab
Jubbonti,denosumab
Librela,bedinvetmab
Lenivia,izenivetmab
Metalyse,tenecteplase
Lynkuet,elinzanetant
Rubraca,rucaparib camsylate
Celdoxome pegylated liposomal,doxorubicin hydrochloride
Qarziba (previously Dinutuximab beta EUSA and Dinutuximab beta Apeiron),Dinutuximab beta
Zejula,niraparib (tosilate monohydrate)
Hydrocortisone Aguettant,hydrocortisone
Refixia,nonacog beta pegol
Vaxxitek HVT+IBD+H5,"Turkey herpesvirus, strain rHVT-IBD-H5 (cell-associated), expressing the VP2 protein gene of Infectious bursal disease virus and haemagglutinin gene of Avian influenza virus subtype H5, live"
Tukysa,tucatinib
Accofil,filgrastim
Zynlonta,loncastuximab tesirine
Pedea,Ibuprofen
Brukinsa,zanubrutinib
Sirturo,bedaquiline fumarate
Lupkynis,voclosporin
Reblozyl,Luspatercept
Hizentra,human normal immunoglobulin (SCIg)
Denbrayce,denosumab
Ebvallo,tabelecleucel
Steglujan,ertugliflozin l-pyroglutamic acid;sitagliptin phosphate monohydrate
Segluromet,ertugliflozin l-pyroglutamic acid;metformin hydrochloride
Invanz,ertapenem sodium
Obizur,susoctocog alfa
Yervoy,Ipilimumab
Pyzchiva,ustekinumab
Eiyzey,aflibercept
Yselty,linzagolix choline
Afinitor,everolimus
Votubia,everolimus
Maviret,glecaprevir;pibrentasvir
Xydalba,dalbavancin hydrochloride
Atectura Breezhaler,indacaterol acetate;mometasone furoate
Enerzair Breezhaler,indacaterol;glycopyrronium bromide;mometasone
Gobivaz,golimumab
Dafiro,amlodipine;valsartan
Copalia,valsartan;amlodipine (as amlodipine besilate)
Exforge,valsartan;amlodipine (as amlodipine besilate)
Synjardy,empagliflozin;metformin
Descovy,emtricitabine;tenofovir alafenamide
Viread,tenofovir disoproxil fumarate
Hirobriz Breezhaler,indacaterol maleate
Oslif Breezhaler,indacaterol maleate
Onbrez Breezhaler,indacaterol maleate
Efavirenz/Emtricitabine/Tenofovir disoproxil Mylan,efavirenz;emtricitabine;tenofovir disoproxil maleate
Prevenar 20 (previously Apexxnar),Pneumococcal polysaccharide serotype 1;Pneumococcal polysaccharide serotype 3;Pneumococcal polysaccharide serotype 4;Pneumococcal polysaccharide serotype 5;Pneumococcal polysaccharide serotype 6A;Pneumococcal polysaccharide serotype 6B;Pneumococcal polysaccharide serotype 7F;Pneumococcal polysaccharide serotype 8;Pneumococcal polysaccharide serotype 9V;Pneumococcal polysaccharide serotype 10A;Pneumococcal polysaccharide serotype 11A;pneumococcal polysaccharide serotype 12F;Pneumococcal polysaccharide serotype 14;Pneumococcal polysaccharide serotype 15b;Pneumococcal polysaccharide serotype 18C;Pneumococcal polysaccharide serotype 19A;Pneumococcal polysaccharide serotype 19F;Pneumococcal polysaccharide serotype 22F;Pneumococcal polysaccharide serotype 23F;Pneumococcal polysaccharide serotype 33F
Truvada,emtricitabine;tenofovir disoproxil fumarate
Omlyclo,omalizumab
Voxzogo,vosoritide
Ozawade,pitolisant
Ristfor,sitagliptin;metformin hydrochloride
Awiqli,insulin icodec
Isentress,raltegravir
Ivabradine Anpharm,ivabradine
Corlentor,ivabradine hydrochloride
Procoralan,ivabradine hydrochloride
Imreplys,sargramostim
Anagrelide Viatris (previously Anagrelide Mylan),anagrelide hydrochloride
Ondexxya,andexanet alfa
Ranivisio,ranibizumab
Epruvy (previously Ranibizumab Midas),ranibizumab
Kizfizo,temozolomide
Ohtuvayre,ensifentrine
Insulin Aspart Injection,insulin aspart
Enzalutamide Accordpharma,enzalutamide
Juluca,dolutegravir sodium;rilpivirine hydrochloride
Tivicay,dolutegravir
Zavicefta,avibactam sodium;ceftazidime pentahydrate
Mekinist,trametinib
Sitagliptin / Metformin hydrochloride Accord,metformin hydrochloride;sitagliptin hydrochloride monohydrate
Efient,prasugrel
Janumet,sitagliptin;metformin hydrochloride
Lutathera,lutetium (177Lu) oxodotreotide
Eyluxvi,aflibercept
Glivec,imatinib
Datopotamab deruxtecan Daiichi Sankyo,datopotamab deruxtecan
Slenyto,melatonin
Jakavi,ruxolitinib phosphate
Tecovirimat SIGA,tecovirimat
Sitagliptin SUN,sitagliptin fumarate
Flixabi,infliximab
Dectova,zanamivir
Rezdiffra,resmetirom
HBVaxPro,"hepatitis B, recombinant surface antigen"
Baiama,aflibercept
Ahzantive,aflibercept
Cubicin,daptomycin
Zepatier,elbasvir;grazoprevir
Bridion,sugammadex
Temodal,temozolomide
Quadramet,samarium (153Sm) lexidronam pentasodium
Duavive,oestrogens conjugated;bazedoxifene
Lenalidomide Mylan,lenalidomide
Kymriah,tisagenlecleucel
Xoanacyl,ferric citrate coordination complex
Pregabalin Viatris Pharma (previously Pregabalin Pfizer),pregabalin
Pegasys,peginterferon alfa-2a
Beyonttra,acoramidis hydrochloride
Portela,relfovetmab
Mektovi,binimetinib
Braftovi,Encorafenib
Ivemend,fosaprepitant
Rekambys,rilpivirine
Piqray,alpelisib
Vgenfli,aflibercept
Bravecto TriUNO,fluralaner;moxidectin;pyrantel
Spexotras,trametinib dimethyl sulfoxide
Myalepta,Metreleptin
Zurzuvae,zuranolone
Januvia,sitagliptin
Syfovre,
Elonva,corifollitropin alfa
Teysuno,tegafur;gimeracil;oteracil
Ristaben,sitagliptin
Orkambi,Lumacaftor;ivacaftor
M-M-RVaxPro,"measles virus Enders’ Edmonston strain (live, attenuated);mumps virus Jeryl Lynn (level B) strain (live, attenuated);rubella virus Wistar RA 27/3 strain (live, attenuated)"
Vocabria,cabotegavir sodium;cabotegravir
Zimbus Breezhaler,glycopyrronium bromide;Indacaterol (acetate);mometasone furoate
Lytgobi,Futibatinib
Rybrevant,amivantamab
Phesgo,pertuzumab;trastuzumab
Votrient,pazopanib
Abilify Maintena,aripiprazole
Multaq,dronedarone
Fanskya,mozafancogene autotemcel
Lemtrada,alemtuzumab
Elzonris,tagraxofusp
Emend,aprepitant
Venclyxto,venetoclax
Ozurdex,dexamethasone
Columvi,Glofitamab
Siiltibcy,Mycobacterium tuberculosis derived antigens (rdESAT‑6 and rCFP‑10)
Amtagvi,lifileucel
Vimizim,recombinant human n-acetylgalactosamine-6-sulfatase
Camzyos,Mavacamten
Prolia,denosumab
Tygacil,tigecycline
Livtencity,Maribavir
Insulin Human Rechon,Insulin human
Amsparity,adalimumab
Zonisamide Viatris (previously Zonisamide Mylan),zonisamide
Ultomiris,ravulizumab
Tezspire,tezepelumab
Voriconazole Accord,voriconazole
Aqumeldi,Enalapril (maleate)
Idacio,adalimumab
Gardasil,human papillomavirus type 6 L1 protein;human papillomavirus type 11 L1 protein;human papillomavirus type 16 L1 protein;human papillomavirus type 18 L1 protein
Herwenda,trastuzumab
MiPet Easecto,sarolaner
Elevidys,delandistrogene moxeparvovec
Imvanex,modified vaccinia Ankara - Bavarian Nordic (MVA-BN) virus
Diacomit,stiripentol
Polivy,polatuzumab vedotin
Avonex,interferon beta-1a
Zycortal,desoxycortone pivalate
Zulvac SBV,"inactivated Schmallenberg virus, strain BH80/11-4"
Zenalpha,medetomidine hydrochloride;vatinoxan hydrochloride
Virbagen Omega,recombinant omega interferon of feline origin
Veraflox,pradofloxacin
Vepured,recombinant Verotoxin 2e of E. coli
Vectra Felis,pyriproxyfen;dinotefuran
Vectormune FP ILT + AE,"live recombinant fowlpox virus expressing the membrane fusion protein and the encapsidation protein of avian infectious laryngotracheitis virus (rFP-LT) and avian encephalomyelitis virus, strain Calnek 1143 (AE)"
Zutectra,human hepatitis B immunoglobulin
Nplate,romiplostim
Zulvac BTV,"one of the following inactivated bluetongue virus strains:Inactivated bluetongue virus, serotype 1, strain BTV-1/ALG2006/01 E1Inactivated bluetongue virus, serotype 8, strain BTV-8/BEL2006/02Inactivated bluetongue virus, serotype 4, strain SPA-1/2004"
Zulvac 1+8 Ovis,"inactivated bluetongue virus, serotype 1, strain BTV-1/ALG2006/01;inactivated bluetongue virus, serotype 8, strain btv-8/bel2006/02"
Zulvac 1+8 Bovis,"inactivated bluetongue virus, serotype 1, strain BTV-1/ALG2006/01 E1 RP;inactivated bluetongue virus, serotype 8, strain btv-8/bel2006/02"
Zulvac 8 Ovis,"inactivated bluetongue virus, serotype 8, strain btv-8/bel2006/02"
VarroMed,oxalic acid dihydrate;formic acid
UpCard,torasemide anhydrous
Ultifend ND IBD,"turkey herpes virus, strain rHVT/ND/IBD, expressing the fusion protein of Newcastle disease virus and the VP2 protein of infectious bursal disease virus, live recombinant"
Suvaxyn Circo,"porcine circovirus vaccine (inactivated, recombinant)"
Suvaxyn Circo+MH RTU,"inactivated recombinant chimeric porcine circovirus type 1 containing the porcine circovirus type 2 ORF2 protein;Inactivated Mycoplasma hyopneumoniae, strain P-5722-3"
Suiseng Diff/A,"Clostridioides difficile toxoid A;Clostridioides difficile toxoid B;Clostridium perfringens, type A, alpha toxoid"
Stelfonta,tigilanol tiglate
Sevohale (previously Sevocalm),sevoflurane
Sedadex,Dexmedetomidine hydrochloride
Rabitec,"attenuated live rabies vaccine virus, strain SPBN GASGAS"
Bortezomib Sun,bortezomib
Ubac,"Lipoteichoic acid from Biofilm Adhesion Component of Streptococcus uberis, strain 5616"
Tulissin,tulathromycin
Tulinovet,tulathromycin
Tulaven,tulathromycin
Menveo,"meningococcal group A, C, W-135 and Y conjugate vaccine"
Rabigen SAG2,"live attenuated rabies virus, SAG2 strain"
Rhiniseng,"inactivated Bordetella bronchiseptica, strain 833CER;recombinant type-D Pasteurella-multocida toxin"
Rexxolide,tulathromycin
Respiporc FLUpan H1N1,"Influenza A virus/human strain: A/Jena/VI5258/2009 (H1N1)pdm09, inactivated"
Arikayce liposomal,amikacin sulfate
Quadrisol,vedaprofen
Okedi,risperidone
Respiporc Flu3,inactivated influenza-A virus / swine
ReproCyc ParvoFLEX,"Porcine parvovirus, strain 27a, viral protein 2"
Reconcile,fluoxetine
ProZinc,Insulin human
Evusheld,tixagevimab;cilgavimab
Profender,emodepside;praziquantel
Procox,emodepside;toltrazuril
Prevomax,maropitant
Oxlumo,Lumasiran sodium
Mycamine,micafungin
Prac-tic,pyriprole
Posatex,orbifloxacin;mometasone furoate;posaconazole
Teriparatide Sun,teriparatide
Novem,meloxicam
Oncept IL-2,"Canarypox virus, strain vCP1338, expressing feline interleukin-2 gene, Live"
Osurnia,betamethasone acetate;terbinafine;florfenicol
Nobilis IB Primo QX,"live avian infectious bronchitis virus, strain D388"
Nobivac Bb,live Bordetella bronchiseptica bacteria strain B-C2
Novaquin,meloxicam
Porcilis Porcoli Diluvac Forte (previously Porcilis Porcoli),F4ab (K88ab) fimbrial adhesin;F4ac (K88ac) fimbrial adhesin;F5 (K99) fimbrial adhesin;F6 (987P) fimbrial adhesin;LT toxoid
Porcilis AR-T DF,protein dO (non-toxic deletion derivative of Pasteurella multocida dermonecrotic toxin);inactivated Bordetella bronchiseptica cells
Melosus,meloxicam
Meloxidolor,meloxicam
Meloxidyl,meloxicam
Pexion,imepitoin
Loxicom,meloxicam
Lydaxx,tulathromycin
Masivet,Masitinib mesilate
Fulvestrant Mylan,fulvestrant
Nasym,"live attenuated bovine respiratory syncytial virus (BRSV), strain Lym-56"
MS-H Vaccine,Mycoplasma synoviae strain MS-H
Mirataz,mirtazapine
Adasuve,loxapine
Memantine Accord,memantine hydrochloride
Neptra,florfenicol;terbinafine hydrochloride;mometasone furoate
OvuGel,triptorelin acetate
Oxyglobin,haemoglobin glutamer-200 (bovine)
Zadenvi,denosumab
Locatim (previously Serinucoli),Bovine concentrated lactoserum containing specific immunoglobulins G against E. coli F5 (K99) adhesin
Letifend,recombinant protein Q from Leishmania infantum MON-1
Kriptazen,halofuginone
Ingelvac CircoFLEX,porcine circovirus type 2 ORF2 protein
Azacitidine Accord,azacitidine
Inflacam,meloxicam
Briumvi,ublituximab
Tecvayli,teclistamab
Isemid,torasemide
Ekterly,sebetralstat
Bemrist Breezhaler,indacaterol;mometasone furoate
Selincro,nalmefene hydrochloride dihydrate
Benlysta,belimumab
Halocur,halofuginone
Galliprant,grapiprant
Halagon,
Aplidin,plitidepsin
Rixathon,rituximab
Capvaxive,"pneumococcal polysaccharide serotype 3, 6A, 7F, 8, 9N, 10A, 11A, 12F, 15A, 15B de-O-acetylated, 16F, 17F, 19A, 20A, 22F, 23A, 23B, 24F, 31, 33F and 35B conjugated to CRM197 carrier protein"
Tyenne,tocilizumab
Takhzyro,lanadelumab
Nidlegy,bifikafusp alfa;onfekafusp alfa
Farydak,panobinostat lactate anhydrous
Deferasirox Accord,deferasirox
Sitagliptin / Metformin hydrochloride Mylan,sitagliptin hydrochloride monohydrate;metformin hydrochloride
Maapliv,"glycine,L-alanine,L-arginine,L-aspartic acid,L-cysteine hydrochloride monohydrate,L-histidine,L-methionine,L-phenylalanine,L-proline,L-serine,L-threonine,L-tryptophan,L-tyrosine,L-glutamic acid,L-lysine monohydrate,taurine"
Jevtana,cabazitaxel
Riltrava Aerosphere,Budesonide;formoterol fumarate dihydrate;glycopyrronium bromide
Orgovyx,relugolix
Hexyon,"filamentous haemagglutinin;Haemophilus influenzae type B polysaccharide (polyribosylribitol phosphate);hepatitis B surface antigen;pertussis toxoid;poliovirus (inactivated) type 1 (Mahoney strain) produced on Vero cells;poliovirus (inactivated) type 2 (MEF-1 strain) produced on Vero cells;poliovirus (inactivated) type 3 (Saukett strain) produced on Vero cells;tetanus protein;tetanus toxoid adsorbed on aluminium hydroxide, hydrated;Diphtheria toxoid"
Hexacima,hepatitis B surface antigen;Diphtheria toxoid;Bordetella pertussis antigens Pertussis Toxoid Filamentous Haemagglutinin;poliovirus (inactivated) type 1 (Mahoney) type 2 (MEF-1) type 3 (Saukett);Haemophilus influenzae type b polysaccharide (Polyribosylribitol Phosphate) conjugated to Tetanus protein;tetanus toxoid
Deferasirox Mylan,deferasirox
Zefylti,filgrastim
Truxima,rituximab
Empliciti,Elotuzumab
ellaOne,ulipristal
Blitzima,rituximab
Ibandronic acid Accord,ibandronic acid
Tigecycline Accord,tigecycline
Prasugrel Viatris (previously Prasugrel Mylan),prasugrel besilate
Grastofil,filgrastim
Alhemo,concizumab
Zoledronic acid Teva,zoledronic acid
Equilis EHV 1+4,"equine herpesvirus 1, strain RAC-H and equine herpesvirus 4, strain 2252"
Xaluprine (previously Mercaptopurine Nova Laboratories),6-mercaptopurine monohydrate
Karvezide,irbesartan;hydrochlorothiazide
CoAprovel,irbesartan;hydrochlorothiazide
Padcev,Enfortumab vedotin
ProQuad,"virus, live attenuated, measles, virus, live attenuated, mumps, virus, live attenuated, rubella, virus, live attenuated, varicella"
Riulvy,tegomil fumarate
Ixchiq,"Chikungunya virus, strain CHIKV LR2006-OPY1, live attenuated"
Vaxchora,"vibrio cholerae, strain cvd 103-hgr, live"
Olanzapine Apotex,olanzapine
Calquence,acalabrutinib;acalabrutinib maleate
Ordspono,odronextamab
Trixeo Aerosphere,formoterol fumarate dihydrate;glycopyrronium bromide;Budesonide
Zonegran,zonisamide
Ogluo,Glucagon
Viagra,sildenafil
Revatio,sildenafil
Bomyntra,denosumab
Mylotarg,gemtuzumab ozogamicin
Besponsa,Inotuzumab ozogamicin
Baqsimi,Glucagon
Emselex,darifenacin hydrobromide
Thalidomide Lipomed,thalidomide
Locametz,gozetotide
Velsipity,Etrasimod arginine
Axitinib Accord,axitinib
Champix,varenicline
Nilotinib Accord,nilotinib
Rukobia,fostemsavir trometamol
Ryjunea,atropine sulfate
Spravato,esketamine hydrochloride
Hemlibra,emicizumab
Tasmar,tolcapone
Zinforo,ceftaroline fosamil
Revlimid,lenalidomide
Ecalta,anidulafungin
Equisolon,prednisolone
Equioxx,firocoxib
Equilis West Nile,inactivated chimaeric flavivirus strain YF-WN
Fungitraxx,Itraconazole
Fortekor Plus,benazepril hydrochloride;pimobendan
Felpreva,emodepside;praziquantel;tigolaner
Fatrovax RHD,rabbit hemorrhagic disease virus 2 VP1AB;rabbit hemorrhagic disease virus VP1A
Evant,"Eimeria maxima, strain 013;Eimeria mitis, strain 006;Eimeria praecox, strain 007;Eimeria tenella, strain 004"
Evalon,vaccine against coccidiosis in chickens
Eurican Herpes 205,Canine herpesvirus (F205 strain) antigens
Eryseng,"Erysipelothrix rhusiopathiae, strain R32E11 (inactivated)"
Eryseng Parvo,"porcine parvovirus, strain NADL-2 and Erysipelothrix rhusiopathiae, strain R32E11 (inactivated)"
Procysbi,mercaptamine bitartrate
Eksunbi,ustekinumab
Yaxwer,denosumab
Sunosi,solriamfetol hydrochloride
Equilis StrepE,live deletion-mutant Streptococcus equi strain TW928
Enteroporc Coli AC,inactivated fimbrial adhesins of Escherichia coli;clostridium perfringens type A/C toxoids
Emdocam,meloxicam
Econor,valnemulin
Easotic,gentamicin sulfate;hydrocortisone aceponate;miconazole nitrate
Draxxin,tulathromycin
Cortavance,hydrocortisone aceponate
Contacera,meloxicam
Coliprotec F4/F18,Live non-pathogenic Escherichia coli O141:K94 (F18ac) and O8:K87 (F4ac)
Clynav,pUK-SPDV-poly2#1 DNA plasmid coding for salmon pancreas disease virus proteins
Clomicalm,clomipramine hydrochloride
Eurartesim,piperaquine tetraphosphate;artenimol
Clevor,ropinirole hydrochloride
Chanhold,selamectin
Baycox Iron,Iron(iii) ion;toltrazuril
Lokelma,sodium zirconium cyclosilicate
Ebilfumin,oseltamivir
Syvazul BTV,"Inactivated bluetongue virus, serotype 1, strain ALG2006/01 E1;Inactivated bluetongue virus, serotype 4, strain BTV-4/SPA-1/2004;Inactivated bluetongue virus, serotype 8, strain BEL2006/01"
Syvazul BTV 3,"bluetongue virus, serotype 3, BTV-3/NET2023, inactivated"
Daxocox,enflicoxib
Nobivac LeuFel,purified Rp-45 FeLV-envelope antigen
Nobivac Myxo-RHD Plus,Live myxoma vectored RHD virus strain 009;Live myxoma vectored RHD virus strain MK1899
Leucogen,purified p45 FeLV-envelope antigen
Eravac,"inactivated rabbit haemorrhagic disease type 2 virus (RHDV2), strainV-1037"
Startvac,"Escherichia coli J5 inactivated;staphylococcus aureus (CP8) strain SP 140 inactivated, expressing slime-associated antigenic complex"
Suvaxyn CSF Marker,Live Recombinant E2 gene-deleted bovine viral diarrhoea virus containing classical swine fever virus E2 gene (CP7_E2alf)
NexGard,afoxolaner
Nexgard Spectra,afoxolaner;milbemycin oxime
Fluralaner Intervet,fluralaner
Innovax-ND-IBD-ILT,"turkey herpesvirus strain HVT/ND/IBD/ILT (cell-associated), expressing the fusion protein gene of Newcastle disease virus, the VP2 protein gene of infectious bursal disease virus and the glycoproteins gD and gI genes of infectious laryngotracheitis virus, live"
Nobilis Multriva Gm+REOm,"inactivated avian reovirus strain ARV-1;inactivated avian reovirus strain ARV-4;inactivated infectious bursal disease virus, strain 89/03;Inactivated infectious bursal disease virus, strain GB02"
Nobilis Multriva IBm+ND,"inactivated avian infectious bronchitis virus, type Massachusetts, strain M41;inactivated avian infectious bronchitis virus, type 793/B, strain 4-91;Newcastle disease virus, strain Ulster, inactivated"
Bravecto CombiUNO,fluralaner;milbemycin oxime
Zenrelia,ilunocitinib
Numelvi,atinvicitinib
Jcovden (previously COVID-19 Vaccine Janssen),adenovirus type 26 encoding the SARS-CoV-2 spike glycoprotein (Ad26.COV2-S)
Nintedanib Accord,nintedanib
Talzenna,talazoparib
Nubeqa,darolutamide
Rivaroxaban Accord,rivaroxaban
Zolgensma,onasemnogene abeparvovec
Sarclisa,Isatuximab
Tabrecta,capmatinib dihydrochloride monohydrate
Laventair Ellipta (previously Laventair),umeclidinium bromide;vilanterol
Kyntheum,brodalumab
Betmiga,Mirabegron
Pregabalin Accord,pregabalin
Felisecto Plus,selamectin;sarolaner
Iscover,clopidogrel
Dimethyl fumarate Accord,dimethyl fumarate
Galafold,migalastat hydrochloride
Vimkunya,"Chikungunya virus (CHIKV) virus-like particle (VLP) proteins (capsid protein (C) and envelope proteins E1 and E2) derived from CHIKV Senegal strain 37997 produced in human embryonic kidney cells by recombinant DNA technology, adsorbed on aluminium hydroxide, hydrated"
Ninlaro,ixazomib citrate
Trodelvy,sacituzumab govitecan
Fampyra,Fampridine
Esmya,ulipristal acetate
Raxone,idebenone
Aucatzyl,obecabtagene autoleucel
Fluenz Tetra,"A/Darwin/9/2021 (H3N2) - like strain (A/Norway/16606/2021, MEDI 355293) / A/Victoria/2570/2019 (H1N1)pdm09 - like strain (A/Victoria/1/2020, MEDI 340505) / B/Austria/1359417/2021 - like strain (B/Austria/1359417/2021, MEDI 355292) / B/Phuket/3073/2013 - like strain (B/Phuket/3073/2013, MEDI 306444)"
Sixmo,buprenorphine hydrochloride
Amvuttra,vutrisiran sodium
Exparel liposomal,bupivacaine
Stribild,elvitegravir;cobicistat;emtricitabine;tenofovir disoproxil fumarate
Wyost,denosumab
Instanyl,Fentanyl citrate
Chenodeoxycholic acid Leadiant (previously Chenodeoxycholic acid sigma-tau),chenodeoxycholic acid
Enbrel,etanercept
Dyrupeg,pegfilgrastim
Targretin,bexarotene
Naveruclif,paclitaxel
Zometa,zoledronic acid;zoledronic acid monohydrate
Jinarc,tolvaptan
Cystadrops,mercaptamine hydrochloride
Zebinix,eslicarbazepine acetate
Riximyo,rituximab
Omnitrope,somatropin
Docetaxel Kabi,docetaxel
Kalydeco,ivacaftor
Rezolsta,darunavir;cobicistat
Bexsero,outer membrane vesicles from neisseria meningitidis group b (strain nz 98/254);recombinant Neisseria meningitidis group B fHbp fusion protein;recombinant Neisseria meningitidis group B NadA protein;recombinant Neisseria meningitidis group B NHBA fusion protein
Enjaymo,sutimlimab
Saxenda,liraglutide
Trepulmix,treprostinil sodium
Anoro Ellipta (previously Anoro),umeclidinium bromide;vilanterol trifenatate
Sugammadex Piramal,sugammadex sodium
Emevet,Maropitant citrate monohydrate
Eklira Genuair,aclidinium bromide
Duaklir Genuair,aclidinium bromide;formoterol fumarate dihydrate
Iqirvo,Elafibranor
Jubereq,denosumab
Xofigo,radium (223Ra) dichloride
Vildagliptin / Metformin hydrochloride Accord,metformin hydrochloride;vildagliptin
Ifinwil,eflornithine hydrochloride monohydrate
Xoterna Breezhaler,indacaterol;glycopyrronium bromide
Ultibro Breezhaler,indacaterol;glycopyrronium bromide
Armisarte (previously Pemetrexed Actavis),pemetrexed diacid monohydrate
Ulunar Breezhaler,glycopyrronium bromide;indacaterol maleate
Cresemba,isavuconazole
Amlodipine / Valsartan Mylan,amlodipine besilate;valsartan
Supemtek Tetra (previously Supemtek),"Influenza A virus subtype H1N1 haemagglutinin, recombinant;Influenza A virus subtype H3N2 haemagglutinin, recombinant;Influenza B virus Victoria lineage haemagglutinin, recombinant;Influenza B virus Yamagata lineage haemagglutinin, recombinant"
Incruse Ellipta (previously Incruse),umeclidinium bromide
Lynozyfic,linvoseltamab
Zyclara,imiquimod
Fampridine Accord,Fampridine
Aldara,imiquimod
Tolura,telmisartan
Cevac Reomune,"avian reovirus, strain S1133, inactivated;avian reovirus, strain 11-12523, inactivated"
Nordimet,methotrexate
Nimvastid,rivastigmine
Ivabradine Zentiva,ivabradine hydrochloride
Sugammadex Mylan,sugammadex sodium
Javlor,vinflunine
Natpar,parathyroid hormone
Pomalidomide Krka,Pomalidomide
Plavix,clopidogrel hydrogen sulfate
Ruxience,rituximab
Fluad,"A/Victoria/4897/2022 (H1N1)pdm09 like strain (A/Victoria/4897/2022, IVR-238);A/Croatia/10136RV/2023 (H3N2)-like strain (A/Croatia/10136RV/2023, X-425A);B/Austria/1359417/2021 like strain (B/Austria/1359417/2021, BVR-26)"
Fluenz,"influenza virus A/Victoria/4897/2022 (H1N1)pdm09 - like strain (A/Norway/31694/2022, MEDI 369815), A A/Croatia/10136RV/2023 (H3N2)-like strain (A/Perth/722/2024, MEDI 392611) B/Austria/1359417/2021 - like strain (B/ Austria/1359417/2021, MEDI 355292)"
Sugammadex Fresenius Kabi,sugammadex sodium
Epoetin Alfa Hexal,epoetin alfa
Binocrit,epoetin alfa
Abseamed,epoetin alfa
Kayfanda,odevixibat sesquihydrate
Filsuvez,"dry extract from birch bark (DER 5-10 : 1), extraction solvent n-heptane 95% (w/w)"
Capecitabine Teva,capecitabine
Xbryk,denosumab
Temozolomide Sun,temozolomide
Evotaz,cobicistat;atazanavir
Ituxredi,rituximab
Filgrastim Hexal,filgrastim
Zarzio,filgrastim
Obgemsa,vibegron
Holoclar,ex vivo expanded autologous human corneal epithelial cells containing stem cells
Stronghold Plus,selamectin;sarolaner
NexGard Combo,eprinomectin;esafoxolaner;praziquantel
Nobilis Multriva IBm+ND+Gm+REOm+EDS,"infectious bronchitis virus, type Massachusetts, strain M41, inactivated ;infectious bronchitis virus, type 793/B, strain 4/91, inactivated;Newcastle disease virus, strain Ulster, inactivated;Infectious bursal disease virus, strain GB02, inactivated;Infectious bursal disease virus, strain 89/03, inactivated;inactivated avian reovirus strain ARV-1;inactivated avian reovirus strain ARV-4;Eggdrop syndrome-1976 virus, strain BC14, inactivated"
Circadin,melatonin
Hyftor,sirolimus
Rilonacept FGK Representative Service GmbH,rilonacept
Orfadin,nitisinone
Neoatricon,dopamine hydrochloride;Dopamine
Cufence,trientine dihydrochloride
Idefirix,imlifidase
Busulfan Fresenius Kabi,busulfan
BroPair Spiromax,salmeterol xinafoate;fluticasone propionate
Emtricitabine/Tenofovir disoproxil Mylan,emtricitabine;tenofovir disoproxil maleate
Vyjuvek,Beremagene geperpavec
Avamys,fluticasone furoate
Tresiba,insulin degludec
Zoonotic Influenza Vaccine Seqirus,A/Astrakhan/3212/2020 (H5N8)-like strain (CBER-RG8A) (clade 2.3.4.4b)
Miglustat Dipharma,miglustat
Foclivia,"influenza virus surface antigens, inactivated: A/Viet Nam/1194/2004 (H5N1)"
Miglustat Gen.Orph,miglustat
Cotellic,cobimetinib hemifumarate
Zessly,infliximab
Grepid,clopidogrel (as besilate)
Memantine Merz,memantine hydrochloride
Yorvipath,palopegteriparatide
Axura,memantine hydrochloride
Colobreathe,Colistimethate sodium
Pazenir,paclitaxel
Zelboraf,vemurafenib
Jetrea,ocriplasmin
Aquipta,atogepant
Pergoveris,follitropin alfa;lutropin alfa
Cinryze,C1 inhibitor (human)
Phelinun,melphalan hydrochloride
TachoSil,human fibrinogen;human thrombin
Lumeblue (previously Methylthioninium chloride Cosmo),methylthioninium chloride
Rivastigmine Actavis,rivastigmine hydrogen tartrate
Biobhyo,"Brachyspira hyodysenteriae, strain AqDys057, inactivated"
Zerbaxa,ceftolozane sulfate;tazobactam sodium
Nyxoid,naloxone hydrochloride dihydrate
Zostavax,"varicella-zoster virus (live, attenuated)"
Rozlytrek,Entrectinib
Vokanamet,canagliflozin;metformin hydrochloride
Apexelsin,paclitaxel
Jyseleca,filgotinib maleate
Pelgraz Paediatric,pegfilgrastim
Beqvez (previously Durveqtix),fidanacogene elaparvovec
Ibrance,Palbociclib
Zeffix,lamivudine
Cholestagel,colesevelam (as hydrochloride)
Corbilta (previously Levodopa/Carbidopa/Entacapone Sandoz),levodopa;carbidopa;entacapone
Hepizovac,"epizootic haemorrhagic disease virus (EHDV), serotype 8, strain EHDV8 SPA 2022/LCV_03 LCV Cod.:O78"
Prazivetin,praziquantel
Prevestrus vet,finrozole
Nobilis Multriva IBm+ND+EDS,"infectious bronchitis virus, type Massachusetts, strain M41, inactivated ;infectious bronchitis virus, type 793/B, strain 4/91, inactivated;Newcastle disease virus, strain Ulster, inactivated;Eggdrop syndrome-1976 virus, strain BC14, inactivated"
Temozolomide Accord,temozolomide
Rheumocam,meloxicam
NovoRapid,insulin aspart
Xolair,omalizumab
Lacosamide Accord,lacosamide
Pemetrexed medac,pemetrexed
Privigen,human normal immunoglobulin (IVIg)
Ovaleap,follitropin alfa
Kinselby,resminostat mesilate
Cinainu,dry aqueous extract of paullinia cupana seed;dry hydroethanolic extract of theobroma cacao seed;liquid ethanolic extract 30 per cent (W/W) of Allium cepa fresh bulb and Citrus limon fresh fruit
Lacosamide UCB,lacosamide
Ovitrelle,choriogonadotropin alfa
Pedmarqsi,sodium thiosulfate
Komboglyze,metformin hydrochloride;saxagliptin hydrochloride
Teriparatide Ascend,teriparatide
Revestive,teduglutide
Nerlynx,neratinib
Conbriza,bazedoxifene
Pelgraz,pegfilgrastim
Brinavess,vernakalant hydrochloride
Vipdomet,alogliptin benzoate;metformin hydrochloride
Orencia,abatacept
Buprenorphine Neuraxpharm,buprenorphine hydrochloride
Cerdelga,Eliglustat (tartrate)
Deqsiga,human normal immunoglobulin
Riluzole Zentiva,riluzole
Rytelo,imetelstat
Faslodex,fulvestrant
Clopidogrel Krka,clopidogrel (as hydrochloride)
Zyllt,clopidogrel (as hydrogen sulfate)
Clopidogrel Krka d.d. (previously Zopya),clopidogrel (as hydrochloride)
Clopidogrel TAD,clopidogrel (as hydrochloride)
Actelsar HCT,telmisartan;hydrochlorothiazide
Xyrem,sodium oxybate
Olanzapine Teva,olanzapine
Pomalidomide Zentiva,Pomalidomide
Omjjara,Momelotinib dihydrochloride monohydrate
Givlaari,Givosiran
Tacforius,tacrolimus monohydrate
Ongentys,opicapone
Evenity,romosozumab
Vectibix,panitumumab
Daurismo,Glasdegib maleate
Urorec,silodosin
Sitagliptin / Metformin hydrochloride Sun,sitagliptin fumarate;metformin hydrochloride
Posaconazole Accord,posaconazole
Imatinib Accord,imatinib
Arsenic trioxide Mylan,arsenic trioxide
Ketoconazole Esteve (previously Ketoconazole HRA),Ketoconazole
Clopidogrel / Acetylsalicylic acid Viatris (previously Clopidogrel / Acetylsalicylic acid Mylan),acetylsalicylic acid;clopidogrel hydrogen sulfate
Ecansya (previously Capecitabine Krka),capecitabine
Capecitabine Accord,capecitabine
NeoRecormon,epoetin beta
Capecitabine Medac,capecitabine
Xeloda,capecitabine
Eptifibatide Accord,eptifibatide
Alprolix,eftrenonacog alfa
Pirsue,pirlimycin
Extavia,interferon beta-1b
Alofisel,darvadstrocel
Xenleta,lefamulin acetate
Twynsta,telmisartan;amlodipine
Alunbrig,brigatinib
Elocta,efmoroctocog alfa
Dazluma,troriluzole hydrochloride monohydrate
Regkirona,regdanvimab
Vevizye,ciclosporin
Kinzalmono (previously Telmisartan Boehringer Ingelheim Pharma KG),telmisartan
Pritor,telmisartan
Evra,norelgestromin;Ethinyl estradiol
Elaprase,idursulfase
Tamiflu,oseltamivir
Inovelon,rufinamide
Valdoxan,agomelatine
Omeprazole TriviumVet,omeprazole
Elmaro,Maropitant citrate monohydrate
Vectormune HVT-AIV,"turkey herpesvirus, strain rHVT/AI-H5 (cell-associated), expressing haemagglutinin gene of Avian influenza subtype H5, Live"
Mircera,Methoxy polyethylene glycol-epoetin beta
Prometax,rivastigmine
Skojoy,aflibercept
Cinqaero,reslizumab
Edurant,rilpivirine hydrochloride
Sialanar,glycopyrronium bromide
Moventig,naloxegol oxalate
Relvar Ellipta,fluticasone furoate;vilanterol
Competact,pioglitazone;metformin hydrochloride
Quinsair,levofloxacin
Rasagiline ratiopharm,rasagiline
Kentera (previously Oxybutynin Nicobrand),oxybutynin
Azilect,rasagiline
Ajovy,fremanezumab
MabThera,rituximab
Camcevi,leuprorelin mesilate
Litak,cladribine
Yondelis,trabectedin
Evista,raloxifene hydrochloride
Giotrif,afatinib
Ontilyv,opicapone
Nexavar,sorafenib
Rolufta Ellipta (previously Rolufta),umeclidinium bromide
Respreeza,human alpha1-proteinase inhibitor
VeraSeal,"human fibrinogen, human thrombin"
Febuxostat Krka,febuxostat
Samsca,tolvaptan
Emadine,emedastine difumarate
EndolucinBeta,lutetium (177Lu) chloride
Onpattro,patisiran sodium
Buvidal,buprenorphine
Mycapssa,octreotide acetate
Sivextro,tedizolid
Scintimun,besilesomab
Tenofovir disoproxil Zentiva,tenofovir disoproxil phosphate
Emtricitabine/Tenofovir disoproxil Zentiva,emtricitabine;tenofovir disoproxil phosphate
Efavirenz/Emtricitabine/Tenofovir disoproxil Zentiva,efavirenz;emtricitabine;tenofovir disoproxil phosphate
Riarify (previously CHF 5993 Chiesi Farmaceutici S.p.A.),formoterol fumarate dihydrate;glycopyrronium;beclometasone dipropionate
Leucofeligen FeLV/RCP,purified p45 feline leukaemia virus envelope antigen;live feline calicivirus (strain F9);live feline viral rhinotracheitis virus (strain F2);live feline panleucopenia virus
Cimalgex,cimicoxib
Cytopoint,lokivetmab
Skilarence,dimethyl fumarate
Revinty Ellipta,fluticasone furoate;vilanterol trifenatate
Prevexxion RN,"Live recombinant Marek’s disease (MD) virus, serotype 1, strain RN1250"
Mhyosphere PCV ID,"Mycoplasma hyopneumoniae, strain 7304 (Nexhyon), expressing the capsid protein of porcine circovirus type 2a, inactivated"
Porcilis PCV,porcine circovirus type 2 ORF2 subunit antigen
Silodyx,silodosin
Gencebok,Caffeine citrate
Paxneury,guanfacine hydrochloride
Andembry,garadacimab
Emcitate,tiratricol
Inaqovi,cedazuridine;decitabine
Sutent,sunitinib
Silodosin Recordati,silodosin
BeneFIX,nonacog alfa
Nobilis Multriva REOm,inactivated avian reovirus strain ARV-1;inactivated avian reovirus strain ARV-4
Equilis Prequenza,"equine influenza-virus strains: A/equine-2/South Africa/4/03, A/equine-2/Newmarket/2/93"
Equilis Te,tetanus toxoid
Equilis Prequenza Te,"equine influenza-virus strains: A/equine-2/South Africa/4/03, A/equine-2/Newmarket/2/93, tetanus toxoid"
Dynastat,parecoxib sodium
Quofenix,delafloxacin meglumine
Bluevac-3,"inactivated bluetongue virus, serotype 3"
Tarceva,erlotinib
ReFacto AF,moroctocog alfa
Toviaz,fesoterodine fumarate
Ryzodeg,insulin aspart;insulin degludec
Mirvaso,brimonidine tartrate
Nepexto,etanercept
Spherox,spheroids of human autologous matrix-associated chondrocytes
Litfulo,ritlecitinib tosilate
Modigraf,tacrolimus
Torisel,temsirolimus
Envarsus,tacrolimus
Advagraf,tacrolimus
Fasenra,Benralizumab
Somavert,pegvisomant
GeGant,gallium (68Ga) chloride;germanium (68Ge) chloride
Aripiprazole Accord,aripiprazole
Brimica Genuair,formoterol fumarate dihydrate;aclidinium bromide
Bretaris Genuair,aclidinium bromide
Poulvac Procerta HVT-IBD-ND,"Live recombinant turkey herpes virus, strain HVT-IBD-ND, expressing the VP2 protein of IBDV and the F protein of NDV"
Icthiovac ERM,inactivated vaccine against yersiniosis
Zoely,nomegestrol acetate;estradiol
Apretude,cabotegravir
Thyrogen,thyrotropin alfa
Galvus,vildagliptin
Blenrep,belantamab mafodotin
GoResp Digihaler (previously Budesonide/Formoterol Teva Pharma B.V.),Budesonide;formoterol fumarate dihydrate
Opfolda,miglustat
Bortezomib Fresenius Kabi,bortezomib
Docetaxel Accord,docetaxel
Dimethyl fumarate Neuraxpharm,dimethyl fumarate
Nimenrix,Neisseria meningitidis group A polysaccharide conjugated to tetanus toxoid;Neisseria meningitidis group C polysaccharide conjugated to tetanus toxoid;Neisseria meningitidis group W-135 polysaccharide conjugated to tetanus toxoid;Neisseria meningitidis group Y polysaccharide conjugated to tetanus toxoid
Skytrofa (previously Lonapegsomatropin Ascendis Pharma),Lonapegsomatropin
Pemetrexed Fresenius Kabi,pemetrexed
Repaglinide Teva,repaglinide
Tolfenamic acid VMD,tolfenamic acid
Vumerity,Diroximel fumarate (BIIB098)
Penbraya,Neisseria meningitidis group A polysaccharide conjugated to tetanus toxoid;Neisseria meningitidis group C polysaccharide conjugated to tetanus toxoid;Neisseria meningitidis group W polysaccharide conjugated to tetanus toxoid;Neisseria meningitidis group Y polysaccharide conjugated to tetanus toxoid;Neisseria meningitidis group B fHBP protein subfamily A;Neisseria meningitidis group B fHBP protein subfamily B
Emtricitabine/Tenofovir disoproxil Krka d.d.,emtricitabine;tenofovir disoproxil succinate
Enyglid,repaglinide
Repaglinide Krka,repaglinide
Izelvay,avacincaptad pegol
Fortacin,lidocaine;prilocaine
Emtricitabine/Tenofovir disoproxil Krka,emtricitabine;tenofovir disoproxil succinate
Tavneos,avacopan
Carprofen Orion,carprofen
Nugalviq,govorestat
Neocolipor,"E. coli adhesin F4 (F4ab, F4ac, F4ad);E. coli adhesin F5;E. coli adhesin F6;E. coli adhesin F41"
Celldemic,"Influenza virus A/turkey/Turkey/1/2005 (H5N1) NIBRG-23 strain, HA surface antigen"
Edarbi,azilsartan medoxomil
Augtyro,repotrectinib
Telmisartan Actavis,telmisartan
Darunavir Krka,darunavir
Sitagliptin Accord,sitagliptin hydrochloride
Lojuxta,Lomitapide
Izba,travoprost
Renagel,sevelamer
Levodopa/Carbidopa/Entacapone Orion,levodopa;carbidopa;entacapone
Skycovion,GBP510
Masitinib AB Science,Masitinib mesilate
Inlyta,axitinib
Thalidomide BMS (previously Thalidomide Celgene),thalidomide
Efavirenz/Emtricitabine/Tenofovir disoproxil Krka,efavirenz;emtricitabine;tenofovir disoproxil succinate
Dabigatran etexilate Teva (previously Dabigatran etexilate Leon Farma),dabigatran etexilate mesilate
Posaconazole AHCL,posaconazole
Potactasol,topotecan
Levitra,vardenafil
Ocaliva,obeticholic acid
Gavreto,pralsetinib
Kinzalkomb,telmisartan;hydrochlorothiazide
PritorPlus,telmisartan;hydrochlorothiazide
Pravafenix,fenofibrate;pravastatin
Pheburane,sodium phenylbutyrate
Pepaxti,Melphalan flufenamide hydrochloride
Previcox,firocoxib
PreHevbri,hepatitis B surface antigen
Dany's BienenWohl,oxalic acid dihydrate
Oxybee,oxalic acid dihydrate
Epixram,
GONAL-f,follitropin alfa
Renvela,sevelamer carbonate
Vaxxon ND Clone,"Newcastle disease virus, strain Clone, live attenuated"
Duotic,betamethasone acetate;terbinafine
Tecfidera,dimethyl fumarate
Apremilast Viatris,apremilast
Stalevo,levodopa;carbidopa;entacapone
Nobivac L4,Leptospira interrogans serogroup Canicola serovar Portland-vere (strain Ca-12-000);L. interrogans serogroup Icterohaemorrhagiae serovar Copenhageni (strain Ic-02-001);L. interrogans serogroup Australis serovar Bratislava (strain As-05-073);L. kirschneri serogroup Grippotyphosa serovar Dadas (strain Gr-01-005)
Versican Plus DHPPi,"canine distemper virus, strain CDV Bio 11/A, canine adenovirus type 2, strain CAV-2 Bio 13, canine parvovirus type 2b, strain CPV-2b Bio 12/B and canine parainfluenza type 2 virus, strain CPiV-2 Bio 15 (all live attenuated)"
Versican Plus DHPPi/L4,"canine distemper virus, strain CDV Bio 11/A, canine adenovirus type 2, strain CAV-2 Bio 13, canine parvovirus type 2b, strain CPV-2b Bio 12/B, canine parainfluenza type 2 virus, strain CPiV-2 Bio 15 (all live attenuated), Leptospira interrogans serogroup Australis serovar Bratislava, strain MSLB 1088, L. interrogans serogroup Icterohaemorrhagiae serovar Icterohaemorrhagiae, strain MSLB 1089, L. interrogans serogroup Canicola serovar Canicola, strain MSLB 1090, L. kirschneri serogroup Grippotyphosa serovar Grippotyphosa, strain MSLB 1091..."
Idelvion,albutrepenonacog alfa
Purevax RCP FeLV,attenuated feline rhinotracheitis herpesvirus (FHV F2 strain);inactivated feline calicivirosis antigens (FCV 431 and G1 strains);attenuated feline panleucopenia virus (PLI IV);FeLV recombinant canarypox virus (vCP97)
Purevax RCP,attenuated feline panleucopenia virus (PLI IV)
Purevax FeLV,feline leukaemia virus recombinant canarypox virus (vCP97)
Zyprexa Velotab,olanzapine
Sevelamer carbonate Winthrop (previously Sevelamer carbonate Zentiva),sevelamer carbonate
Voncento,human coagulation factor VIII;human von willebrand factor
Firdapse (previously Zenas),amifampridine
Signifor,pasireotide
Wilzin,zinc
Vizimpro,dacomitinib monohydrate
Durysta,bimatoprost
Naglazyme,galsulfase
Vedrop,tocofersolan
Bamlanivimab and etesevimab for COVID-19,bamlanivimab;Etesevimab
Ledaga,chlormethine
Cystadane,Betaine anhydrous
Isturisa,osilodrostat phosphate
Cystagon,mercaptamine bitartrate
Alli (previously Orlistat GSK),orlistat
Esperoct,turoctocog alfa pegol
Bevespi Aerosphere,glycopyrronium;formoterol fumarate dihydrate
Lumykras,sotorasib
Tavlesse,Fostamatinib disodium
Prevexxion RN+HVT+IBD,"Live recombinant Marek’s disease virus, serotype 1, strain RN1250; Live recombinant turkey herpesvirus, expressing the VP2 protein of infectious bursal disease virus, strain vHVT013-69"
Metacam,meloxicam
Sancuso,granisetron
Frontpro (previously Afoxolaner Merial),afoxolaner
Lutetium (177Lu) chloride Billev (previously Illuzyce),lutetium (177Lu) chloride
Onivyde pegylated liposomal (previously Onivyde),irinotecan anhydrous free-base
Akantior,Polihexanide
Duloxetine Zentiva,duloxetine
Xultophy,insulin degludec;liraglutide
Fruzaqla,fruquintinib
Rixubis,nonacog gamma
Vaniqa,eflornithine
Cervarix,human papillomavirus1 type 16 L1 protein;human papillomavirus type 18 L1 protein
Senshio,ospemifene
Kauliv,teriparatide
Pombiliti,Cipaglucosidase alfa
Bydureon,exenatide
Fevaxyn Pentofel,inactivated feline rhinotracheitis virus;inactivated feline calicivirus;inactivated feline Chlamydophila felis;inactivated feline leukaemia virus;inactivated feline panleukopenia virus
Tenkasi (previously Orbactiv),oritavancin (diphosphate)
Nezglyal,leriglitazone hydrochloride
Ganfort,bimatoprost;timolol
Lumigan,bimatoprost
Celsunax,ioflupane (123i)
Buccolam,midazolam
Convenia,cefovecin (as sodium salt)
Cepedex,Dexmedetomidine hydrochloride
Cardalis,benazepril hydrochloride;spironolactone
Omidria,ketorolac;phenylephrine
Canigen L4,Inactivated Leptospira strains: L. interrogans serogroup Canicola serovar Portland-vere (strain Ca-12-000); L. interrogans serogroup Icterohaemorrhagiae serovar Copenhageni (strain Ic-02-001); L. interrogans serogroup Australis serovar Bratislava (strain As-05-073); L. kirschneri serogroup Grippotyphosa serovar Dadas (strain Gr-01-005)
Broadline,eprinomectin;fipronil;praziquantel;(S)-methoprene
Bovela,"modified live bovine viral diarrhoea virus type 1, non-cytopathic parent strain KE-9 and modified live bovine viral diarrhoea virus type 2, non-cytopathic parent strain NY-93"
Versican Plus Pi/L4,"Canine parainfluenza type 2 virus, strain CPiV-2 Bio 15 (live attenuated), Leptospira interrogans serogroup Australis serovar Bratislava, strain MSLB 1088, L. interrogans serogroup Icterohaemorrhagiae serovar Icterohaemorrhagiae, strain MSLB 1089, L. interrogans serogroup Canicola serovar Canicola, strain MSLB 1090 and L. kirschneri serogroup Grippotyphosa serovar Grippotyphosa, strain MSLB 1091 (all inactivated)"
Versican Plus Pi,"canine parainfluenza type-2 virus, strain CPiV-2 Bio 15 (live attenuated)"
Versican Plus L4,"Leptospira interrogans serogroup Australis serovar Bratislava, strain MSLB 1088, L. interrogans serogroup Icterohaemorrhagiae serovar Icterohaemorrhagiae, strain MSLB 1089, L. interrogans serogroup Canicola serovar Canicola, strain MSLB 1090, L. kirschneri serogroup Grippotyphosa serovar Grippotyphosa, strain MSLB 1091 (all inactivated)"
Innovax-ND-IBD,"cell-associated live recombinant turkey herpesvirus (strain HVP360), expressing the fusion protein of ND virus and the VP2 protein of IBD virus"
Vaxxitek HVT+IBD,"recombinant turkey herpesvirus, strain vhvt013-69, live"
Poulvac E. coli,"Live aroA gene deleted Escherichia coli, type 078, strain EC34195"
Porcilis PCV M Hyo,"Porcine circovirus type 2 (PCV2) ORF2 subunit antigen, Mycoplasma hyopneumoniae J strain inactivated"
Byetta,exenatide
Pemetrexed Sandoz,pemetrexed disodium hemipentahydrate
Porcilis ColiClos,Clostridium perfringens type C / Escherichia coli F4ab / E. coli F4ac / E. coli F5 / E. coli F6 / E. coli LT
ArthriCox,firocoxib
Cirbloc M Hyo,"mycoplasma hyopneumoniae, strain 2940, inactivated;porcine circovirus 2, ORF2 capsid protein"
Nobivac DP Plus,Live attenuated canine distemper virus strain Onderstepoort: 105.1 – 106.5 TCID50;Live recombinant canine parvovirus strain 630a: 105.1 – 106.7 TCID50
Hiprabovis IBR Marker Live,"live gE- tk- double-gene-deleted bovine herpes virus type 1, strain CEDDEL: 106.3–107.3 CCID50"
Vidaza,azacitidine
Gliolan,5-aminolevulinic acid hydrochloride
Translarna,ataluren
Suvaxyn Aujeszky 783 + O/W,live attenuated Aujeszky's disease virus
Oxervate,recombinant human nerve growth factor
Suliqua,insulin glargine;lixisenatide
Tracleer,bosentan (as monohydrate)
BTVPUR,bluetongue-virus serotype-1 antigen;bluetongue virus serotype 8 antigen
Nobilis Influenza H5N2,inactivated whole avian influenza virus antigen of H5N2 subtype (strain A/duck/Potsdam/1402/86)
Onbevzi,bevacizumab
Jylamvo,methotrexate
ProteqFlu,Vcp 2242 virus / Vcp1529 virus / Vcp1533 virus / vCP3011 virus
Solensia,frunevetmab
Stayveer,bosentan (as monohydrate)
ProteqFlu-Te,Clostridium tetani toxoid / Vcp 2242 virus / Vcp1529 virus / Vcp1533 virus / vCP3011 virus
Innovax-ILT,"cell-associated live recombinant turkey herpesvirus (strain HVT/ILT-138), expressing the glycoproteins gD and gI of infectious laryngotracheitis virus"
Memantine LEK,memantine hydrochloride
Zydelig,Idelalisib
Purevax RC,attenuated feline rhinotracheitis herpesvirus (FHV F2 strain);inactivated feline calicivirosis antigens (FCV 431 and G1 strains)
Zytiga,abiraterone acetate
Velcade,bortezomib
Ciambra,pemetrexed disodium hemipentahydrate
Aldurazyme,laronidase
Gefitinib Mylan,gefitinib
Purevax Rabies,vCP65 virus
Suvaxyn PRRS MLV,modified live porcine respiratory and reproductive syndrome virus
Nobilis IB 4-91,live attenuated avian infectious bronchitis virus variant strain 4-91
Vyepti,Eptinezumab
Reyataz,atazanavir (as sulfate)
Mevlyq,Eribulin mesylate
Versican Plus Pi/L4R,"canine parainfluenza virus, leptospira and rabies virus."
Equip WNV (previously Duvaxyn WNV),"inactivated West Nile virus, strain VM-2"
Versican Plus DHPPi/L4R,"canine distemper virus, strain CDV Bio 11/A, canine adenovirus type 2, strain CAV-2 Bio 13, canine parvovirus type 2b, strain CPV-2b Bio 12/B, canine parainfluenza type 2 virus, strain CPiV-2 Bio 15 (all live attenuated), Leptospira interrogans serogroup Australis serovar Bratislava, strain MSLB 1088, L. interrogans serogroup Icterohaemorrhagiae serovar Icterohaemorrhagiae, strain MSLB 1089, L. interrogans serogroup Canicola serovar Canicola, strain MSLB 1090, L. kirschneri serogroup Grippotyphosa serovar Grippotyphosa, strain MSLB 1091..."
Aivlosin,tylvalosin
Porcilis PCV ID,porcine circovirus type 2 ORF2 subunit antigen
Arti-Cell Forte,chondrogenic induced equine allogeneic peripheral blood-derived mesenchymal stem cells
Halaven,Eribulin
Purevax RCPCh FeLV,attenuated feline rhinotracheitis herpesvirus (FHV F2 strain);inactivated feline calicivirosis antigens (FCV 431 and G1 strains);attenuated feline panleucopenia virus (PLI IV);FeLV recombinant canarypox virus (vCP97);attenuated Chlamydophila felis (905 strain)
Purevax RCPCh,attenuated feline rhinotracheitis herpesvirus (FHV F2 strain);inactivated feline calicivirosis antigens (FCV 431 and G1 strains);attenuated Chlamydophila felis (905 strain);attenuated feline panleucopenia virus (PLI IV)
Innovax-ND-ILT,cell-associated live recombinant turkey herpesvirus (strain HVT/NDV/ILT) expressing the fusion protein of newcastle disease virus and the glycoproteins gD and gI of infectious laryngotracheitis virus
Divence IBR Marker Live,"infectious bovine rhinotracheitis virus, strain CEDDEL, gE- tk- double-gene deleted, live"
Oxbryta,voxelotor
Zeleris,florfenicol;meloxicam
Viekirax,ombitasvir;paritaprevir;ritonavir
Exviera,dasabuvir sodium
Dificlir,fidaxomicin
Kinharto,omecamtiv mecarbil dihydrochloride hydrate
Giapreza,angiotensin II acetate
Ucedane,carglumic acid
Entacapone Orion,entacapone
Repaglinide Accord,repaglinide
Porcilis PCV M Hyo ID,"porcine circovirus type 2, ORF2 capsid protein;Mycoplasma hyopneumoniae, strain J, inactivated"
Cevac Salmune ETI K,"Salmonella enterica, subsp. enterica, serovar Enteritidis, strain 038-90, inactivated; Salmonella enterica, subsp. enterica, serovar Typhimurium, strain 076-94, inactivated; and Salmonella enterica, subsp. enterica, serovar Infantis, strain SM-595, inactivated"
Cepeloron,spironolactone
Comtess,entacapone
Peyona (previously Nymusa),Caffeine citrate
Pomalidomide Accord,Pomalidomide
Vemlidy,tenofovir alafenamide fumarate
Dexdomitor,Dexmedetomidine hydrochloride
Bonviva,ibandronic acid
Bondronat,ibandronic acid
Dzuveo,sufentanil citrate
Resolor,prucalopride succinate
Xarelto,rivaroxaban
Nobilis Multriva RT+IBm+ND+EDS,avian infectious bronchitis;Newcastle disease;egg drop syndrome virus vaccine (inactivated);sorbitan oleate;turkey rhinotracheitis virus (inactivated)
Nobilis Multriva RT+IBm+ND+Gm+REOm,avian infectious bronchitis;avian reovirus;avian infectious bursal disease;Newcastle disease;turkey rhinotracheitis virus (inactivated)
Nyxthracis (previously Obiltoxaximab SFL),nyxthracis
Savene,dexrazoxane hydrochloride
Ivabradine Accord,ivabradine hydrochloride
Fabrazyme,agalsidase beta
Carmustine medac (previously Carmustine Obvius),carmustine
Pramipexole Teva,pramipexole dihydrochloride monohydrate
Tevagrastim,filgrastim
Ratiograstim,filgrastim
Iasibon,ibandronic acid
Zaltrap,aflibercept
Ibandronic Acid Teva,ibandronic acid
Pioglitazone Accord,pioglitazone hydrochloride
Vaxzevria (previously COVID-19 Vaccine AstraZeneca),ChAdOx1-SARS-COV-2
Tremelimumab AstraZeneca,tremelimumab
Rilutek,riluzole
Oprymea,pramipexole dihydrochloride monohydrate
Myozyme,alglucosidase alfa
Lymphoseek,tilmanocept
Intelence,Etravirine
Fasturtec,rasburicase
Tizveni,tislelizumab
Evicel,human fibrinogen;human thrombin
Mozobil,Plerixafor
Taxotere,docetaxel
VidPrevtyn Beta,"SARS-CoV-2 prefusion Spike delta TM protein, recombinant (B.1.351 strain)"
Upstelda,ustekinumab
Pemetrexed Krka,pemetrexed disodium
Fareston,toremifene
Suboxone,buprenorphine;naloxone
Prezista,darunavir
Symtuza,darunavir;cobicistat;emtricitabine;tenofovir alafenamide
Nulibry,fosdenopterin hydrobromide dihydrate
Entecavir Accord,Entecavir
DuoResp Spiromax,Budesonide;formoterol fumarate dihydrate
BiResp Spiromax,Budesonide;formoterol fumarate dihydrate
Evoltra,clofarabine
Byannli (previously Paliperidone Janssen-Cilag International),paliperidone palmitate
Trevicta (previously Paliperidone Janssen),paliperidone palmitate
Xeplion,paliperidone palmitate
Luveris,lutropin alfa
DuoPlavin,clopidogrel;acetylsalicylic acid
Agilus,"dantrolene sodium, hemiheptahydrate"
Palynziq,pegvaliase
Invega,paliperidone
Pixuvri,pixantrone dimaleate
Zevalin,ibritumomab tiuxetan
Qalsody,tofersen
Duloxetine Lilly,duloxetine
Cymbalta,duloxetine
Yentreve,duloxetine hydrochloride
Sotyktu,deucravacitinib
Palladia,toceranib
Zuprevo,tildipirosin
Ypozane,osaterone acetate
Zactran,gamithromycin
SevoFlo,sevoflurane
Bravecto Plus,fluralaner;moxidectin
Naxcel,ceftiofur
Onsior,robenacoxib
Aservo EquiHaler,ciclesonide
Stronghold,selamectin
Cerenia,maropitant citrate
Mepsevii,vestronidase alfa
Dabigatran etexilate Teva,dabigatran etexilate mesilate
Exzolt,fluralaner
Zolvix,monepantel
Trocoxil,mavacoxib
Evicto,selamectin
Semintra,telmisartan
Apoquel,oclacitinib maleate
Sileo,Dexmedetomidine hydrochloride
Atosiban SUN,atosiban (as acetate)
Lotimax,lotilaner
Lexylan,cefalexin sodium;cefalexin
Trilorale,trilostane
Alcort,hydrocortisone aceponate
Trilocur,trilostane
Bonqat,pregabalin
Recocam,meloxicam
Forceris,toltrazuril;iron (III) ion
Activyl,indoxacarb
Bovilis Blue-8,"bluetongue virus vaccine, serotype 8 (inactivated)"
Advocate,imidacloprid;moxidectin
Suprelorin,deslorelin acetate
Gumbohatch,"live attenuated infectious bursal disease virus (IBDV), strain 1052"
Melovem,meloxicam
Vectra 3D,dinotefuran;pyriproxyfen;permethrin
Simparica Trio,moxidectin;sarolaner;pyrantel embonate
Coxevac,"inactivated Coxiella burnetii vaccine, strain Nine Mile"
Credelio Plus,lotilaner;milbemycin oxime
Simparica,sarolaner
Veltassa,patiromer sorbitex calcium
Improvac,synthetic peptide analogue of GnRF conjugated to diptheria toxoid
Respivac aMPV (previously Respivac TRT),"turkey rhinotracheitis virus, strain 1062, live"
Lamivudine Teva,lamivudine
Parsabiv,etelcalcetide hydrochloride
Mimpara,cinacalcet hydrochloride
Myocet liposomal (previously Myocet),doxorubicin hydrochloride
PecFent,fentanyl
Credelio,lotilaner
Circovac,inactivated porcine circovirus type 2 (PCV2)
Bravecto,fluralaner
Innovax-ND-H5,"turkey herpesvirus, strain HVT-ND-H5 (cell-associated), expressing fusion protein gene of Newcastle disease virus and haemagglutinin gene of Avian influenza virus subtype H5"
Nobilis Multriva RT+IBm+ND+Gm+REOm+EDS,avian metapneumovirus;avian infectious bronchitis;Newcastle disease;avian infectious bursal disease;avian reovirus and egg drop syndrome virus vaccine (inactivated)
Divence Tetra,bovine viral diarrhoea virus type 1 and type 2 (subunit recombinant);bovine parainfluenza 3 virus (inactivated) and bovine respiratory syncytial virus vaccine
Divence Penta,"bovine parainfluenza virus 3, strain SF-4 Reisinger, inactivated;live attenuated bovine respiratory syncytial virus (BRSV), strain Lym-56;bovine viral diarrhoea virus 1, E2 recombinant protein;bovine viral diarrhoea virus 2, E2 recombinant protein;infectious bovine rhinotracheitis virus, strain CEDDEL, gE- tk- double-gene deleted, live"
Enteroporc Coli,Inactivated fimbrial adhesins of Escherichia coli F4ab;Inactivated fimbrial adhesins of Escherichia coli F4ac;Inactivated fimbrial adhesins of Escherichia coli F5;Inactivated fimbrial adhesins of Escherichia coli F6
Meloxoral,meloxicam
Nuceiva,Botulinum toxin type A
Vectormune FP ILT,"recombinant fowlpox virus expressing the membrane fusion protein and the encapsidation protein of avian infectious laryngotracheitis virus, live"
Vyxeos liposomal (previously Vyxeos),daunorubicin hydrochloride;cytarabine
Strangvac,recombinant Streptococcus equi protein CCE;recombinant Streptococcus equi protein Eq85;recombinant Streptococcus equi protein IdeE
Senvelgo,velagliflozin L-proline monohydrate
Loxitab,meloxicam
Eluracat,capromorelin tartrate
Oxmax,Hemoglobin betafumaril (bovine)
Temozolomide Teva,temozolomide
Ghryvelin (previously Macimorelin Aeterna Zentaris),macimorelin acetate
Onglyza,saxagliptin
Plerixafor Accord,Plerixafor
Mirapexin,pramipexole dihydrochloride monohydrate
Pirfenidone axunio (previously Pirfenidone AET),Pirfenidone
Sifrol,pramipexole dihydrochloride monohydrate
Eladynos,abaloparatide
Tessie,
Ranexa (previously Latixa),ranolazine
Lonsurf,trifluridine;tipiracil hydrochloride
Niapelf,paliperidone palmitate
Ertapenem SUN,ertapenem sodium
Nobivac LoVo L4,"Leptospira interrogans, serogroup Australis, serovar Bratislava, strain As-05-073, Inactivated,Leptospira interrogans, serogroup Canicola, serovar Portland-vere, strain Ca-12-000, Inactivated,Leptospira interrogans, serogroup Icterohaemorrhagiae, serovar Copenhageni, strain Ic-02-001, Inactivated,Leptospira kirschneri, serogroup Grippotyphosa, serovar Dadas, strain GR-01-005, Inactivated,"
Bovilis Nasalgen-C,"bovine coronavirus, strain CA25, live"
Bovilis Cryptium,"Cryptosporidium parvum, glycoprotein gp40"
Poulvac Procerta HVT-IBD,"turkey herpes virus, strain HVT-IBD, expressing infectious bursal disease virus VP2 protein, live"
Ximluci,ranibizumab
Clopidogrel ratiopharm,clopidogrel (as hydrogen sulfate)
Cuprior,trientine tetrahydrochloride
Exblifep,cefepime dihydrochloride monohydrate;Enmetazobactam
Vijoice,alpelisib
Sustiva,efavirenz
Pramipexole Accord,pramipexole dihydrochloride monohydrate
Innovax-ILT-IBD,"turkey herpes virus, expressing infectious bursal disease virus and avian infectious laryngotracheitis virus, strain HVT/IBD/ILT, live"
Prevexxion RN+HVT,"Marek’s disease virus, strain RN1250, live;turkey herpesvirus, strain FC126, Live"
Eurican L4,"inactivated immunological veterinary medicinal product containing Leptospira interrogans, serogroup Canicola, serovar Canicola, strain 16070, L. interrogans, serogroup icterohaemorrhagiae, serovar icterohaemorrhagiae, strain 16069, L. interrogans, serogroup Grippotyphosa, serovar Grippotyphosa, strain Grippo Mal 1540, L. interrogans, serogroup Australis, serovar Bratislava, strain"
Yurvac RHD,"rabbit haemorrhagic disease virus, capsid protein antigen, recombinant"
Zalasta,olanzapine
Apealea,paclitaxel
Clopidogrel Teva (hydrogen sulphate),clopidogrel (as hydrogen sulfate)
Fuzeon,enfuvirtide
Ryeqo,relugolix;norethisterone acetate;estradiol hemihydrate
HorStem,equine umbilical cord mesenchymal stem cells
Lonquex,lipegfilgrastim
Mulpleo (previously Lusutrombopag Shionogi),Lusutrombopag
Prolevare,oclacitinib maleate
CircoMax,"recombinant chimeric porcine circovirus 1 containing the porcine circovirus 2a open reading frame 2 protein, inactivated,Recombinant chimeric porcine circovirus 1 containing the porcine circovirus 2b open reading frame 2 protein, inactivated"
Brucellin Aquilon,"Brucella abortus, strain AQ1302, protein extract"
Vectormune ND,
AdTab (previously Lotilaner Elanco),lotilaner
Catiolanze,Latanoprost
Mometamax Ultra,gentamicin;mometasone furoate;posaconazole
Evanovo,"Eimeria acervulina, strain 044, Live;Eimeria maxima, strain 013, Live;Eimeria praecox, strain 007, Live;Eimeria tenella, strain 004, Live"
DogStem,equine umbilical cord-derived mesenchymal stem cells
Cortaderm,hydrocortisone aceponate
Coxatab,firocoxib
Ambirix,hepatitis A virus (inactivated);hepatitis B surface antigen
Sugammadex Lorien,sugammadex sodium
Twinrix Adult,hepatitis A virus (inactivated);hepatitis B surface antigen
Twinrix Paediatric,hepatitis A virus (inactivated);hepatitis B surface antigen
Actraphane,Insulin human
Albrioza,sodium phenylbutyrate;ursodoxicoltaurine
Chanaxin,tulathromycin
Mixtard,Insulin human
Nemdatine,memantine
Tegsedi,inotersen sodium
Intrarosa,prasterone
Flebogamma DIF (previously Flebogammadif),human normal immunoglobulin
Azacitidine betapharm,azacitidine
Dimethyl fumarate Teva,dimethyl fumarate
Dimethyl fumarate Neuraxpharm,dimethyl fumarate
Dimethyl fumarate Accord,dimethyl fumarate
Dimethyl fumarate Polpharma,dimethyl fumarate
Dimethyl fumarate Mylan,dimethyl fumarate
Defitelio,defibrotide
Clopidogrel Taw Pharma (previously Clopidogrel Mylan),clopidogrel hydrochloride
Feraccru,ferric maltol
Dyrupeg,pegfilgrastim
Vantobra (previously Tobramycin PARI),tobramycin
Jesduvroq,daprodustat
Brineura,cerliponase alfa
Ivozall,clofarabine
Amglidia,glibenclamide
Pylobactell,urea (13C)
"COVID-19 Vaccine (inactivated, adjuvanted) Valneva","COVID-19 vaccine (inactivated, adjuvanted, adsorbed)"
Betaferon,interferon beta-1b
Jivadco,trastuzumab duocarmazine
Zynrelef,bupivacaine;meloxicam
Spectrila,asparaginase
Sildenafil Actavis,sildenafil
Gefzuris,gefapixant
Degarelix Accord,degarelix acetate
Lutholaz,pegfilgrastim
Rebetol,ribavirin
CaniLeish,Leishmania infantum excreted secreted proteins
Vivjoa,oteseconazole
Thiotepa Riemser,thiotepa
Imatinib Koanaa,imatinib mesilate
Plenadren,hydrocortisone
Pregabalin Sandoz GmbH,pregabalin
Rekovelle,follitropin delta
Adakveo,Crizanlizumab
Eporatio,epoetin theta
Biopoin,epoetin theta
Vosevi,sofosbuvir;velpatasvir;voxilaprevi
Epclusa,sofosbuvir;velpatasvir
Invirase,saquinavir
Melatonin Neurim,melatonin
Pandemic Influenza Vaccine H5N1 Baxter AG,"influenza vaccine (whole virion, inactivated) containing antigen of: A/Vietnam/1203/2004 (H5N1)"
Tandemact,pioglitazone;glimepiride
Nobivac Myxo-RHD,live myxoma-vectored rabbit-haemorrhagic-disease virus strain 009
Zefylti,filgrastim
NovoMix,insulin aspart
Actos,pioglitazone hydrochloride
Nexpovio,selinexor
Lagevrio,molnupiravir
Lumevoq,lenadogene nolparvovec
Busilvex,busulfan
Sohonos,palovarotene
Vipidia,alogliptin
NutropinAq,somatropin
Susvimo,ranibizumab
Ceprotin,human protein C
Fotivda,tivozanib
Iressa,gefitinib
Feraheme,Ferumoxytol
Lenalidomide Krka d.d.,lenalidomide hydrochloride hydrate
Asimtufii,aripiprazole monohydrate
Aftovaxpur DOE,"Maximum three of the following purified, inactivated foot-and-mouth disease virus strains: O1 Manisa ≥ 6 PD50*; O1 BFS ≥ 6 PD50*; O Taiwan 3/97 ≥ 6 PD50*; A22 Iraq ≥ 6 PD50*; A24 Cruzeiro ≥ 6 PD50*; A Turkey 14/98 ≥ 6 PD50*; Asia 1 Shamir ≥ 6 PD50*; SAT2 Saudi Arabia ≥ 6 PD50*; * PD50 – 50% protective dose in cattle as described in Ph. Eur. monograph 0063."
Luminity,perflutren
Comfortis,spinosad
Tidhesco,Ivosidenib
Nitisinone MDK (previously Nitisinone MendeliKABS),nitisinone
Omblastys,iodine (131I) omburtamab
Nityr,nitisinone
Zoledronic acid Actavis,zoledronic acid monohydrate
Desloratadine Actavis,desloratadine
Pioglitazone Actavis,pioglitazone hydrochloride
Pantozol Control,pantoprazole
Controloc Control,pantoprazole
Somac Control,pantoprazole
Synflorix,Pneumococcal polysaccharide serotype 23F;Pneumococcal polysaccharide serotype 4;Pneumococcal polysaccharide serotype 5;Pneumococcal polysaccharide serotype 6B;Pneumococcal polysaccharide serotype 7F;Pneumococcal polysaccharide serotype 9V;Pneumococcal polysaccharide serotype 1;Pneumococcal polysaccharide serotype 14;Pneumococcal polysaccharide serotype 18C;Pneumococcal polysaccharide serotype 19F
Fendrix,hepatitis B surface antigen
Xenical,orlistat
Pioglitazone Teva,pioglitazone hydrochloride
NeuroBloc,botulinum toxin type B
Stocrin,efavirenz
Raltegravir Viatris,raltegravir potassium
Lamivudine Teva Pharma B.V.,lamivudine
Inpremzia,insulin human (rDNA)
Ceplene,histamine dihydrochloride
Emtriva,emtricitabine
Granpidam,sildenafil citrate
DepoCyte,cytarabine
Dasatinib Accord,dasatinib
Dasatinib Accordpharma,dasatinib
Newflend ND H9,"turkey herpes virus, strain rHVT/ND expressing Newcastle disease virus, live"
Lamivudine/Zidovudine Teva,lamivudine;zidovudine
Vihuma,simoctocog alfa
Nuwiq,simoctocog alfa
Nevirapine Teva,nevirapine
Pregabalin Zentiva k.s.,pregabalin
Temozolomide Sandoz,temozolomide
Hepsera,adefovir dipivoxil
Efavirenz Teva,efavirenz
Kogenate Bayer,octocog alfa
Garsun,artesunate
Temozolomide Hexal,temozolomide
NovoSeven,eptacog alfa (activated)
Aloxi,palonosetron hydrochloride
Vizarsin,sildenafil
Odefsey,emtricitabine;rilpivirine hydrochloride;tenofovir alafenamide
Xagrid,anagrelide
Tybost,cobicistat
Aliqopa,copanlisib dihydrochloride
Hemangiol,propranolol hydrochloride
Miplyffa,arimoclomol citrate
Imbarkyd,Bardoxolone methyl
Darunavir Krka d.d.,darunavir
Febseltiq,Infigratinib monophosphate
Versiguard SARS CoV2,recombinant SARS CoV2 spike protein
Pemetrexed Baxter,pemetrexed disodium heptahydrate
Trogarzo,Ibalizumab
Ammonaps,sodium phenylbutyrate
IntronA,interferon alfa-2b
Hervelous,trastuzumab
Tuznue,trastuzumab
Tookad,padeliporfin di-potassium
Macugen,pegaptanib
Zynteglo,autologous CD34+ cell enriched population that contains haematopoietic stem cells transduced with lentiviral vector encoding the βA-T87Q-globin gene
Cevenfacta,Eptacog beta (activated)
Temybric Ellipta,fluticasone furoate;umeclidinium bromide;vilanterol trifenatate
Exkivity,mobocertinib
Abylqis,arachis hypogaea extract
Sevsury,surufatinib
Neoleish,bacterial DNA plasmid containing LACK gene from Leishmania infantum
Orepaxam,treprostinil diolamine
Parsaclisib Incyte Biosciences Distribution B.V.,Parsaclisib hydrochloride
Dimherity,dimethyl fumarate
Glubrava,metformin hydrochloride;pioglitazone hydrochloride
Glidipion (previously Pioglitazone Actavis Group),pioglitazone hydrochloride
Glustin,pioglitazone hydrochloride
Activyl Tick Plus,indoxacarb;permethrin
Firmagon,degarelix
Nobilis OR Inac,"inactivated whole cell suspension of Ornithobacterium rhinotracheale serotype A, strain B3263/91"
HemAryo,eptacog alfa (activated)
Zalviso,sufentanil
Incresync,alogliptin;pioglitazone
Pioglitazone Teva Pharma,pioglitazone hydrochloride
Epivir,lamivudine
Combivir,lamivudine;zidovudine
Zynquista,sotagliflozin
Thymanax,agomelatine
Aduhelm,aducanumab
Bovilis BTV8,"bluetongue virus vaccine, serotype 8 (inactivated)"
Ganirelix Gedeon Richter,ganirelix acetate
Episalvan,Betulae cortex
Elmiron,pentosan polysulfate sodium
Deferiprone Lipomed,Deferiprone
Crixivan,indinavir sulfate ethanolate
Senstend,lidocaine;prilocaine
Imatinib Actavis,imatinib
Sildenafil Teva,sildenafil
Cuprymina,copper (64Cu) chloride
Memantine ratiopharm,memantine hydrochloride
Starlix,nateglinide
Optison,perflutren
Kiovig,human normal immunoglobulin (IVIg)
Desloratadine ratiopharm,desloratadine
Sildenafil ratiopharm,sildenafil
Sitoiganap,allogeneic glioma tumor cell lysates (inactivated);allogeneic glioma tumor cells (inactivated);autologous glioma tumor cell lysates (inactivated);autologous glioma tumor cells (inactivated)
Desloratadine Teva,desloratadine
Dasselta,desloratadine
Amifampridine SERB,amifampridine phosphate
Ipique,bevacizumab
Neffy,epinephrine
Rasilez HCT,aliskiren;hydrochlorothiazide
Docetaxel Zentiva (previously Docetaxel Winthrop),docetaxel
Pregabalin Mylan Pharma,pregabalin
Zektayos - Hepjuvo,obeticholic acid
Palonosetron Hospira,palonosetron hydrochloride
Dukoral,recombinant cholera toxin B subunit;vibrio cholerae 01
Skysona,elivaldogene autotemcel
Stimufend,pegfilgrastim
Tractocile,atosiban (as acetate)
Temomedac,temozolomide
NovoThirteen,catridecacog
Vivanza,vardenafil
RenuTend,tenogenic primed equine allogeneic peripheral blood-derived mesenchymal stem cells
Leganto,rotigotine
Raylumis,tanezumab
Staquis,Crisaborole
Imoxat,imidacloprid;moxidectin
Atripla,efavirenz;emtricitabine;tenofovir disoproxil fumarate
Nouryant,Istradefylline
Ytracis,yttrium (90Y) chloride
Pantoloc Control,pantoprazole
Beromun,tasonermin
Ebixa,memantine hydrochloride
Hydrocortisone aceponate Ecuphar (previously Cortacare),hydrocortisone aceponate
Livmarli,Maralixibat chloride
Lenalidomide Krka d.d. Novo mesto (previously Lenalidomide Krka),lenalidomide hydrochloride monohydrate
Docetaxel Teva,docetaxel
Marixino (previously Maruxa),memantine hydrochloride
Increxxa,tulathromycin
Flynpovi,eflornithine hydrochloride;sulindac
Zynyz,retifanlimab
Pemetrexed Lilly,pemetrexed
Equidacent,bevacizumab
Coliprotec F4,live non-pathogenic Escherichia coli O8:K87
Zoledronic Acid Hospira,zoledronic acid monohydrate
Telmisartan Teva Pharma,telmisartan
CureVac’s COVID-19 vaccine (CVnCoV),"single-stranded, 5’-capped messenger RNA (mRNA) produced using a cell-free in vitro transcription from the corresponding DNA templates, encoding the viral spike (S) protein of SARS-CoV-2"
Oportuzumab monatox DLRC Pharma Services,oportuzumab monatox
Inductos,dibotermin alfa
Sildenafil FGK,sildenafil citrate
Entacapone Teva,entacapone
Raloxifene Teva,raloxifene hydrochloride
Fiasp,insulin aspart
Telmisartan Teva,telmisartan
Teriparatide Cinnagen,teriparatide
Caspofungin Accord,caspofungin acetate
Porcilis Pesti,Classical Swine Fever Virus (CSFV) -E2 subunit antigen
Ritemvia,rituximab
Lumoxiti,moxetumomab pasudotox
Azacitidine Celgene,azacitidine
Pemetrexed Pfizer (previously Pemetrexed Hospira UK Limited),pemetrexed ditromethamine
Portrazza,necitumumab
Levemir,Insulin detemir
Ulipristal Acetate Gedeon Richter,ulipristal acetate
Ribavirin Teva Pharma B.V.,ribavirin
Ribavirin Teva,ribavirin
Kexxtone,monensin (as monensin sodium)
Nodetrip (previously Xeristar),duloxetine
PegIntron,peginterferon alfa-2b
NovoEight,turoctocog alfa
Spironolactone Ceva,spironolactone
Tibsovo,Ivosidenib
Acticam,meloxicam
Gamifant,emapalumab
Dexamethasone Taw,Dexamethasone (sodium phosphate)
Truberzi,eluxadoline
Lextemy,bevacizumab
Incurin,estriol
Prepandrix,A/Indonesia/05/2005 (H5N1) like strain used (PR8-IBCDC-RG2)
Enzepi,pancreas powder
Udenyca,pegfilgrastim
Proteq West Nile,West Nile recombinant canarypox virus (vCP2017 virus)
Halimatoz,adalimumab
Yttriga,yttrium (90Y) chloride
Clopidogrel ratiopharm GmbH,clopidogrel
Velactis,cabergoline
ViraferonPeg,peginterferon alfa-2b
Qutavina,teriparatide
Puldysa,idebenone;titanium dioxide
Sebivo,telbivudine
Panretin,alitretinoin
Turalio,pexidartinib
Artobend,autologous human chondrocytes in vitro expanded
Alpivab,peramivir
Silapo,epoetin zeta
Zulvac 8 Bovis,"inactivated bluetongue virus, serotype 8, strain btv-8/bel2006/02"
Insulatard,Insulin human
Ribavirin Mylan (previously Ribavirin Three Rivers),ribavirin
Zoledronic acid medac,zoledronic acid monohydrate
Roctavian,valoctocogene roxaparvovec
Vepacel,"Influenza virus (whole virion, inactivated), containing antigen of: A/Vietnam/1203/2004 (H5N1)"
Upkanz,Deferiprone
Protaphane,Insulin human
Abilify MyCite,aripiprazole
Rayoqta,abicipar pegol
Actrapid,human insulin
Zerit,stavudine
Imrestor,pegbovigrastim
Qtrilmet,metformin hydrochloride;saxagliptin;dapagliflozin
CircoMax Myco,"Inactivated Mycoplasma hyopneumoniae, strain P-5722-3;inactivated recombinant chimeric porcine circovirus type 1 containing the porcine circovirus type 2a open reading frame 2 (ORF2) protein;inactivated recombinant chimeric porcine circovirus type 1 containing the porcine circovirus type 2b ORF2 protein"
Sondelbay,teriparatide
Ecoporc Shiga,genetically modified recombinant Shiga-toxin-2e antigen
Visudyne,verteporfin
Xiidra,Lifitegrast
Duzallo,allopurinol;lesinurad
Tulatrixx,tulathromycin
Olazax,olanzapine
Zurampic,lesinurad
Picato,Ingenol mebutate
Doxorubicin Hydrochloride Tillomed,doxorubicin hydrochloride
Kolbam,cholic acid
Zemdri,Plazomicin (sulfate)
Rituximab Mabion,rituximab
Fertavid,follitropin beta
Fingolimod Mylan,fingolimod hydrochloride
Olazax Disperzi,olanzapine
Helixate NexGen,octocog alfa
Erlotinib Accord,
Osseor,strontium ranelate
Vynpenta (previously AvacopanChemoCentryx),avacopan
Protelos,strontium ranelate
Suvaxyn PCV,"porcine circovirus recombinant virus (CPCV) 1-2, inactivated"
Zulvac 1 Ovis,"inactivated bluetongue virus, serotype-1"
Zulvac 1 Bovis,"inactivated bluetongue virus, serotype 1"
Kromeya,adalimumab
Clopidogrel BGR (previously Zylagren),clopidogrel (as hydrogen sulfate)
Ekesivy,diclofenamide
Xiapex,collagenase Clostridium histolyticum
Varuby,rolapitant
Lifmior,etanercept
Iblias,octocog alfa
Nonafact,human coagulation factor IX
Luxceptar,
Zalmoxis,allogeneic T cells genetically modified with a retroviral vector encoding for a truncated form of the human low affinity nerve growth factor receptor (ΔLNGFR) and the herpes simplex I virus thymidine kinase (HSV-TK Mut2)
Xyndari,
Idhifa,
Nuzyra,
Fexeric,ferric citrate coordination complex
Linhaliq,
Aerivio Spiromax,salmeterol xinafoate;fluticasone propionate
Vanflyta,quizartinib dihydrochloride
Clopidogrel/Acetylsalicylic acid Zentiva (previously DuoCover),clopidogrel;acetylsalicylic acid
Thorinane,enoxaparin sodium
Imatinib medac,imatinib
Taxespira (previously Docetaxel Hospira UK Limited ),docetaxel trihydrate
Horse Allo 20,allogeneic equine adipose-derived mesenchymal stem cells
Lartruvo,olaratumab
Daklinza,daclatasvir dihydrochloride
Doxolipad,doxorubicin hydrochloride
Radicava,edaravone
Bovalto Ibraxion,inactivated IBR virus
Cabazitaxel Teva,cabazitaxel
Rituzena (previously Tuxella),rituximab
ATryn,antithrombin alfa
Airexar Spiromax,salmeterol;fluticasone propionate
ABP 710,infliximab
Ingelvac PCV FLEX,porcine circovirus type 2 ORF2 protein
Ketek,telithromycin
Ambrisentan Zentiva,ambrisentan
Arzerra,ofatumumab
Canakinumab Novartis,canakinumab
Parvoduk,live attenuated Muscovy duck parvovirus
Efgratin,pegfilgrastim
Cavoley,pegfilgrastim
Silgard,human papillomavirus type 6 L1 protein;human papillomavirus type 11 L1 protein;human papillomavirus type 16 L1 protein;human papillomavirus type 18 L1 protein
Equitend,
Vantobra,tobramycin
Longrange,eprinomectin
Altargo,retapamulin
Topotecan Actavis,topotecan
Cyltezo,adalimumab
Solymbic,adalimumab
Epjevy,
Eperzan,albiglutide
Eladynos,abaloparatide
Graspa,asparaginase
Lusduna,insulin glargine
Ivabradine JensonR,ivabradine hydrochloride
Fyzoclad,adalimumab
Entolimod TMC,Entolimod
Exondys,eteplirsen
Zoledronic acid Teva Pharma,zoledronic acid
Zydax,
HopGuard Gold,
Trobalt,retigabine
BTVPUR AlSap 2-4,bluetongue-virus serotype-2 antigen;bluetongue-virus serotype-4 antigen
Ionsys,fentanyl hydrochloride
Raplixa,human fibrinogen;human thrombin
Imatinib Teva B.V.,imatinib mesilate
Dexxience,betrixaban maleate
Trifexis,spinosad;milbemycin oxime
Treprostinil SciPharm Sàrl,treprostinil
Angiox,Bivalirudin
Gripovac 3,inactivated influenza-A virus
Intanza,"influenza virus (inactivated, split) of the following strains:A/California/7/2009 (H1N1)pdm09 - like strain (A/California/7/2009, NYMC X-179A)A/Hong Kong/4801/2014 (H3N2) - like strain (A/Hong Kong/4801/2014, NYMC X-263B)B/Brisbane/60/2008 - like strain (B/Brisbane/60/2008, wild type)"
Numient,levodopa;carbidopa
Ariclaim,duloxetine
Restaysis,ciclosporin
Clopidogrel HCS,clopidogrel (as hydrochloride)
Victrelis,Boceprevir
Alsitek,Masitinib mesilate
Raligize,
Certifect,fipronil;amitraz;(S)-methoprene
Xeljanz,tofacitinib
Topotecan Teva,topotecan
Rotigotine Mylan,rotigotine
Maci,autologous cultured chondrocytes
Prohippur,sodium benzoate
Zinbryta,daclizumab
Fulphila,pegfilgrastim
Olysio,simeprevir
BTVPUR AlSap 1,bluetongue-virus serotype-1 antigen
BTVPUR Alsap 8,bluetongue virus serotype 8 antigen
Vibativ,telavancin
Prandin,repaglinide
Insulin Human Winthrop,Insulin human
Panacur AquaSol,fenbendazole
Masipro,Masitinib mesilate
Evarrest,human fibrinogen;human thrombin
IDflu,"influenza virus (inactivated, split) of the following strains:A/California/7/2009 (H1N1)pdm09 - like strain (A/California/7/2009, NYMC X-179A)A/Hong Kong/4801/2014 (H3N2) - like strain (A/Hong Kong/4801/2014, NYMC X-263B)B/Brisbane/60/2008 - like strain (B/Brisbane/60/2008, wild type)"
Balimek,binimetinib
Tasermity,sevelamer hydrochloride
Fanaptum,iloperidone
Ristempa,pegfilgrastim
Infinia,alpha-1-antitrypsin
LeukoScan,sulesomab
Zafiride,
Libertek,roflumilast
Daliresp,roflumilast
Qizenday,
Onzeald,etirinotecan pegol
EnCyzix,enclomifene citrate
Clopidogrel Acino,clopidogrel
Optimark,gadoversetamide
Somatropin Biopartners,somatropin
Adlumiz,anamorelin hydrochloride
Ogivri,
Prevenar,pneumococcal oligosaccharide serotype 18C;Pneumococcal polysaccharide serotype 19F;Pneumococcal polysaccharide serotype 23F;Pneumococcal polysaccharide serotype 4;Pneumococcal polysaccharide serotype 6B;Pneumococcal polysaccharide serotype 9V;Pneumococcal polysaccharide serotype 14
Human IGG1 monoclonal antibody specific for human interleukin-1 alpha XBiotech,human IgG1 monoclonal antibody specific for human interleukin-1 alpha
Plivensia,sirukumab
Kyomarc,bevacizumab
Glybera,alipogene tiparvovec
Clopidogrel Teva Pharma (previously Clopidogrel HCS),clopidogrel (as hydrochloride)
Tigecycline Accord,tigecycline
Cheristin,
NovoNorm,repaglinide
Zontivity,vorapaxar sulfate
Somnena,
Qinprezo,vosaroxin
Elmisol,
Recuvyra,fentanyl
Removab,catumaxomab
Sabervel,irbesartan
Cavoley,pegfilgrastim
Efgratin,pegfilgrastim
Optaflu,"influenza virus surface antigens (haemagglutinin and neuraminidase), inactivated, of the following strains:A/California/7/2009 (H1N1)pdm09 - like strain(A/Brisbane/10/2010, wild type)A/Switzerland/9715293/2013 (H3N2) - like strain(A/South Australia/55/2014, wild type)B/Phuket/3073/2013–like strain(B/Utah/9/2014, wild type)"
Enpaxiq,
Solithromycin Triskel EU Services,solithromycin
Vitekta,elvitegravir
Blectifor,Caffeine citrate
Imprida,valsartan;amlodipine (as amlodipine besilate)
Clopidogrel/Acetylsalicylic acid Teva,clopidogrel;acetylsalicylic acid
Unituxin,Dinutuximab
Dutrebis,lamivudine;raltegravir potassium
Zioxtenzo,pegfilgrastim
Graspa,
Rasilamlo,aliskiren;amlodipine
Alendronic Acid / Colecalciferol Mylan,alendronate sodium trihydrate;colecalciferol
Budesonide/Formoterol Teva,Budesonide;formoterol fumarate dihydrate
Budesonide/Formoterol Teva Pharma B.V.,Budesonide;formoterol
Vylaer Spiromax,Budesonide;formoterol fumarate dihydrate
Biograstim,filgrastim
ChondroCelect,characterised viable autologous cartilage cells expanded ex vivo expressing specific marker proteins
Capecitabine SUN,capecitabine
Zemfirza,cediranib maleate
Pemetrexed ditromethamine Hospira,pemetrexed ditromethamine
Celvapan,"whole virion influenza vaccine, inactivated containing antigen of strain A/California/07/2009 (H1N1)v"
Kepnetic,
Ertapenem Hospira,ertapenem sodium
Pantecta Control,pantoprazole
Cokiera,
Arikayce,amikacin sulfate
Incivo,telaprevir
Opsiria,sirolimus
Docetaxel SUN,
Kyndrisa,
Zoledronic acid Teva Generics,zoledronic acid monohydrate
Osigraft,eptotermin alfa
Dropcys,mercaptamine
Krystexxa,pegloticase
Begedina,begelomab
Opgenra,eptotermin alfa
Xegafri,
Pandemrix,"split influenza virus inactivated, containing antigen equivalent to A/California/07/2009 (H1N1)-derived strain used NYMC X-179A"
Avandamet,rosiglitazone;metformin hydrochloride
Avandia,rosiglitazone
RevitaCAM,meloxicam
Lodipressin,amlodipine besilate
Repso,leflunomide
Kepivance,palifermin
Heparesc,human heterologous liver cells
Aripiprazole Mylan,aripiprazole
Nuedexta,dextromethorphan;quinidine
Paglitaz,pioglitazone hydrochloride
"Prepandemic influenza vaccine (H5N1) (surface antigen, inactivated, adjuvanted) Novartis Vaccines and Diagnostics",influenza virus surface antigens (haemagglutinin and neuraminidase) of strain A/Viet Nam/1194/2004 (H5N1)
Solumarv,Insulin human
Focetria,Influenza virus surface antigens (haemagglutinin and neuraminidase) of strain: A/California/7/2009 (H1N1)-derived strain used NYMC X-181
Nivolumab BMS,nivolumab
Dicural,difloxacin
Veraseal,human fibrinogen;human thrombin
Sonata,zaleplon
Oxapex,
Aripiprazole Mylan,aripiprazole
Lympreva,dasiprotimut-t
ProMeris,metaflumizone
ProMeris Duo,metaflumizone;amitraz
Rienso,Ferumoxytol
Clopidogrel DURA,clopidogrel (as hydrochloride)
Corluxin,mifepristone
Ketoconazole AID-SCFM,Ketoconazole
Provenge,autologous peripheral-blood mononuclear cells including a minimum of 50 million autologous CD54+ cells activated with prostatic acid phosphatase granulocyte-macrophage colony-stimulating factor
Duloxetine Sandoz,duloxetine
BindRen,colestilan
Pumarix,"pandemic influenza vaccine (H5N1) (split virion, inactivated, adjuvanted)"
Docetaxel Mylan,docetaxel
Slentrol,dirlotapide
Oncept Melanoma,
Egranli,
Imagify,perflubutane
TruScient,dibotermin alfa
Clopidogrel Teva Pharma B.V.,clopidogrel (as hydrobromide)
Purevax RCCh,attenuated feline rhinotracheitis herpesvirus (FHV F2 strain);inactivated feline calicivirosis antigens (FCV 431 and G1 strains);attenuated Chlamydophila felis (905 strain)
Vistide,cidofovir
Masiviera,masitinib
Ipreziv,azilsartan medoxomil
Fluenz,"reassortant influenza virus (live attenuated) of the following strains:A/California/7/2009 (H1N1)pdm09 like strain, A/Victoria/361/2011 (H3N2) like strain, B/Massachusetts/2/2012 like strain"
Neofordex,dexamethasone
Topotecan Eagle,topotecan hydrochloride
Enthryv,
Doribax,doripenem
Pioglitazone Krka,pioglitazone hydrochloride
Rivastigmine 3M Health Care Ltd,rivastigmine
Faldaprevir Boehringer Ingelheim,faldaprevir
Clopidogrel Qualimed,clopidogrel (as hydrochloride)
Reasanz,serelaxin
Nerventra,laquinimod
Ioa,nomegestrol acetate;estradiol
Neocepri,folic acid
Vynfinit,
Folcepri,Etarfolatide
Revasc,desirudin
Olanzapine Cipla (previously Olanzapine Neopharma),olanzapine
Issarlos,strontium ranelate;colecalciferol
Ditelos,strontium ranelate;colecalciferol
Preotact,parathyroid hormone (rDNA)
Meloxivet,meloxicam
Netvax,Clostridium-perfringens-type-A alpha toxoid
Viracept,nelfinavir
Heplisav,
Flexicam,meloxicam
Clopidogrel Teva Generics B.V.,clopidogrel (as hydrochloride)
Onduarp,telmisartan
Leflunomide Teva,leflunomide
Winfuran,
Docetaxel Teva Pharma,docetaxel
Tritanrix HepB,Diphtheria toxoid;hepatitis B surface antigen;Bordetella pertussis (inactivated);tetanus toxoid
Clopidogrel ratiopharm,clopidogrel
Masican,masitinib
Rasitrio,aliskiren;amlodipine;hydrochlorothiazide
IXinity,trenonacog alfa;trenonacog alfa
Infanrix Penta,"Diphtheria toxoid;tetanus toxoid;Bordetella pertussis antigens (pertussis toxoid, filamentous haemagglutinin, pertactin);poliovirus (inactivated) (type 1 (Mahoney strain), type 2 (MEF-1 strain), type 3 (Saukett strain));hepatitis B surface antigen"
Belviq,
Raxone,idebenone
OraNera,
Sepioglin,pioglitazone hydrochloride
Ibaflin,ibafloxacin
Daronrix,"whole virion, inactivated, containing antigen*: A/Vietnam/1194/2004 (H5N1)* produced in eggs"
Omontys,peginesatide
Kynamro,mipomersen sodium
Qsiva,phentermine;topiramate
Nobivac Piro,"babesia canis, inactivated;babesia rossi, inactivated"
Fanaptum,iloperidone
Trevaclyn,laropiprant;nicotinic acid
Pelzont,laropiprant;nicotinic acid
Tredaptive,laropiprant;nicotinic acid
Hyalograft C autograft,
Bondenza (previously Ibandronic Acid Roche),ibandronic acid
Ribavirin BioPartners,ribavirin
Possia,ticagrelor
Ruvise,imatinib
Memantine FGK,memantine
Labazenit,Budesonide;salmeterol
Istodax,romidepsin
Acrescent,memantine hydrochloride;donepezil hydrochloride
Balaxur,memantine hydrochloride;donepezil hydrochloride
Riprazo,aliskiren
Jenzyl,
Loulla,
Duloxetine Boehringer Ingelheim,duloxetine
Solumarv,Insulin human
Isomarv medium,Insulin human
Combimarv,Insulin human
Elelyso,taliglucerase alfa
Rilonacept Regeneron (previously Arcalyst),rilonacept
Imprida HCT,amlodipine;valsartan;hydrochlorothiazide
Zerene,zaleplon
Rivastigmine Teva,rivastigmine
SecreFlo,
Riprazo HCT,aliskiren;hydrochlorothiazide
Sprimeo HCT,aliskiren;hydrochlorothiazide
Exalief,eslicarbazepine acetate
Hexavac,purified diphtheria toxoid;purified tetanus toxoid;purified pertussis toxoid;purified pertussis filamentous haemagglutinin;hepatitis B surface antigen;Inactivated Type 1 Poliovirus (Mahoney);Inactivated Type 3 Poliovirus (Saukett);Haemophilus influenzae type b polysaccharide
Regranex,becaplermin
MabCampath,alemtuzumab
Gonazon,azagly-nafarelin
Valtropin,somatropin
Teslascan,mangafodipir trisodium
Refludan,lepirudin
Clopidogrel Acino Pharma GmbH,clopidogrel
Clopidogrel Acino Pharma,clopidogrel
Clopidogrel Hexal,clopidogrel
Sprimeo,aliskiren
Mulsevo,semuloparin sodium
Egrifta,tesamorelin
Folotyn,pralatrexate
Pioglitazone Teva Generics,pioglitazone hydrochloride
Oxapex,
Fablyn,Lasofoxifene tartrate
Intrinsa,testosterone
Docefrez,docetaxel
Zubrin,tepoxalin
Poulvac Flufend H5N3 RG,recombinant inactivated avian influenza virus
PhotoBarr,porfimer sodium
Pioglitazone ratiopharm GmbH,pioglitazone
Pioglitazone ratiopharm,pioglitazone
Pioglitazone ratio,pioglitazone
Paccal Vet,paclitaxel
Fluad Paediatric,
Livensa,testosterone
"Prepandemic Influenza Vaccine (H5N1) (Split Virion, Inactivated, Adjuvanted) GlaxoSmithKline Biologicals","split influenza virus, inactivated, containing antigen: A/VietNam/1194/2004 (H5N1) like strain used (NIBRG-14)"
Megestrol Alkermes,
Xigris,drotrecogin alfa (activated)
Sumatriptan Galpharm,sumatriptan succinate
Kalbitor,
Janacti,
Desloratadine Krka,desloratadine
Ablavar (previously Vasovist),gadofosveset trisodium
Clopidogrel Sandoz,clopidogrel
Arepanrix,"split influenza virus, inactivated, containing antigen*: A/California/7/2009 (H1N1)v like strain (X-179A)*propagated in eggs."
Luveniq,voclosporin
Alisade,fluticasone furoate
Doxorubicin SUN,doxorubicin hydrochloride
Yarvitan,mitratapide
Ibandronic Acid Hexal,ibandronic acid
Avaglim,rosiglitazone;glimepiride
Filgrastim ratiopharm,filgrastim
Humenza,"split influenza virus, inactivated, containing antigen*: A/California/7/2009 (H1N1)v like strain (X-179A)*propagated in eggs."
Agenerase,amprenavir
Beprana,naproxcinod
Joicela,
Enviage,aliskiren
Epostim,epoetin alfa
Onsenal,celecoxib
Thelin,sitaxentan sodium
Clopidogrel 1A Pharma,clopidogrel
Topotecan SUN,topotecan
Movectro,cladribine
Cerepro,
Tekinex,omacetaxine mepesuccinate
Ozespa,briakinumab
Ionsys,fentanyl hydrochloride
ImmunoGam,human hepatitis B immunoglobulin
Zenhale,Formoterol (fumarate);mometasone furoate
Emerflu,
Rasival,
NeoSpect,depreotide trifluoroacetate
Gallimune Flu H5N9 (i),
Zeftera (previously Zevtera),ceftobiprole medocaril
Medicinal Oxygen Air Liquide Sante,oxygen
Nobilis Influenza H5N6,"inactivated whole avian influenza virus antigen of H5 subtype (strain H5N6, A/duck/Potsdam/2243/84)"
Nobilis Influenza H7N1,"inactivated whole avian influenza virus antigen of H7N1 subtype (strain, A/CK/Italy/473/99)"
Pruban,resocortol butyrate
Brilence,bazedoxifene
Sliwens,
Tyvaso,treprostinil sodium
Repaglinide Sun,repaglinide
Joulferon,
Impulsor,milnacipran
Milnacipran Pierre Fabre Medicament,milnacipran
Ibuprofen/Diphenhydramine Hydrochloride Wyeth,Ibuprofen
Docetaxel Mylan,docetaxel
Pulsaflox,difloxacin
Ratioepo,epoetin theta
Paxene,paclitaxel
Bextra,valdecoxib
Clopidogrel BMS,clopidogrel (as hydrogen sulfate)
Comfyde,carisbamate
Turvel,trovafloxacin
Turvel IV,alatrofloxacin mesilate
Sovrima,idebenone
Trovan IV,alatrofloxacin mesilate
Allex,desloratadine
Evotopin,topotecan
Trovan,trovafloxacin
Indimacis 125,igovomab
Rotashield,"rotavirus serotype 1 reassortant, rotavirus serotype 2 reassortant, rotavirus serotype 3 rhesus, rotavirus serotype 4 reassortant"
Destara,ibandronic acid
Zelnorm,tegaserod
Tikosyn,dofetilide
Tecnemab K1,anti-melanoma mab fragments
Rhucin,recombinant human C1-inhibitor
Genasense,oblimersen
Oncophage,
Advexin,
Recothrom,thrombin alfa
Ethyl Eicosapent soft gelatin capsules,
Nenad,lisuride
Irbesartan BMS,irbesartan
Irbesartan Hydrochlorothiazide BMS,irbesartan;hydrochlorothiazide
Gemesis,becaplermin
Zactima,vandetanib
Mersarex,
Zunrisa,casopitant
Tekturna,aliskiren
Opaxio,
Ramvocid,
Trazec,nateglinide
Posaconazole SP,posaconazole
Raptiva,efalizumab
Bosatria,Mepolizumab
Procomvax,polyribosylribitol phosphate from Haemophilus influenzae type b as PRP-OMPC;outer membrane protein complex of Neisseria meningitidis (outer membrane protein complex of the B11 strain of Neisseria meningitidis subgroup B);adsorbed hepatitis B surface antigen produced in recombinant yeast cells (Saccharomyces cerevisiae)
Contusugene Ladenovec Gendux,
Factive,
Biferonex,interferon beta-1a
Lunivia,eszopiclone
Parareg,cinacalcet
Clopidogrel Teva Pharma,clopidogrel
Dynepo,epoetin delta
Kexxtone,
Velosulin,Insulin human
Ixempra,
Cylatron,peginterferon alfa-2b
Vorinostat MSD,vorinostat
Zenapax,daclizumab
Zimulti,rimonabant
Acomplia,rimonabant
Nespo,darbepoetin alfa
Neupopeg,pegfilgrastim
Theraloc,nimotuzumab
Forcaltonin,recombinant salmon calcitonin
Viraferon,interferon alfa-2b
Vekacia,ciclosporin
Exubera,Insulin human
Protopy,tacrolimus
Vibativ,telavancin
Ellefore,
Lacosamide Pain UCB Pharma,lacosamide
Ramelteon,
Exulett,
Quintanrix,Diphtheria toxoid;tetanus toxoid;inactivated Bordetella pertussis;hepatitis B surface antigen (rDNA);Haemophilus influenzae type b polysaccharide
Orplatna,satraplatin
Diractin,ketoprofen
Spanidin,gusperimus trihydrochloride
Aflunov,A/VietNam/1194/2004
Lenalidomide Celgene Europe,lenalidomide
Aquilda,satavaptan
DuoPlavin,clopidogrel;acetylsalicylic acid
DuoCover,clopidogrel;acetylsalicylic acid
orBec,beclomethasone dipropionate
Quixidar,fondaparinux sodium
Cimzia,certolizumab pegol
Kiacta,eprodisate disodium
Advasure,E2 glycoprotein of classical swine fever virus
Pristiqs,desvenlafaxine
Levviax,telithromycin
Monotard,Insulin human
Trudexa,adalimumab
Ultratard,Insulin human
Natalizumab Elan Pharma,natalizumab
Mylotarg,gemtuzumab ozogamicin
Insulin Human Rapid Marvel,human insulin
Insulin Human Long Marvel,human insulin
Insulin Human 30/70 Mix Marvel,human insulin
Sinerem,iron oxide
Gastromotal,1-13C-caprylic acid
Garenoxacin mesylate,garenoxacin mesylate
Retisert,Fluocinolone acetonide
Cerepro,adenovirus-mediated Herpes simplex virus-thymidine kinase gene
Voraxaze,glucarpidase
Vitragan,hyaluronidase
Iplex,mecasermin rinfabate
Mycograb,recombinant human monoclonal antibody to hsp
Arxxant,
Veraflox,pradofloxacin
Synordia,fenofibrate;metformin
Riquent,abetimus
Multaq,dronedarone
Fortovase,saquinavir
Thymanax,agomelatine
Valdoxan,agomelatine
Alpheon,recombinant human interferon alfa-2a
Surfaxin,sinapultide;Dipalmitoylphosphatidylcholine;palmitoyl-oleoyl phosphatidylglycerol;palmitic acid
Infergen,interferon alfacon-1
Uprima,apomorphine hydrochloride
Daquiran,pramipexole dihydrochloride monohydrate
Scintimun,besilesomab
Retaane,anecortave acetate
Theryttrex,yttrium (90Y) chloride
Ximelagatran 36 mg film coated tablets,ximelagatran
Orathecin,rubitecan
Tenecteplase Boehringer Ingelheim Pharma GmbH Co. KG,tenecteplase
CEA-Scan,arcitumomab
Rayzon,parecoxib
Patrex,sildenafil
Valdyn (previously Kudeq),valdecoxib
Infanrix HepB,Diphtheria toxoid;tetanus toxoid;pertussis toxoid;pertussis haemagglutin filamentous;pertactin;hepatitis B recombinant surface antigen
Venvia,rosiglitazone
Nyracta,rosiglitazone
Taluvian,apomorphine hydrochloride
Ixense,apomorphine hydrochloride
Doxirobe,doxycycline
Xapit,parecoxib
Valdyn,valdecoxib
Eurifel RCP FeLV,"canarypox virus expressing feline leukemia virus, live;feline calicivirus, strain 255, inactivated;feline panleucopenia virus, strain PLI IV, live;feline rhinotracheitis virus, strain C27, antigen"
Opulis,desloratadine
Cotronak,ribavirin
HumaSPECT,votumumab
Yondelis,trabectedin
Olansek,olanzapine
Hepacare,"hepatitis B surface antigens recombinant (S, pre-S1, pre-S2) adsorbed on aluminium hydroxide [produced on genetically engineered murine (C127I) cells]"
Vitravene,fomivirsen
Zartra,imiquimod
Triacelluvax,Diphtheria toxoid;haemagglutinin filamentous;pertussis pertactin;pertussis toxin;tetanus toxoid
Orlaam,levacetylmethadol
Vitrasert Implant,ganciclovir
Liprolog,insulin lispro
EchoGen,dodecafluoropentane
Ecokinase,reteplase
Primavax,"Diphtheria toxoid;hepatitis B, recombinant surface antigen;tetanus toxoid"
Pylori-Chek,urea (13C)
