kwdikos_exetashs,hmeromhnia,typos_exetashs,kostos,apotelesma,AMKA,ID_nosileias
EX-00001,2023-01-04 07:16:55,ΑΝΑΙΣΘΗΣΙΑ ΓΙΑ ΕΠΕΜΒΑΣΕΙΣ ΕΠΑΝΟΡΘΩΤΙΚΗΣ ΧΕΙΡΟΥΡΓΙΚΗΣ ΒΛΕΦΑΡΩΝ (Π.Χ. ΒΛΕΦΑΡΟΠΛΑΣΤΙΚΗ ΕΓΧΕΙΡΗΣΗ ΒΛΕΦΑΡΟΠΤΩΣΗΣ),2236.35,Αναμένονται περαιτέρω αναλύσεις από το εργαστήριο.,01090729354,1
EX-00002,2023-01-07 08:16:55,ΑΝΑΙΣΘΗΣΙΑ ΓΙΑ ΕΠΕΜΒΑΣΕΙΣ ΠΟΥ ΑΦΟΡΟΥΝ ΤΟΝ ΟΦΘΑΛΜΟ· ΔΕΝ ΠΡΟΣΔΙΟΡΙΖΕΤΑΙ ΠΕΡΑΙΤΕΡΩ,574.09,Αναμένονται περαιτέρω αναλύσεις από το εργαστήριο.,01090729354,1
EX-00003,2023-01-07 21:43:39,"ΑΝΑΙΣΘΗΣΙΑ ΓΙΑ ΕΠΕΜΒΑΣΕΙΣ ΠΟΥ ΑΦΟΡΟΥΝ ΤΟΥΣ ΣΙΕΛΟΓΟΝΟΥΣ ΑΔΕΝΕΣ, ΣΥΜΠΕΡΙΛΑΜΒΑΝΟΜΕΝΗΣ ΤΗΣ ΒΙΟΨΙΑΣ",264.08,Ολοκληρώθηκε χωρίς επιπλοκές.,19029051436,2
EX-00004,2023-01-08 05:43:39,ΑΝΑΙΣΘΗΣΙΑ ΓΙΑ ΕΝΔΟΚΡΑΝΙΑΚΕΣ ΕΠΕΜΒΑΣΕΙΣ· ΚΡΑΝΙΟΤΟΜΗ Ή ΚΡΑΝΙΕΚΤΟΜΗ ΓΙΑ ΤΗΝ ΠΑΡΟΧΕΤΕΥΣΗ ΑΙΜΑΤΩΜΑΤΟΣ,51.97,Ολοκληρώθηκε χωρίς επιπλοκές.,19029051436,2
EX-00005,2023-01-09 06:43:39,ΑΝΑΙΣΘΗΣΙΑ ΓΙΑ ΕΠΕΜΒΑΣΕΙΣ ΠΟΥ ΑΦΟΡΟΥΝ ΤΗ ΡΙΝΑ ΚΑΙ ΕΠΙΚΟΥΡΙΚΕΣ ΚΟΙΛΟΤΗΤΕΣ· ΡΙΖΙΚΗ ΕΠΕΜΒΑΣΗ,2369.80,Ήπια απόκλιση τιμών. Ενημερώθηκε ο θεράπων ιατρός.,19029051436,2
EX-00006,2023-01-09 09:46:36,"ΑΝΑΙΣΘΗΣΙΑ ΓΙΑ ΕΠΕΜΒΑΣΕΙΣ ΠΟΥ ΑΦΟΡΟΥΝ ΤΟ ΕΞΩ, ΤΟ ΜΕΣΟΝ ΚΑΙ ΤΟ ΕΣΩ ΟΥΣ, ΣΥΜΠΕΡΙΛΑΜΒΑΝΟΜΕΝΗΣ ΤΗΣ ΒΙΟΨΙΑΣ· ΔΕΝ ΠΡΟΣΔΙΟΡΙΖΕΤΑΙ ΠΕΡΑΙΤΕΡΩ",795.29,Αναμένονται περαιτέρω αναλύσεις από το εργαστήριο.,23028627654,3
EX-00007,2023-01-08 08:46:36,ΑΝΑΙΣΘΗΣΙΑ ΓΙΑ ΕΠΕΜΒΑΣΕΙΣ ΣΧΕΤΙΚΕΣ ΜΕ ΤΗΝ ΠΛΑΣΤΙΚΗ ΔΙΟΡΘΩΣΗ ΧΕΙΛΕΟΣΧΙΣΤΙΑΣ (ΛΥΚΟΣΤΟΜΑ),2027.48,Ολοκληρώθηκε χωρίς επιπλοκές.,23028627654,3
EX-00008,2023-01-11 08:43:04,"ΑΝΑΙΣΘΗΣΙΑ ΓΙΑ ΕΠΕΜΒΑΣΕΙΣ ΠΟΥ ΑΦΟΡΟΥΝ ΤΟ ΕΞΩ, ΤΟ ΜΕΣΟΝ ΚΑΙ ΤΟ ΕΣΩ ΟΥΣ, ΣΥΜΠΕΡΙΛΑΜΒΑΝΟΜΕΝΗΣ ΤΗΣ ΒΙΟΨΙΑΣ· ΔΕΝ ΠΡΟΣΔΙΟΡΙΖΕΤΑΙ ΠΕΡΑΙΤΕΡΩ",795.29,Αναμένονται περαιτέρω αναλύσεις από το εργαστήριο.,06117882147,4
EX-00009,2023-01-14 16:32:12,"ΑΝΑΙΣΘΗΣΙΑ ΓΙΑ ΕΠΕΜΒΑΣΕΙΣ ΠΟΥ ΑΦΟΡΟΥΝ ΤΟ ΕΞΩ, ΤΟ ΜΕΣΟΝ ΚΑΙ ΤΟ ΕΣΩ ΟΥΣ, ΣΥΜΠΕΡΙΛΑΜΒΑΝΟΜΕΝΗΣ ΤΗΣ ΒΙΟΨΙΑΣ· ΔΕΝ ΠΡΟΣΔΙΟΡΙΖΕΤΑΙ ΠΕΡΑΙΤΕΡΩ",795.29,Ολοκληρώθηκε χωρίς επιπλοκές.,22120477375,5
EX-00010,2023-01-14 03:32:12,"ΑΝΑΙΣΘΗΣΙΑ ΓΙΑ ΕΠΕΜΒΑΣΕΙΣ ΠΟΥ ΑΦΟΡΟΥΝ ΤΟ ΕΞΩ, ΤΟ ΜΕΣΟΝ ΚΑΙ ΤΟ ΕΣΩ ΟΥΣ, ΣΥΜΠΕΡΙΛΑΜΒΑΝΟΜΕΝΗΣ ΤΗΣ ΒΙΟΨΙΑΣ· ΩΤΟΣΚΟΠΗΣΗ",2213.35,Η διαδικασία ολοκληρώθηκε ομαλά. Φυσιολογικά ευρήματα.,22120477375,5
EX-00011,2023-01-18 19:42:25,ΑΝΑΙΣΘΗΣΙΑ ΓΙΑ ΕΝΔΟΚΡΑΝΙΑΚΕΣ ΕΠΕΜΒΑΣΕΙΣ· ΚΡΑΝΙΟΤΟΜΗ Ή ΚΡΑΝΙΕΚΤΟΜΗ ΓΙΑ ΤΗΝ ΠΑΡΟΧΕΤΕΥΣΗ ΑΙΜΑΤΩΜΑΤΟΣ,51.97,Η διαδικασία ολοκληρώθηκε ομαλά. Φυσιολογικά ευρήματα.,08088799158,6
EX-00012,2023-01-18 10:42:25,ΑΝΑΙΣΘΗΣΙΑ ΓΙΑ ΕΠΕΜΒΑΣΕΙΣ ΕΠΑΝΟΡΘΩΤΙΚΗΣ ΧΕΙΡΟΥΡΓΙΚΗΣ ΒΛΕΦΑΡΩΝ (Π.Χ. ΒΛΕΦΑΡΟΠΛΑΣΤΙΚΗ ΕΓΧΕΙΡΗΣΗ ΒΛΕΦΑΡΟΠΤΩΣΗΣ),2236.35,Αναμένονται περαιτέρω αναλύσεις από το εργαστήριο.,08088799158,6
EX-00013,2023-01-23 10:37:39,ΑΝΑΙΣΘΗΣΙΑ ΓΙΑ ΕΠΕΜΒΑΣΕΙΣ ΕΠΑΝΟΡΘΩΤΙΚΗΣ ΧΕΙΡΟΥΡΓΙΚΗΣ ΒΛΕΦΑΡΩΝ (Π.Χ. ΒΛΕΦΑΡΟΠΛΑΣΤΙΚΗ ΕΓΧΕΙΡΗΣΗ ΒΛΕΦΑΡΟΠΤΩΣΗΣ),2236.35,Αναμένονται περαιτέρω αναλύσεις από το εργαστήριο.,06050738238,7
EX-00014,2023-01-22 13:12:07,ΑΝΑΙΣΘΗΣΙΑ ΓΙΑ ΕΠΕΜΒΑΣΕΙΣ ΕΠΑΝΟΡΘΩΤΙΚΗΣ ΧΕΙΡΟΥΡΓΙΚΗΣ ΒΛΕΦΑΡΩΝ (Π.Χ. ΒΛΕΦΑΡΟΠΛΑΣΤΙΚΗ ΕΓΧΕΙΡΗΣΗ ΒΛΕΦΑΡΟΠΤΩΣΗΣ),2236.35,Δεν παρατηρήθηκαν παθολογικά ευρήματα κατά τον έλεγχο.,07034474162,8
EX-00015,2023-01-22 21:12:07,ΑΝΑΙΣΘΗΣΙΑ ΓΙΑ ΕΠΕΜΒΑΣΕΙΣ ΠΟΥ ΑΦΟΡΟΥΝ ΤΗ ΡΙΝΑ ΚΑΙ ΕΠΙΚΟΥΡΙΚΕΣ ΚΟΙΛΟΤΗΤΕΣ· ΡΙΖΙΚΗ ΕΠΕΜΒΑΣΗ,2369.80,Ολοκληρώθηκε χωρίς επιπλοκές.,07034474162,8
EX-00016,2023-01-24 19:31:55,ΑΝΑΙΣΘΗΣΙΑ ΓΙΑ ΕΠΕΜΒΑΣΕΙΣ ΕΠΑΝΟΡΘΩΤΙΚΗΣ ΧΕΙΡΟΥΡΓΙΚΗΣ ΒΛΕΦΑΡΩΝ (Π.Χ. ΒΛΕΦΑΡΟΠΛΑΣΤΙΚΗ ΕΓΧΕΙΡΗΣΗ ΒΛΕΦΑΡΟΠΤΩΣΗΣ),2236.35,Ολοκληρώθηκε χωρίς επιπλοκές.,17075032006,9
EX-00017,2023-01-23 18:31:55,"ΑΝΑΙΣΘΗΣΙΑ ΓΙΑ ΕΠΕΜΒΑΣΕΙΣ ΠΟΥ ΑΦΟΡΟΥΝ ΤΟΥΣ ΣΙΕΛΟΓΟΝΟΥΣ ΑΔΕΝΕΣ, ΣΥΜΠΕΡΙΛΑΜΒΑΝΟΜΕΝΗΣ ΤΗΣ ΒΙΟΨΙΑΣ",264.08,Ήπια απόκλιση τιμών. Ενημερώθηκε ο θεράπων ιατρός.,17075032006,9
EX-00018,2023-01-31 21:51:49,"ΑΝΑΙΣΘΗΣΙΑ ΓΙΑ ΕΠΕΜΒΑΣΕΙΣ ΠΟΥ ΑΦΟΡΟΥΝ ΤΟ ΕΞΩ, ΤΟ ΜΕΣΟΝ ΚΑΙ ΤΟ ΕΣΩ ΟΥΣ, ΣΥΜΠΕΡΙΛΑΜΒΑΝΟΜΕΝΗΣ ΤΗΣ ΒΙΟΨΙΑΣ· ΩΤΟΣΚΟΠΗΣΗ",2213.35,Ολοκληρώθηκε χωρίς επιπλοκές.,04025648413,10
EX-00019,2023-02-01 18:51:49,ΑΝΑΙΣΘΗΣΙΑ ΓΙΑ ΕΠΕΜΒΑΣΕΙΣ ΠΟΥ ΑΦΟΡΟΥΝ ΤΗ ΡΙΝΑ ΚΑΙ ΕΠΙΚΟΥΡΙΚΕΣ ΚΟΙΛΟΤΗΤΕΣ· ΡΙΖΙΚΗ ΕΠΕΜΒΑΣΗ,2369.80,Αναμένονται περαιτέρω αναλύσεις από το εργαστήριο.,04025648413,10
EX-00020,2023-02-05 06:48:00,"ΑΝΑΙΣΘΗΣΙΑ ΓΙΑ ΕΠΕΜΒΑΣΕΙΣ ΠΟΥ ΑΦΟΡΟΥΝ ΤΟ ΕΞΩ, ΤΟ ΜΕΣΟΝ ΚΑΙ ΤΟ ΕΣΩ ΟΥΣ, ΣΥΜΠΕΡΙΛΑΜΒΑΝΟΜΕΝΗΣ ΤΗΣ ΒΙΟΨΙΑΣ· ΩΤΟΣΚΟΠΗΣΗ",2213.35,Αναμένονται περαιτέρω αναλύσεις από το εργαστήριο.,20039794570,11
EX-00021,2023-02-03 19:48:00,ΑΝΑΙΣΘΗΣΙΑ ΓΙΑ ΕΠΕΜΒΑΣΕΙΣ ΣΧΕΤΙΚΕΣ ΜΕ ΤΗΝ ΠΛΑΣΤΙΚΗ ΔΙΟΡΘΩΣΗ ΧΕΙΛΕΟΣΧΙΣΤΙΑΣ (ΛΥΚΟΣΤΟΜΑ),2027.48,Ολοκληρώθηκε χωρίς επιπλοκές.,20039794570,11
EX-00022,2023-02-03 02:48:00,"ΑΝΑΙΣΘΗΣΙΑ ΓΙΑ ΕΠΕΜΒΑΣΕΙΣ ΠΟΥ ΑΦΟΡΟΥΝ ΤΟ ΕΞΩ, ΤΟ ΜΕΣΟΝ ΚΑΙ ΤΟ ΕΣΩ ΟΥΣ, ΣΥΜΠΕΡΙΛΑΜΒΑΝΟΜΕΝΗΣ ΤΗΣ ΒΙΟΨΙΑΣ· ΤΟΜΗ ΤΥΜΠΑΝΙΚΟΥ ΥΜΕΝΑ",1283.52,Δεν παρατηρήθηκαν παθολογικά ευρήματα κατά τον έλεγχο.,20039794570,11
EX-00023,2023-02-06 23:59:11,"ΑΝΑΙΣΘΗΣΙΑ ΓΙΑ ΕΠΕΜΒΑΣΕΙΣ ΠΟΥ ΑΦΟΡΟΥΝ ΤΟΥΣ ΣΙΕΛΟΓΟΝΟΥΣ ΑΔΕΝΕΣ, ΣΥΜΠΕΡΙΛΑΜΒΑΝΟΜΕΝΗΣ ΤΗΣ ΒΙΟΨΙΑΣ",264.08,Αναμένονται περαιτέρω αναλύσεις από το εργαστήριο.,18118519593,12
EX-00024,2023-02-05 03:59:11,"ΑΝΑΙΣΘΗΣΙΑ ΓΙΑ ΕΠΕΜΒΑΣΕΙΣ ΠΟΥ ΑΦΟΡΟΥΝ ΤΟΥΣ ΣΙΕΛΟΓΟΝΟΥΣ ΑΔΕΝΕΣ, ΣΥΜΠΕΡΙΛΑΜΒΑΝΟΜΕΝΗΣ ΤΗΣ ΒΙΟΨΙΑΣ",264.08,Η διαδικασία ολοκληρώθηκε ομαλά. Φυσιολογικά ευρήματα.,18118519593,12
EX-00025,2023-02-09 15:47:27,"ΑΝΑΙΣΘΗΣΙΑ ΓΙΑ ΕΠΕΜΒΑΣΕΙΣ ΠΟΥ ΑΦΟΡΟΥΝ ΤΟΥΣ ΣΙΕΛΟΓΟΝΟΥΣ ΑΔΕΝΕΣ, ΣΥΜΠΕΡΙΛΑΜΒΑΝΟΜΕΝΗΣ ΤΗΣ ΒΙΟΨΙΑΣ",264.08,Αναμένονται περαιτέρω αναλύσεις από το εργαστήριο.,19089017616,13
EX-00026,2023-02-09 14:47:27,"ΑΝΑΙΣΘΗΣΙΑ ΓΙΑ ΕΠΕΜΒΑΣΕΙΣ ΠΟΥ ΑΦΟΡΟΥΝ ΤΟ ΕΞΩ, ΤΟ ΜΕΣΟΝ ΚΑΙ ΤΟ ΕΣΩ ΟΥΣ, ΣΥΜΠΕΡΙΛΑΜΒΑΝΟΜΕΝΗΣ ΤΗΣ ΒΙΟΨΙΑΣ· ΔΕΝ ΠΡΟΣΔΙΟΡΙΖΕΤΑΙ ΠΕΡΑΙΤΕΡΩ",795.29,Η διαδικασία ολοκληρώθηκε ομαλά. Φυσιολογικά ευρήματα.,19089017616,13
EX-00027,2023-02-13 00:36:19,"ΑΝΑΙΣΘΗΣΙΑ ΓΙΑ ΕΠΕΜΒΑΣΕΙΣ ΠΟΥ ΑΦΟΡΟΥΝ ΤΟ ΕΞΩ, ΤΟ ΜΕΣΟΝ ΚΑΙ ΤΟ ΕΣΩ ΟΥΣ, ΣΥΜΠΕΡΙΛΑΜΒΑΝΟΜΕΝΗΣ ΤΗΣ ΒΙΟΨΙΑΣ· ΤΟΜΗ ΤΥΜΠΑΝΙΚΟΥ ΥΜΕΝΑ",1283.52,Δεν παρατηρήθηκαν παθολογικά ευρήματα κατά τον έλεγχο.,06019165174,14
EX-00028,2023-02-14 09:36:19,ΑΝΑΙΣΘΗΣΙΑ ΓΙΑ ΕΠΕΜΒΑΣΕΙΣ ΠΟΥ ΑΦΟΡΟΥΝ ΤΟΝ ΟΦΘΑΛΜΟ· ΧΕΙΡΟΥΡΓΙΚΗ ΦΑΚΩΝ,1156.04,Ήπια απόκλιση τιμών. Ενημερώθηκε ο θεράπων ιατρός.,06019165174,14
EX-00029,2023-02-09 19:45:22,"ΑΝΑΙΣΘΗΣΙΑ ΓΙΑ ΕΠΕΜΒΑΣΕΙΣ ΠΟΥ ΑΦΟΡΟΥΝ ΤΟ ΕΞΩ, ΤΟ ΜΕΣΟΝ ΚΑΙ ΤΟ ΕΣΩ ΟΥΣ, ΣΥΜΠΕΡΙΛΑΜΒΑΝΟΜΕΝΗΣ ΤΗΣ ΒΙΟΨΙΑΣ· ΤΟΜΗ ΤΥΜΠΑΝΙΚΟΥ ΥΜΕΝΑ",1283.52,Δεν παρατηρήθηκαν παθολογικά ευρήματα κατά τον έλεγχο.,19110834569,15
EX-00030,2023-02-14 10:45:22,ΑΝΑΙΣΘΗΣΙΑ ΓΙΑ ΕΠΕΜΒΑΣΕΙΣ ΕΠΑΝΟΡΘΩΤΙΚΗΣ ΧΕΙΡΟΥΡΓΙΚΗΣ ΒΛΕΦΑΡΩΝ (Π.Χ. ΒΛΕΦΑΡΟΠΛΑΣΤΙΚΗ ΕΓΧΕΙΡΗΣΗ ΒΛΕΦΑΡΟΠΤΩΣΗΣ),2236.35,Δεν παρατηρήθηκαν παθολογικά ευρήματα κατά τον έλεγχο.,19110834569,15
EX-00031,2023-02-26 20:44:20,"ΑΝΑΙΣΘΗΣΙΑ ΓΙΑ ΕΠΕΜΒΑΣΕΙΣ ΠΟΥ ΑΦΟΡΟΥΝ ΤΟΥΣ ΣΙΕΛΟΓΟΝΟΥΣ ΑΔΕΝΕΣ, ΣΥΜΠΕΡΙΛΑΜΒΑΝΟΜΕΝΗΣ ΤΗΣ ΒΙΟΨΙΑΣ",264.08,Ολοκληρώθηκε χωρίς επιπλοκές.,02030634060,16
EX-00032,2023-02-20 09:44:20,"ΑΝΑΙΣΘΗΣΙΑ ΓΙΑ ΕΠΕΜΒΑΣΕΙΣ ΠΟΥ ΑΦΟΡΟΥΝ ΤΟ ΕΞΩ, ΤΟ ΜΕΣΟΝ ΚΑΙ ΤΟ ΕΣΩ ΟΥΣ, ΣΥΜΠΕΡΙΛΑΜΒΑΝΟΜΕΝΗΣ ΤΗΣ ΒΙΟΨΙΑΣ· ΤΟΜΗ ΤΥΜΠΑΝΙΚΟΥ ΥΜΕΝΑ",1283.52,Ήπια απόκλιση τιμών. Ενημερώθηκε ο θεράπων ιατρός.,02030634060,16
EX-00033,2023-02-20 12:12:17,ΑΝΑΙΣΘΗΣΙΑ ΓΙΑ ΗΛΕΚΤΡΟΣΠΑΣΜΟΘΕΡΑΠΕΙΑ,1532.75,Η διαδικασία ολοκληρώθηκε ομαλά. Φυσιολογικά ευρήματα.,29109569303,17
EX-00034,2023-02-24 04:12:17,ΑΝΑΙΣΘΗΣΙΑ ΓΙΑ ΕΠΕΜΒΑΣΕΙΣ ΠΟΥ ΑΦΟΡΟΥΝ ΤΗ ΡΙΝΑ ΚΑΙ ΕΠΙΚΟΥΡΙΚΕΣ ΚΟΙΛΟΤΗΤΕΣ· ΡΙΖΙΚΗ ΕΠΕΜΒΑΣΗ,2369.80,Η διαδικασία ολοκληρώθηκε ομαλά. Φυσιολογικά ευρήματα.,29109569303,17
EX-00035,2023-02-21 08:12:17,"ΑΝΑΙΣΘΗΣΙΑ ΓΙΑ ΕΠΕΜΒΑΣΕΙΣ ΠΟΥ ΑΦΟΡΟΥΝ ΤΟ ΕΞΩ, ΤΟ ΜΕΣΟΝ ΚΑΙ ΤΟ ΕΣΩ ΟΥΣ, ΣΥΜΠΕΡΙΛΑΜΒΑΝΟΜΕΝΗΣ ΤΗΣ ΒΙΟΨΙΑΣ· ΤΟΜΗ ΤΥΜΠΑΝΙΚΟΥ ΥΜΕΝΑ",1283.52,Δεν παρατηρήθηκαν παθολογικά ευρήματα κατά τον έλεγχο.,29109569303,17
EX-00036,2023-03-03 09:19:34,ΑΝΑΙΣΘΗΣΙΑ ΓΙΑ ΕΠΕΜΒΑΣΕΙΣ ΠΟΥ ΑΦΟΡΟΥΝ ΤΟΝ ΟΦΘΑΛΜΟ· ΧΕΙΡΟΥΡΓΙΚΗ ΦΑΚΩΝ,1156.04,Δεν παρατηρήθηκαν παθολογικά ευρήματα κατά τον έλεγχο.,15089851983,18
EX-00037,2023-02-28 04:18:54,ΑΝΑΙΣΘΗΣΙΑ ΓΙΑ ΕΝΔΟΚΡΑΝΙΑΚΕΣ ΕΠΕΜΒΑΣΕΙΣ· ΗΛΕΚΤΡΟΚΑΥΤΗΡΙΑΣΗ ΤΟΥ ΕΝΔΟΚΡΑΝΙΑΚΟΥ ΝΕΥΡΟΥ,2173.68,Ολοκληρώθηκε χωρίς επιπλοκές.,21110456039,19
EX-00038,2023-02-25 22:18:54,ΑΝΑΙΣΘΗΣΙΑ ΓΙΑ ΕΠΕΜΒΑΣΕΙΣ ΠΟΥ ΑΦΟΡΟΥΝ ΤΟΝ ΟΦΘΑΛΜΟ· ΧΕΙΡΟΥΡΓΙΚΗ ΦΑΚΩΝ,1156.04,Η διαδικασία ολοκληρώθηκε ομαλά. Φυσιολογικά ευρήματα.,21110456039,19
EX-00039,2023-03-12 23:25:38,ΑΝΑΙΣΘΗΣΙΑ ΓΙΑ ΕΝΔΟΚΡΑΝΙΑΚΕΣ ΕΠΕΜΒΑΣΕΙΣ· ΗΛΕΚΤΡΟΚΑΥΤΗΡΙΑΣΗ ΤΟΥ ΕΝΔΟΚΡΑΝΙΑΚΟΥ ΝΕΥΡΟΥ,2173.68,Αναμένονται περαιτέρω αναλύσεις από το εργαστήριο.,28026692058,20
EX-00040,2023-03-05 21:25:38,ΑΝΑΙΣΘΗΣΙΑ ΓΙΑ ΕΠΕΜΒΑΣΕΙΣ ΣΧΕΤΙΚΕΣ ΜΕ ΤΗΝ ΠΛΑΣΤΙΚΗ ΔΙΟΡΘΩΣΗ ΧΕΙΛΕΟΣΧΙΣΤΙΑΣ (ΛΥΚΟΣΤΟΜΑ),2027.48,Η διαδικασία ολοκληρώθηκε ομαλά. Φυσιολογικά ευρήματα.,28026692058,20
EX-00041,2023-03-12 00:25:38,"ΑΝΑΙΣΘΗΣΙΑ ΓΙΑ ΕΠΕΜΒΑΣΕΙΣ ΠΟΥ ΑΦΟΡΟΥΝ ΤΟ ΕΞΩ, ΤΟ ΜΕΣΟΝ ΚΑΙ ΤΟ ΕΣΩ ΟΥΣ, ΣΥΜΠΕΡΙΛΑΜΒΑΝΟΜΕΝΗΣ ΤΗΣ ΒΙΟΨΙΑΣ· ΔΕΝ ΠΡΟΣΔΙΟΡΙΖΕΤΑΙ ΠΕΡΑΙΤΕΡΩ",795.29,Δεν παρατηρήθηκαν παθολογικά ευρήματα κατά τον έλεγχο.,28026692058,20
EX-00042,2023-03-08 13:05:20,"ΑΝΑΙΣΘΗΣΙΑ ΓΙΑ ΕΠΕΜΒΑΣΕΙΣ ΠΟΥ ΑΦΟΡΟΥΝ ΤΟ ΕΞΩ, ΤΟ ΜΕΣΟΝ ΚΑΙ ΤΟ ΕΣΩ ΟΥΣ, ΣΥΜΠΕΡΙΛΑΜΒΑΝΟΜΕΝΗΣ ΤΗΣ ΒΙΟΨΙΑΣ· ΔΕΝ ΠΡΟΣΔΙΟΡΙΖΕΤΑΙ ΠΕΡΑΙΤΕΡΩ",795.29,Δεν παρατηρήθηκαν παθολογικά ευρήματα κατά τον έλεγχο.,20039794570,21
EX-00043,2023-03-09 13:05:20,ΑΝΑΙΣΘΗΣΙΑ ΓΙΑ ΕΝΔΟΚΡΑΝΙΑΚΕΣ ΕΠΕΜΒΑΣΕΙΣ· ΗΛΕΚΤΡΟΚΑΥΤΗΡΙΑΣΗ ΤΟΥ ΕΝΔΟΚΡΑΝΙΑΚΟΥ ΝΕΥΡΟΥ,2173.68,Η διαδικασία ολοκληρώθηκε ομαλά. Φυσιολογικά ευρήματα.,20039794570,21
EX-00044,2023-03-10 12:05:20,"ΑΝΑΙΣΘΗΣΙΑ ΓΙΑ ΕΠΕΜΒΑΣΕΙΣ ΠΟΥ ΑΦΟΡΟΥΝ ΤΟ ΕΞΩ, ΤΟ ΜΕΣΟΝ ΚΑΙ ΤΟ ΕΣΩ ΟΥΣ, ΣΥΜΠΕΡΙΛΑΜΒΑΝΟΜΕΝΗΣ ΤΗΣ ΒΙΟΨΙΑΣ· ΩΤΟΣΚΟΠΗΣΗ",2213.35,Δεν παρατηρήθηκαν παθολογικά ευρήματα κατά τον έλεγχο.,20039794570,21
EX-00045,2023-03-11 20:59:36,ΑΝΑΙΣΘΗΣΙΑ ΓΙΑ ΕΝΔΟΚΡΑΝΙΑΚΕΣ ΕΠΕΜΒΑΣΕΙΣ· ΚΡΑΝΙΟΤΟΜΗ Ή ΚΡΑΝΙΕΚΤΟΜΗ ΓΙΑ ΤΗΝ ΠΑΡΟΧΕΤΕΥΣΗ ΑΙΜΑΤΩΜΑΤΟΣ,51.97,Ήπια απόκλιση τιμών. Ενημερώθηκε ο θεράπων ιατρός.,10094598570,22
EX-00046,2023-03-11 08:59:36,"ΑΝΑΙΣΘΗΣΙΑ ΓΙΑ ΕΠΕΜΒΑΣΕΙΣ ΠΟΥ ΑΦΟΡΟΥΝ ΤΟΥΣ ΣΙΕΛΟΓΟΝΟΥΣ ΑΔΕΝΕΣ, ΣΥΜΠΕΡΙΛΑΜΒΑΝΟΜΕΝΗΣ ΤΗΣ ΒΙΟΨΙΑΣ",264.08,Η διαδικασία ολοκληρώθηκε ομαλά. Φυσιολογικά ευρήματα.,10094598570,22
EX-00047,2023-03-14 08:49:53,ΑΝΑΙΣΘΗΣΙΑ ΓΙΑ ΕΠΕΜΒΑΣΕΙΣ ΕΠΑΝΟΡΘΩΤΙΚΗΣ ΧΕΙΡΟΥΡΓΙΚΗΣ ΒΛΕΦΑΡΩΝ (Π.Χ. ΒΛΕΦΑΡΟΠΛΑΣΤΙΚΗ ΕΓΧΕΙΡΗΣΗ ΒΛΕΦΑΡΟΠΤΩΣΗΣ),2236.35,Δεν παρατηρήθηκαν παθολογικά ευρήματα κατά τον έλεγχο.,07100156298,23
EX-00048,2023-03-15 02:49:53,ΑΝΑΙΣΘΗΣΙΑ ΓΙΑ ΗΛΕΚΤΡΟΣΠΑΣΜΟΘΕΡΑΠΕΙΑ,1532.75,Αναμένονται περαιτέρω αναλύσεις από το εργαστήριο.,07100156298,23
EX-00049,2023-03-19 15:49:53,ΑΝΑΙΣΘΗΣΙΑ ΓΙΑ ΕΠΕΜΒΑΣΕΙΣ ΠΟΥ ΑΦΟΡΟΥΝ ΤΗ ΡΙΝΑ ΚΑΙ ΕΠΙΚΟΥΡΙΚΕΣ ΚΟΙΛΟΤΗΤΕΣ· ΡΙΖΙΚΗ ΕΠΕΜΒΑΣΗ,2369.80,Η διαδικασία ολοκληρώθηκε ομαλά. Φυσιολογικά ευρήματα.,07100156298,23
EX-00050,2023-03-20 12:50:26,ΑΝΑΙΣΘΗΣΙΑ ΓΙΑ ΕΠΕΜΒΑΣΕΙΣ ΣΧΕΤΙΚΕΣ ΜΕ ΤΗΝ ΠΛΑΣΤΙΚΗ ΔΙΟΡΘΩΣΗ ΧΕΙΛΕΟΣΧΙΣΤΙΑΣ (ΛΥΚΟΣΤΟΜΑ),2027.48,Ήπια απόκλιση τιμών. Ενημερώθηκε ο θεράπων ιατρός.,18020449145,24
EX-00051,2023-03-22 20:50:26,ΑΝΑΙΣΘΗΣΙΑ ΓΙΑ ΗΛΕΚΤΡΟΣΠΑΣΜΟΘΕΡΑΠΕΙΑ,1532.75,Ήπια απόκλιση τιμών. Ενημερώθηκε ο θεράπων ιατρός.,18020449145,24
EX-00052,2023-03-19 19:32:57,ΑΝΑΙΣΘΗΣΙΑ ΓΙΑ ΕΠΕΜΒΑΣΕΙΣ ΠΟΥ ΑΦΟΡΟΥΝ ΤΟΝ ΟΦΘΑΛΜΟ· ΧΕΙΡΟΥΡΓΙΚΗ ΦΑΚΩΝ,1156.04,Δεν παρατηρήθηκαν παθολογικά ευρήματα κατά τον έλεγχο.,22120477375,25
EX-00053,2023-03-21 03:32:57,ΑΝΑΙΣΘΗΣΙΑ ΓΙΑ ΕΠΕΜΒΑΣΕΙΣ ΠΟΥ ΑΦΟΡΟΥΝ ΤΟΝ ΟΦΘΑΛΜΟ· ΧΕΙΡΟΥΡΓΙΚΗ ΦΑΚΩΝ,1156.04,Ήπια απόκλιση τιμών. Ενημερώθηκε ο θεράπων ιατρός.,22120477375,25
EX-00054,2023-03-20 12:32:57,ΑΝΑΙΣΘΗΣΙΑ ΓΙΑ ΕΠΕΜΒΑΣΕΙΣ ΕΠΑΝΟΡΘΩΤΙΚΗΣ ΧΕΙΡΟΥΡΓΙΚΗΣ ΒΛΕΦΑΡΩΝ (Π.Χ. ΒΛΕΦΑΡΟΠΛΑΣΤΙΚΗ ΕΓΧΕΙΡΗΣΗ ΒΛΕΦΑΡΟΠΤΩΣΗΣ),2236.35,Δεν παρατηρήθηκαν παθολογικά ευρήματα κατά τον έλεγχο.,22120477375,25
EX-00055,2023-03-26 09:20:01,"ΑΝΑΙΣΘΗΣΙΑ ΓΙΑ ΕΠΕΜΒΑΣΕΙΣ ΠΟΥ ΑΦΟΡΟΥΝ ΤΟ ΕΞΩ, ΤΟ ΜΕΣΟΝ ΚΑΙ ΤΟ ΕΣΩ ΟΥΣ, ΣΥΜΠΕΡΙΛΑΜΒΑΝΟΜΕΝΗΣ ΤΗΣ ΒΙΟΨΙΑΣ· ΔΕΝ ΠΡΟΣΔΙΟΡΙΖΕΤΑΙ ΠΕΡΑΙΤΕΡΩ",795.29,Η διαδικασία ολοκληρώθηκε ομαλά. Φυσιολογικά ευρήματα.,15089851983,26
EX-00056,2023-03-23 00:20:01,ΑΝΑΙΣΘΗΣΙΑ ΓΙΑ ΕΝΔΟΚΡΑΝΙΑΚΕΣ ΕΠΕΜΒΑΣΕΙΣ· ΚΡΑΝΙΟΤΟΜΗ Ή ΚΡΑΝΙΕΚΤΟΜΗ ΓΙΑ ΤΗΝ ΠΑΡΟΧΕΤΕΥΣΗ ΑΙΜΑΤΩΜΑΤΟΣ,51.97,Αναμένονται περαιτέρω αναλύσεις από το εργαστήριο.,15089851983,26
EX-00057,2023-03-25 13:20:01,ΑΝΑΙΣΘΗΣΙΑ ΓΙΑ ΕΠΕΜΒΑΣΕΙΣ ΠΟΥ ΑΦΟΡΟΥΝ ΤΟΝ ΟΦΘΑΛΜΟ· ΔΕΝ ΠΡΟΣΔΙΟΡΙΖΕΤΑΙ ΠΕΡΑΙΤΕΡΩ,574.09,Αναμένονται περαιτέρω αναλύσεις από το εργαστήριο.,15089851983,26
EX-00058,2023-03-25 12:56:47,"ΑΝΑΙΣΘΗΣΙΑ ΓΙΑ ΕΠΕΜΒΑΣΕΙΣ ΠΟΥ ΑΦΟΡΟΥΝ ΤΟ ΕΞΩ, ΤΟ ΜΕΣΟΝ ΚΑΙ ΤΟ ΕΣΩ ΟΥΣ, ΣΥΜΠΕΡΙΛΑΜΒΑΝΟΜΕΝΗΣ ΤΗΣ ΒΙΟΨΙΑΣ· ΔΕΝ ΠΡΟΣΔΙΟΡΙΖΕΤΑΙ ΠΕΡΑΙΤΕΡΩ",795.29,Η διαδικασία ολοκληρώθηκε ομαλά. Φυσιολογικά ευρήματα.,08088799158,27
EX-00059,2023-03-31 19:56:47,"ΑΝΑΙΣΘΗΣΙΑ ΓΙΑ ΕΠΕΜΒΑΣΕΙΣ ΠΟΥ ΑΦΟΡΟΥΝ ΤΟΥΣ ΣΙΕΛΟΓΟΝΟΥΣ ΑΔΕΝΕΣ, ΣΥΜΠΕΡΙΛΑΜΒΑΝΟΜΕΝΗΣ ΤΗΣ ΒΙΟΨΙΑΣ",264.08,Ήπια απόκλιση τιμών. Ενημερώθηκε ο θεράπων ιατρός.,08088799158,27
EX-00060,2023-03-29 07:17:53,"ΑΝΑΙΣΘΗΣΙΑ ΓΙΑ ΕΠΕΜΒΑΣΕΙΣ ΠΟΥ ΑΦΟΡΟΥΝ ΤΟΥΣ ΣΙΕΛΟΓΟΝΟΥΣ ΑΔΕΝΕΣ, ΣΥΜΠΕΡΙΛΑΜΒΑΝΟΜΕΝΗΣ ΤΗΣ ΒΙΟΨΙΑΣ",264.08,Η διαδικασία ολοκληρώθηκε ομαλά. Φυσιολογικά ευρήματα.,16118595442,28
EX-00061,2023-04-02 09:17:53,"ΑΝΑΙΣΘΗΣΙΑ ΓΙΑ ΕΠΕΜΒΑΣΕΙΣ ΠΟΥ ΑΦΟΡΟΥΝ ΤΟ ΕΞΩ, ΤΟ ΜΕΣΟΝ ΚΑΙ ΤΟ ΕΣΩ ΟΥΣ, ΣΥΜΠΕΡΙΛΑΜΒΑΝΟΜΕΝΗΣ ΤΗΣ ΒΙΟΨΙΑΣ· ΔΕΝ ΠΡΟΣΔΙΟΡΙΖΕΤΑΙ ΠΕΡΑΙΤΕΡΩ",795.29,Αναμένονται περαιτέρω αναλύσεις από το εργαστήριο.,16118595442,28
EX-00062,2023-03-28 00:17:53,ΑΝΑΙΣΘΗΣΙΑ ΓΙΑ ΕΠΕΜΒΑΣΕΙΣ ΠΟΥ ΑΦΟΡΟΥΝ ΤΗ ΡΙΝΑ ΚΑΙ ΕΠΙΚΟΥΡΙΚΕΣ ΚΟΙΛΟΤΗΤΕΣ· ΡΙΖΙΚΗ ΕΠΕΜΒΑΣΗ,2369.80,Ήπια απόκλιση τιμών. Ενημερώθηκε ο θεράπων ιατρός.,16118595442,28
EX-00063,2023-04-01 06:10:54,"ΑΝΑΙΣΘΗΣΙΑ ΓΙΑ ΕΠΕΜΒΑΣΕΙΣ ΠΟΥ ΑΦΟΡΟΥΝ ΤΟΥΣ ΣΙΕΛΟΓΟΝΟΥΣ ΑΔΕΝΕΣ, ΣΥΜΠΕΡΙΛΑΜΒΑΝΟΜΕΝΗΣ ΤΗΣ ΒΙΟΨΙΑΣ",264.08,Ήπια απόκλιση τιμών. Ενημερώθηκε ο θεράπων ιατρός.,04010443316,29
EX-00064,2023-04-03 07:53:17,ΑΝΑΙΣΘΗΣΙΑ ΓΙΑ ΕΠΕΜΒΑΣΕΙΣ ΠΟΥ ΑΦΟΡΟΥΝ ΤΟΝ ΟΦΘΑΛΜΟ· ΧΕΙΡΟΥΡΓΙΚΗ ΦΑΚΩΝ,1156.04,Η διαδικασία ολοκληρώθηκε ομαλά. Φυσιολογικά ευρήματα.,18050675294,30
EX-00065,2023-04-04 21:40:38,ΑΝΑΙΣΘΗΣΙΑ ΓΙΑ ΕΝΔΟΚΡΑΝΙΑΚΕΣ ΕΠΕΜΒΑΣΕΙΣ· ΚΡΑΝΙΟΤΟΜΗ Ή ΚΡΑΝΙΕΚΤΟΜΗ ΓΙΑ ΤΗΝ ΠΑΡΟΧΕΤΕΥΣΗ ΑΙΜΑΤΩΜΑΤΟΣ,51.97,Δεν παρατηρήθηκαν παθολογικά ευρήματα κατά τον έλεγχο.,23028627654,31
EX-00066,2023-04-04 15:40:38,ΑΝΑΙΣΘΗΣΙΑ ΓΙΑ ΕΠΕΜΒΑΣΕΙΣ ΠΟΥ ΑΦΟΡΟΥΝ ΤΟΝ ΟΦΘΑΛΜΟ· ΔΕΝ ΠΡΟΣΔΙΟΡΙΖΕΤΑΙ ΠΕΡΑΙΤΕΡΩ,574.09,Ήπια απόκλιση τιμών. Ενημερώθηκε ο θεράπων ιατρός.,23028627654,31
EX-00067,2023-04-13 06:02:37,ΑΝΑΙΣΘΗΣΙΑ ΓΙΑ ΕΝΔΟΚΡΑΝΙΑΚΕΣ ΕΠΕΜΒΑΣΕΙΣ· ΚΡΑΝΙΟΤΟΜΗ Ή ΚΡΑΝΙΕΚΤΟΜΗ ΓΙΑ ΤΗΝ ΠΑΡΟΧΕΤΕΥΣΗ ΑΙΜΑΤΩΜΑΤΟΣ,51.97,Η διαδικασία ολοκληρώθηκε ομαλά. Φυσιολογικά ευρήματα.,24088546021,32
EX-00068,2023-04-13 08:02:37,"ΑΝΑΙΣΘΗΣΙΑ ΓΙΑ ΕΠΕΜΒΑΣΕΙΣ ΠΟΥ ΑΦΟΡΟΥΝ ΤΟ ΕΞΩ, ΤΟ ΜΕΣΟΝ ΚΑΙ ΤΟ ΕΣΩ ΟΥΣ, ΣΥΜΠΕΡΙΛΑΜΒΑΝΟΜΕΝΗΣ ΤΗΣ ΒΙΟΨΙΑΣ· ΤΟΜΗ ΤΥΜΠΑΝΙΚΟΥ ΥΜΕΝΑ",1283.52,Ολοκληρώθηκε χωρίς επιπλοκές.,24088546021,32
EX-00069,2023-04-10 17:02:37,ΑΝΑΙΣΘΗΣΙΑ ΓΙΑ ΕΠΕΜΒΑΣΕΙΣ ΠΟΥ ΑΦΟΡΟΥΝ ΤΟΝ ΟΦΘΑΛΜΟ· ΧΕΙΡΟΥΡΓΙΚΗ ΦΑΚΩΝ,1156.04,Δεν παρατηρήθηκαν παθολογικά ευρήματα κατά τον έλεγχο.,24088546021,32
EX-00070,2023-04-14 21:07:23,"ΑΝΑΙΣΘΗΣΙΑ ΓΙΑ ΕΠΕΜΒΑΣΕΙΣ ΠΟΥ ΑΦΟΡΟΥΝ ΤΟ ΕΞΩ, ΤΟ ΜΕΣΟΝ ΚΑΙ ΤΟ ΕΣΩ ΟΥΣ, ΣΥΜΠΕΡΙΛΑΜΒΑΝΟΜΕΝΗΣ ΤΗΣ ΒΙΟΨΙΑΣ· ΩΤΟΣΚΟΠΗΣΗ",2213.35,Η διαδικασία ολοκληρώθηκε ομαλά. Φυσιολογικά ευρήματα.,21110456039,33
EX-00071,2023-04-08 17:07:23,ΑΝΑΙΣΘΗΣΙΑ ΓΙΑ ΕΠΕΜΒΑΣΕΙΣ ΕΠΑΝΟΡΘΩΤΙΚΗΣ ΧΕΙΡΟΥΡΓΙΚΗΣ ΒΛΕΦΑΡΩΝ (Π.Χ. ΒΛΕΦΑΡΟΠΛΑΣΤΙΚΗ ΕΓΧΕΙΡΗΣΗ ΒΛΕΦΑΡΟΠΤΩΣΗΣ),2236.35,Ολοκληρώθηκε χωρίς επιπλοκές.,21110456039,33
EX-00072,2023-04-13 10:07:23,ΑΝΑΙΣΘΗΣΙΑ ΓΙΑ ΕΝΔΟΚΡΑΝΙΑΚΕΣ ΕΠΕΜΒΑΣΕΙΣ· ΗΛΕΚΤΡΟΚΑΥΤΗΡΙΑΣΗ ΤΟΥ ΕΝΔΟΚΡΑΝΙΑΚΟΥ ΝΕΥΡΟΥ,2173.68,Αναμένονται περαιτέρω αναλύσεις από το εργαστήριο.,21110456039,33
EX-00073,2023-04-07 23:12:25,"ΑΝΑΙΣΘΗΣΙΑ ΓΙΑ ΕΠΕΜΒΑΣΕΙΣ ΠΟΥ ΑΦΟΡΟΥΝ ΤΟ ΕΞΩ, ΤΟ ΜΕΣΟΝ ΚΑΙ ΤΟ ΕΣΩ ΟΥΣ, ΣΥΜΠΕΡΙΛΑΜΒΑΝΟΜΕΝΗΣ ΤΗΣ ΒΙΟΨΙΑΣ· ΩΤΟΣΚΟΠΗΣΗ",2213.35,Δεν παρατηρήθηκαν παθολογικά ευρήματα κατά τον έλεγχο.,20039794570,34
EX-00074,2023-04-10 07:12:25,ΑΝΑΙΣΘΗΣΙΑ ΓΙΑ ΕΝΔΟΚΡΑΝΙΑΚΕΣ ΕΠΕΜΒΑΣΕΙΣ· ΗΛΕΚΤΡΟΚΑΥΤΗΡΙΑΣΗ ΤΟΥ ΕΝΔΟΚΡΑΝΙΑΚΟΥ ΝΕΥΡΟΥ,2173.68,Ολοκληρώθηκε χωρίς επιπλοκές.,20039794570,34
EX-00075,2023-04-07 21:12:25,"ΑΝΑΙΣΘΗΣΙΑ ΓΙΑ ΕΠΕΜΒΑΣΕΙΣ ΠΟΥ ΑΦΟΡΟΥΝ ΤΟ ΕΞΩ, ΤΟ ΜΕΣΟΝ ΚΑΙ ΤΟ ΕΣΩ ΟΥΣ, ΣΥΜΠΕΡΙΛΑΜΒΑΝΟΜΕΝΗΣ ΤΗΣ ΒΙΟΨΙΑΣ· ΤΟΜΗ ΤΥΜΠΑΝΙΚΟΥ ΥΜΕΝΑ",1283.52,Δεν παρατηρήθηκαν παθολογικά ευρήματα κατά τον έλεγχο.,20039794570,34
EX-00076,2023-04-20 21:23:06,ΑΝΑΙΣΘΗΣΙΑ ΓΙΑ ΕΠΕΜΒΑΣΕΙΣ ΠΟΥ ΑΦΟΡΟΥΝ ΤΗ ΡΙΝΑ ΚΑΙ ΕΠΙΚΟΥΡΙΚΕΣ ΚΟΙΛΟΤΗΤΕΣ· ΡΙΖΙΚΗ ΕΠΕΜΒΑΣΗ,2369.80,Αναμένονται περαιτέρω αναλύσεις από το εργαστήριο.,24088546021,35
EX-00077,2023-04-20 03:23:06,ΑΝΑΙΣΘΗΣΙΑ ΓΙΑ ΗΛΕΚΤΡΟΣΠΑΣΜΟΘΕΡΑΠΕΙΑ,1532.75,Ήπια απόκλιση τιμών. Ενημερώθηκε ο θεράπων ιατρός.,24088546021,35
EX-00078,2023-04-21 03:23:06,ΑΝΑΙΣΘΗΣΙΑ ΓΙΑ ΕΠΕΜΒΑΣΕΙΣ ΠΟΥ ΑΦΟΡΟΥΝ ΤΟΝ ΟΦΘΑΛΜΟ· ΧΕΙΡΟΥΡΓΙΚΗ ΦΑΚΩΝ,1156.04,Ήπια απόκλιση τιμών. Ενημερώθηκε ο θεράπων ιατρός.,24088546021,35
EX-00079,2023-04-26 05:51:09,ΑΝΑΙΣΘΗΣΙΑ ΓΙΑ ΗΛΕΚΤΡΟΣΠΑΣΜΟΘΕΡΑΠΕΙΑ,1532.75,Ήπια απόκλιση τιμών. Ενημερώθηκε ο θεράπων ιατρός.,19110834569,36
EX-00080,2023-04-23 05:51:09,ΑΝΑΙΣΘΗΣΙΑ ΓΙΑ ΕΠΕΜΒΑΣΕΙΣ ΣΧΕΤΙΚΕΣ ΜΕ ΤΗΝ ΠΛΑΣΤΙΚΗ ΔΙΟΡΘΩΣΗ ΧΕΙΛΕΟΣΧΙΣΤΙΑΣ (ΛΥΚΟΣΤΟΜΑ),2027.48,Ολοκληρώθηκε χωρίς επιπλοκές.,19110834569,36
EX-00081,2023-04-27 13:51:09,ΑΝΑΙΣΘΗΣΙΑ ΓΙΑ ΕΠΕΜΒΑΣΕΙΣ ΠΟΥ ΑΦΟΡΟΥΝ ΤΟΝ ΟΦΘΑΛΜΟ· ΔΕΝ ΠΡΟΣΔΙΟΡΙΖΕΤΑΙ ΠΕΡΑΙΤΕΡΩ,574.09,Αναμένονται περαιτέρω αναλύσεις από το εργαστήριο.,19110834569,36
EX-00082,2023-05-04 04:50:16,ΑΝΑΙΣΘΗΣΙΑ ΓΙΑ ΕΠΕΜΒΑΣΕΙΣ ΠΟΥ ΑΦΟΡΟΥΝ ΤΟΝ ΟΦΘΑΛΜΟ· ΧΕΙΡΟΥΡΓΙΚΗ ΦΑΚΩΝ,1156.04,Ήπια απόκλιση τιμών. Ενημερώθηκε ο θεράπων ιατρός.,14129831939,37
EX-00083,2023-05-07 05:32:42,"ΑΝΑΙΣΘΗΣΙΑ ΓΙΑ ΕΠΕΜΒΑΣΕΙΣ ΠΟΥ ΑΦΟΡΟΥΝ ΤΟ ΕΞΩ, ΤΟ ΜΕΣΟΝ ΚΑΙ ΤΟ ΕΣΩ ΟΥΣ, ΣΥΜΠΕΡΙΛΑΜΒΑΝΟΜΕΝΗΣ ΤΗΣ ΒΙΟΨΙΑΣ· ΤΟΜΗ ΤΥΜΠΑΝΙΚΟΥ ΥΜΕΝΑ",1283.52,Ολοκληρώθηκε χωρίς επιπλοκές.,02078042045,38
EX-00084,2023-05-06 16:32:42,ΑΝΑΙΣΘΗΣΙΑ ΓΙΑ ΗΛΕΚΤΡΟΣΠΑΣΜΟΘΕΡΑΠΕΙΑ,1532.75,Ολοκληρώθηκε χωρίς επιπλοκές.,02078042045,38
EX-00085,2023-05-06 05:32:42,ΑΝΑΙΣΘΗΣΙΑ ΓΙΑ ΕΠΕΜΒΑΣΕΙΣ ΠΟΥ ΑΦΟΡΟΥΝ ΤΗ ΡΙΝΑ ΚΑΙ ΕΠΙΚΟΥΡΙΚΕΣ ΚΟΙΛΟΤΗΤΕΣ· ΡΙΖΙΚΗ ΕΠΕΜΒΑΣΗ,2369.80,Αναμένονται περαιτέρω αναλύσεις από το εργαστήριο.,02078042045,38
EX-00086,2023-05-06 05:58:35,ΑΝΑΙΣΘΗΣΙΑ ΓΙΑ ΕΝΔΟΚΡΑΝΙΑΚΕΣ ΕΠΕΜΒΑΣΕΙΣ· ΚΡΑΝΙΟΤΟΜΗ Ή ΚΡΑΝΙΕΚΤΟΜΗ ΓΙΑ ΤΗΝ ΠΑΡΟΧΕΤΕΥΣΗ ΑΙΜΑΤΩΜΑΤΟΣ,51.97,Ήπια απόκλιση τιμών. Ενημερώθηκε ο θεράπων ιατρός.,19075521849,39
EX-00087,2023-05-11 21:39:02,ΑΝΑΙΣΘΗΣΙΑ ΓΙΑ ΕΠΕΜΒΑΣΕΙΣ ΠΟΥ ΑΦΟΡΟΥΝ ΤΟΝ ΟΦΘΑΛΜΟ· ΧΕΙΡΟΥΡΓΙΚΗ ΦΑΚΩΝ,1156.04,Ήπια απόκλιση τιμών. Ενημερώθηκε ο θεράπων ιατρός.,23028627654,40
EX-00088,2023-05-08 12:39:02,ΑΝΑΙΣΘΗΣΙΑ ΓΙΑ ΕΠΕΜΒΑΣΕΙΣ ΣΧΕΤΙΚΕΣ ΜΕ ΤΗΝ ΠΛΑΣΤΙΚΗ ΔΙΟΡΘΩΣΗ ΧΕΙΛΕΟΣΧΙΣΤΙΑΣ (ΛΥΚΟΣΤΟΜΑ),2027.48,Η διαδικασία ολοκληρώθηκε ομαλά. Φυσιολογικά ευρήματα.,23028627654,40
EX-00089,2023-05-09 10:39:02,ΑΝΑΙΣΘΗΣΙΑ ΓΙΑ ΕΠΕΜΒΑΣΕΙΣ ΕΠΑΝΟΡΘΩΤΙΚΗΣ ΧΕΙΡΟΥΡΓΙΚΗΣ ΒΛΕΦΑΡΩΝ (Π.Χ. ΒΛΕΦΑΡΟΠΛΑΣΤΙΚΗ ΕΓΧΕΙΡΗΣΗ ΒΛΕΦΑΡΟΠΤΩΣΗΣ),2236.35,Ολοκληρώθηκε χωρίς επιπλοκές.,23028627654,40
EX-00090,2023-05-06 13:34:48,ΑΝΑΙΣΘΗΣΙΑ ΓΙΑ ΕΠΕΜΒΑΣΕΙΣ ΣΧΕΤΙΚΕΣ ΜΕ ΤΗΝ ΠΛΑΣΤΙΚΗ ΔΙΟΡΘΩΣΗ ΧΕΙΛΕΟΣΧΙΣΤΙΑΣ (ΛΥΚΟΣΤΟΜΑ),2027.48,Ολοκληρώθηκε χωρίς επιπλοκές.,18114432106,41
EX-00091,2023-05-11 12:10:47,ΑΝΑΙΣΘΗΣΙΑ ΓΙΑ ΕΠΕΜΒΑΣΕΙΣ ΣΧΕΤΙΚΕΣ ΜΕ ΤΗΝ ΠΛΑΣΤΙΚΗ ΔΙΟΡΘΩΣΗ ΧΕΙΛΕΟΣΧΙΣΤΙΑΣ (ΛΥΚΟΣΤΟΜΑ),2027.48,Ολοκληρώθηκε χωρίς επιπλοκές.,31084428740,42
EX-00092,2023-05-09 09:10:47,ΑΝΑΙΣΘΗΣΙΑ ΓΙΑ ΕΠΕΜΒΑΣΕΙΣ ΠΟΥ ΑΦΟΡΟΥΝ ΤΟΝ ΟΦΘΑΛΜΟ· ΧΕΙΡΟΥΡΓΙΚΗ ΦΑΚΩΝ,1156.04,Η διαδικασία ολοκληρώθηκε ομαλά. Φυσιολογικά ευρήματα.,31084428740,42
EX-00093,2023-05-10 23:10:47,"ΑΝΑΙΣΘΗΣΙΑ ΓΙΑ ΕΠΕΜΒΑΣΕΙΣ ΠΟΥ ΑΦΟΡΟΥΝ ΤΟ ΕΞΩ, ΤΟ ΜΕΣΟΝ ΚΑΙ ΤΟ ΕΣΩ ΟΥΣ, ΣΥΜΠΕΡΙΛΑΜΒΑΝΟΜΕΝΗΣ ΤΗΣ ΒΙΟΨΙΑΣ· ΔΕΝ ΠΡΟΣΔΙΟΡΙΖΕΤΑΙ ΠΕΡΑΙΤΕΡΩ",795.29,Ολοκληρώθηκε χωρίς επιπλοκές.,31084428740,42
EX-00094,2023-05-14 01:27:22,"ΑΝΑΙΣΘΗΣΙΑ ΓΙΑ ΕΠΕΜΒΑΣΕΙΣ ΠΟΥ ΑΦΟΡΟΥΝ ΤΟ ΕΞΩ, ΤΟ ΜΕΣΟΝ ΚΑΙ ΤΟ ΕΣΩ ΟΥΣ, ΣΥΜΠΕΡΙΛΑΜΒΑΝΟΜΕΝΗΣ ΤΗΣ ΒΙΟΨΙΑΣ· ΔΕΝ ΠΡΟΣΔΙΟΡΙΖΕΤΑΙ ΠΕΡΑΙΤΕΡΩ",795.29,Ολοκληρώθηκε χωρίς επιπλοκές.,23028627654,43
EX-00095,2023-05-14 08:27:22,ΑΝΑΙΣΘΗΣΙΑ ΓΙΑ ΗΛΕΚΤΡΟΣΠΑΣΜΟΘΕΡΑΠΕΙΑ,1532.75,Αναμένονται περαιτέρω αναλύσεις από το εργαστήριο.,23028627654,43
EX-00096,2023-05-22 03:43:28,ΑΝΑΙΣΘΗΣΙΑ ΓΙΑ ΕΠΕΜΒΑΣΕΙΣ ΠΟΥ ΑΦΟΡΟΥΝ ΤΟΝ ΟΦΘΑΛΜΟ· ΧΕΙΡΟΥΡΓΙΚΗ ΦΑΚΩΝ,1156.04,Αναμένονται περαιτέρω αναλύσεις από το εργαστήριο.,28120467810,44
EX-00097,2023-05-26 18:43:28,"ΑΝΑΙΣΘΗΣΙΑ ΓΙΑ ΕΠΕΜΒΑΣΕΙΣ ΠΟΥ ΑΦΟΡΟΥΝ ΤΟ ΕΞΩ, ΤΟ ΜΕΣΟΝ ΚΑΙ ΤΟ ΕΣΩ ΟΥΣ, ΣΥΜΠΕΡΙΛΑΜΒΑΝΟΜΕΝΗΣ ΤΗΣ ΒΙΟΨΙΑΣ· ΩΤΟΣΚΟΠΗΣΗ",2213.35,Η διαδικασία ολοκληρώθηκε ομαλά. Φυσιολογικά ευρήματα.,28120467810,44
EX-00098,2023-05-24 01:43:28,ΑΝΑΙΣΘΗΣΙΑ ΓΙΑ ΕΝΔΟΚΡΑΝΙΑΚΕΣ ΕΠΕΜΒΑΣΕΙΣ· ΚΡΑΝΙΟΤΟΜΗ Ή ΚΡΑΝΙΕΚΤΟΜΗ ΓΙΑ ΤΗΝ ΠΑΡΟΧΕΤΕΥΣΗ ΑΙΜΑΤΩΜΑΤΟΣ,51.97,Η διαδικασία ολοκληρώθηκε ομαλά. Φυσιολογικά ευρήματα.,28120467810,44
EX-00099,2023-05-18 06:30:32,ΑΝΑΙΣΘΗΣΙΑ ΓΙΑ ΕΠΕΜΒΑΣΕΙΣ ΠΟΥ ΑΦΟΡΟΥΝ ΤΗ ΡΙΝΑ ΚΑΙ ΕΠΙΚΟΥΡΙΚΕΣ ΚΟΙΛΟΤΗΤΕΣ· ΡΙΖΙΚΗ ΕΠΕΜΒΑΣΗ,2369.80,Η διαδικασία ολοκληρώθηκε ομαλά. Φυσιολογικά ευρήματα.,17019537542,45
EX-00100,2023-05-18 04:30:32,ΑΝΑΙΣΘΗΣΙΑ ΓΙΑ ΕΝΔΟΚΡΑΝΙΑΚΕΣ ΕΠΕΜΒΑΣΕΙΣ· ΚΡΑΝΙΟΤΟΜΗ Ή ΚΡΑΝΙΕΚΤΟΜΗ ΓΙΑ ΤΗΝ ΠΑΡΟΧΕΤΕΥΣΗ ΑΙΜΑΤΩΜΑΤΟΣ,51.97,Δεν παρατηρήθηκαν παθολογικά ευρήματα κατά τον έλεγχο.,17019537542,45
EX-00101,2023-05-17 20:30:32,ΑΝΑΙΣΘΗΣΙΑ ΓΙΑ ΕΝΔΟΚΡΑΝΙΑΚΕΣ ΕΠΕΜΒΑΣΕΙΣ· ΗΛΕΚΤΡΟΚΑΥΤΗΡΙΑΣΗ ΤΟΥ ΕΝΔΟΚΡΑΝΙΑΚΟΥ ΝΕΥΡΟΥ,2173.68,Ήπια απόκλιση τιμών. Ενημερώθηκε ο θεράπων ιατρός.,17019537542,45
EX-00102,2023-05-23 05:46:28,"ΑΝΑΙΣΘΗΣΙΑ ΓΙΑ ΕΠΕΜΒΑΣΕΙΣ ΠΟΥ ΑΦΟΡΟΥΝ ΤΟΥΣ ΣΙΕΛΟΓΟΝΟΥΣ ΑΔΕΝΕΣ, ΣΥΜΠΕΡΙΛΑΜΒΑΝΟΜΕΝΗΣ ΤΗΣ ΒΙΟΨΙΑΣ",264.08,Αναμένονται περαιτέρω αναλύσεις από το εργαστήριο.,08119651767,46
EX-00103,2023-05-21 14:46:28,ΑΝΑΙΣΘΗΣΙΑ ΓΙΑ ΕΝΔΟΚΡΑΝΙΑΚΕΣ ΕΠΕΜΒΑΣΕΙΣ· ΚΡΑΝΙΟΤΟΜΗ Ή ΚΡΑΝΙΕΚΤΟΜΗ ΓΙΑ ΤΗΝ ΠΑΡΟΧΕΤΕΥΣΗ ΑΙΜΑΤΩΜΑΤΟΣ,51.97,Δεν παρατηρήθηκαν παθολογικά ευρήματα κατά τον έλεγχο.,08119651767,46
EX-00104,2023-05-21 19:46:28,ΑΝΑΙΣΘΗΣΙΑ ΓΙΑ ΕΝΔΟΚΡΑΝΙΑΚΕΣ ΕΠΕΜΒΑΣΕΙΣ· ΚΡΑΝΙΟΤΟΜΗ Ή ΚΡΑΝΙΕΚΤΟΜΗ ΓΙΑ ΤΗΝ ΠΑΡΟΧΕΤΕΥΣΗ ΑΙΜΑΤΩΜΑΤΟΣ,51.97,Ήπια απόκλιση τιμών. Ενημερώθηκε ο θεράπων ιατρός.,08119651767,46
EX-00105,2023-05-29 16:08:26,ΑΝΑΙΣΘΗΣΙΑ ΓΙΑ ΕΠΕΜΒΑΣΕΙΣ ΕΠΑΝΟΡΘΩΤΙΚΗΣ ΧΕΙΡΟΥΡΓΙΚΗΣ ΒΛΕΦΑΡΩΝ (Π.Χ. ΒΛΕΦΑΡΟΠΛΑΣΤΙΚΗ ΕΓΧΕΙΡΗΣΗ ΒΛΕΦΑΡΟΠΤΩΣΗΣ),2236.35,Ήπια απόκλιση τιμών. Ενημερώθηκε ο θεράπων ιατρός.,05068650481,47
EX-00106,2023-05-27 20:08:26,ΑΝΑΙΣΘΗΣΙΑ ΓΙΑ ΕΠΕΜΒΑΣΕΙΣ ΠΟΥ ΑΦΟΡΟΥΝ ΤΟΝ ΟΦΘΑΛΜΟ· ΔΕΝ ΠΡΟΣΔΙΟΡΙΖΕΤΑΙ ΠΕΡΑΙΤΕΡΩ,574.09,Η διαδικασία ολοκληρώθηκε ομαλά. Φυσιολογικά ευρήματα.,05068650481,47
EX-00107,2023-05-26 08:08:26,ΑΝΑΙΣΘΗΣΙΑ ΓΙΑ ΕΠΕΜΒΑΣΕΙΣ ΠΟΥ ΑΦΟΡΟΥΝ ΤΟΝ ΟΦΘΑΛΜΟ· ΧΕΙΡΟΥΡΓΙΚΗ ΦΑΚΩΝ,1156.04,Ολοκληρώθηκε χωρίς επιπλοκές.,05068650481,47
EX-00108,2023-05-27 18:22:20,"ΑΝΑΙΣΘΗΣΙΑ ΓΙΑ ΕΠΕΜΒΑΣΕΙΣ ΠΟΥ ΑΦΟΡΟΥΝ ΤΟ ΕΞΩ, ΤΟ ΜΕΣΟΝ ΚΑΙ ΤΟ ΕΣΩ ΟΥΣ, ΣΥΜΠΕΡΙΛΑΜΒΑΝΟΜΕΝΗΣ ΤΗΣ ΒΙΟΨΙΑΣ· ΩΤΟΣΚΟΠΗΣΗ",2213.35,Ολοκληρώθηκε χωρίς επιπλοκές.,21119438801,48
EX-00109,2023-05-29 20:22:20,"ΑΝΑΙΣΘΗΣΙΑ ΓΙΑ ΕΠΕΜΒΑΣΕΙΣ ΠΟΥ ΑΦΟΡΟΥΝ ΤΟ ΕΞΩ, ΤΟ ΜΕΣΟΝ ΚΑΙ ΤΟ ΕΣΩ ΟΥΣ, ΣΥΜΠΕΡΙΛΑΜΒΑΝΟΜΕΝΗΣ ΤΗΣ ΒΙΟΨΙΑΣ· ΩΤΟΣΚΟΠΗΣΗ",2213.35,Η διαδικασία ολοκληρώθηκε ομαλά. Φυσιολογικά ευρήματα.,21119438801,48
EX-00110,2023-05-28 18:22:20,ΑΝΑΙΣΘΗΣΙΑ ΓΙΑ ΗΛΕΚΤΡΟΣΠΑΣΜΟΘΕΡΑΠΕΙΑ,1532.75,Ήπια απόκλιση τιμών. Ενημερώθηκε ο θεράπων ιατρός.,21119438801,48
EX-00111,2023-05-31 14:35:42,"ΑΝΑΙΣΘΗΣΙΑ ΓΙΑ ΕΠΕΜΒΑΣΕΙΣ ΠΟΥ ΑΦΟΡΟΥΝ ΤΟ ΕΞΩ, ΤΟ ΜΕΣΟΝ ΚΑΙ ΤΟ ΕΣΩ ΟΥΣ, ΣΥΜΠΕΡΙΛΑΜΒΑΝΟΜΕΝΗΣ ΤΗΣ ΒΙΟΨΙΑΣ· ΤΟΜΗ ΤΥΜΠΑΝΙΚΟΥ ΥΜΕΝΑ",1283.52,Δεν παρατηρήθηκαν παθολογικά ευρήματα κατά τον έλεγχο.,10094598570,49
EX-00112,2023-05-31 19:35:42,"ΑΝΑΙΣΘΗΣΙΑ ΓΙΑ ΕΠΕΜΒΑΣΕΙΣ ΠΟΥ ΑΦΟΡΟΥΝ ΤΟ ΕΞΩ, ΤΟ ΜΕΣΟΝ ΚΑΙ ΤΟ ΕΣΩ ΟΥΣ, ΣΥΜΠΕΡΙΛΑΜΒΑΝΟΜΕΝΗΣ ΤΗΣ ΒΙΟΨΙΑΣ· ΩΤΟΣΚΟΠΗΣΗ",2213.35,Δεν παρατηρήθηκαν παθολογικά ευρήματα κατά τον έλεγχο.,10094598570,49
EX-00113,2023-05-29 05:35:42,"ΑΝΑΙΣΘΗΣΙΑ ΓΙΑ ΕΠΕΜΒΑΣΕΙΣ ΠΟΥ ΑΦΟΡΟΥΝ ΤΟ ΕΞΩ, ΤΟ ΜΕΣΟΝ ΚΑΙ ΤΟ ΕΣΩ ΟΥΣ, ΣΥΜΠΕΡΙΛΑΜΒΑΝΟΜΕΝΗΣ ΤΗΣ ΒΙΟΨΙΑΣ· ΤΟΜΗ ΤΥΜΠΑΝΙΚΟΥ ΥΜΕΝΑ",1283.52,Η διαδικασία ολοκληρώθηκε ομαλά. Φυσιολογικά ευρήματα.,10094598570,49
EX-00114,2023-06-01 14:32:24,ΑΝΑΙΣΘΗΣΙΑ ΓΙΑ ΕΝΔΟΚΡΑΝΙΑΚΕΣ ΕΠΕΜΒΑΣΕΙΣ· ΗΛΕΚΤΡΟΚΑΥΤΗΡΙΑΣΗ ΤΟΥ ΕΝΔΟΚΡΑΝΙΑΚΟΥ ΝΕΥΡΟΥ,2173.68,Ήπια απόκλιση τιμών. Ενημερώθηκε ο θεράπων ιατρός.,19075521849,50
EX-00115,2023-06-01 19:32:24,ΑΝΑΙΣΘΗΣΙΑ ΓΙΑ ΕΠΕΜΒΑΣΕΙΣ ΣΧΕΤΙΚΕΣ ΜΕ ΤΗΝ ΠΛΑΣΤΙΚΗ ΔΙΟΡΘΩΣΗ ΧΕΙΛΕΟΣΧΙΣΤΙΑΣ (ΛΥΚΟΣΤΟΜΑ),2027.48,Δεν παρατηρήθηκαν παθολογικά ευρήματα κατά τον έλεγχο.,19075521849,50
EX-00116,2023-06-06 00:57:27,"ΑΝΑΙΣΘΗΣΙΑ ΓΙΑ ΕΠΕΜΒΑΣΕΙΣ ΠΟΥ ΑΦΟΡΟΥΝ ΤΟ ΕΞΩ, ΤΟ ΜΕΣΟΝ ΚΑΙ ΤΟ ΕΣΩ ΟΥΣ, ΣΥΜΠΕΡΙΛΑΜΒΑΝΟΜΕΝΗΣ ΤΗΣ ΒΙΟΨΙΑΣ· ΔΕΝ ΠΡΟΣΔΙΟΡΙΖΕΤΑΙ ΠΕΡΑΙΤΕΡΩ",795.29,Ήπια απόκλιση τιμών. Ενημερώθηκε ο θεράπων ιατρός.,05068650481,51
EX-00117,2023-06-12 20:06:41,"ΑΝΑΙΣΘΗΣΙΑ ΓΙΑ ΕΠΕΜΒΑΣΕΙΣ ΠΟΥ ΑΦΟΡΟΥΝ ΤΟΥΣ ΣΙΕΛΟΓΟΝΟΥΣ ΑΔΕΝΕΣ, ΣΥΜΠΕΡΙΛΑΜΒΑΝΟΜΕΝΗΣ ΤΗΣ ΒΙΟΨΙΑΣ",264.08,Αναμένονται περαιτέρω αναλύσεις από το εργαστήριο.,15089851983,52
EX-00118,2023-06-07 01:06:41,"ΑΝΑΙΣΘΗΣΙΑ ΓΙΑ ΕΠΕΜΒΑΣΕΙΣ ΠΟΥ ΑΦΟΡΟΥΝ ΤΟ ΕΞΩ, ΤΟ ΜΕΣΟΝ ΚΑΙ ΤΟ ΕΣΩ ΟΥΣ, ΣΥΜΠΕΡΙΛΑΜΒΑΝΟΜΕΝΗΣ ΤΗΣ ΒΙΟΨΙΑΣ· ΤΟΜΗ ΤΥΜΠΑΝΙΚΟΥ ΥΜΕΝΑ",1283.52,Ολοκληρώθηκε χωρίς επιπλοκές.,15089851983,52
EX-00119,2023-06-11 15:59:37,"ΑΝΑΙΣΘΗΣΙΑ ΓΙΑ ΕΠΕΜΒΑΣΕΙΣ ΠΟΥ ΑΦΟΡΟΥΝ ΤΟ ΕΞΩ, ΤΟ ΜΕΣΟΝ ΚΑΙ ΤΟ ΕΣΩ ΟΥΣ, ΣΥΜΠΕΡΙΛΑΜΒΑΝΟΜΕΝΗΣ ΤΗΣ ΒΙΟΨΙΑΣ· ΤΟΜΗ ΤΥΜΠΑΝΙΚΟΥ ΥΜΕΝΑ",1283.52,Αναμένονται περαιτέρω αναλύσεις από το εργαστήριο.,19089017616,53
EX-00120,2023-06-08 11:54:22,ΑΝΑΙΣΘΗΣΙΑ ΓΙΑ ΕΠΕΜΒΑΣΕΙΣ ΕΠΑΝΟΡΘΩΤΙΚΗΣ ΧΕΙΡΟΥΡΓΙΚΗΣ ΒΛΕΦΑΡΩΝ (Π.Χ. ΒΛΕΦΑΡΟΠΛΑΣΤΙΚΗ ΕΓΧΕΙΡΗΣΗ ΒΛΕΦΑΡΟΠΤΩΣΗΣ),2236.35,Η διαδικασία ολοκληρώθηκε ομαλά. Φυσιολογικά ευρήματα.,02087077516,54
EX-00121,2023-06-15 12:54:22,ΑΝΑΙΣΘΗΣΙΑ ΓΙΑ ΗΛΕΚΤΡΟΣΠΑΣΜΟΘΕΡΑΠΕΙΑ,1532.75,Ολοκληρώθηκε χωρίς επιπλοκές.,02087077516,54
EX-00122,2023-06-07 19:41:04,ΑΝΑΙΣΘΗΣΙΑ ΓΙΑ ΕΝΔΟΚΡΑΝΙΑΚΕΣ ΕΠΕΜΒΑΣΕΙΣ· ΚΡΑΝΙΟΤΟΜΗ Ή ΚΡΑΝΙΕΚΤΟΜΗ ΓΙΑ ΤΗΝ ΠΑΡΟΧΕΤΕΥΣΗ ΑΙΜΑΤΩΜΑΤΟΣ,51.97,Η διαδικασία ολοκληρώθηκε ομαλά. Φυσιολογικά ευρήματα.,11100467158,55
EX-00123,2023-06-08 04:41:04,ΑΝΑΙΣΘΗΣΙΑ ΓΙΑ ΕΠΕΜΒΑΣΕΙΣ ΠΟΥ ΑΦΟΡΟΥΝ ΤΗ ΡΙΝΑ ΚΑΙ ΕΠΙΚΟΥΡΙΚΕΣ ΚΟΙΛΟΤΗΤΕΣ· ΡΙΖΙΚΗ ΕΠΕΜΒΑΣΗ,2369.80,Αναμένονται περαιτέρω αναλύσεις από το εργαστήριο.,11100467158,55
EX-00124,2023-06-11 20:28:57,ΑΝΑΙΣΘΗΣΙΑ ΓΙΑ ΕΠΕΜΒΑΣΕΙΣ ΠΟΥ ΑΦΟΡΟΥΝ ΤΟΝ ΟΦΘΑΛΜΟ· ΔΕΝ ΠΡΟΣΔΙΟΡΙΖΕΤΑΙ ΠΕΡΑΙΤΕΡΩ,574.09,Ήπια απόκλιση τιμών. Ενημερώθηκε ο θεράπων ιατρός.,18050675294,56
EX-00125,2023-06-08 05:28:57,ΑΝΑΙΣΘΗΣΙΑ ΓΙΑ ΕΝΔΟΚΡΑΝΙΑΚΕΣ ΕΠΕΜΒΑΣΕΙΣ· ΚΡΑΝΙΟΤΟΜΗ Ή ΚΡΑΝΙΕΚΤΟΜΗ ΓΙΑ ΤΗΝ ΠΑΡΟΧΕΤΕΥΣΗ ΑΙΜΑΤΩΜΑΤΟΣ,51.97,Ολοκληρώθηκε χωρίς επιπλοκές.,18050675294,56
EX-00126,2023-06-17 03:47:51,"ΑΝΑΙΣΘΗΣΙΑ ΓΙΑ ΕΠΕΜΒΑΣΕΙΣ ΠΟΥ ΑΦΟΡΟΥΝ ΤΟ ΕΞΩ, ΤΟ ΜΕΣΟΝ ΚΑΙ ΤΟ ΕΣΩ ΟΥΣ, ΣΥΜΠΕΡΙΛΑΜΒΑΝΟΜΕΝΗΣ ΤΗΣ ΒΙΟΨΙΑΣ· ΩΤΟΣΚΟΠΗΣΗ",2213.35,Ήπια απόκλιση τιμών. Ενημερώθηκε ο θεράπων ιατρός.,29109569303,57
EX-00127,2023-06-22 23:19:51,"ΑΝΑΙΣΘΗΣΙΑ ΓΙΑ ΕΠΕΜΒΑΣΕΙΣ ΠΟΥ ΑΦΟΡΟΥΝ ΤΟ ΕΞΩ, ΤΟ ΜΕΣΟΝ ΚΑΙ ΤΟ ΕΣΩ ΟΥΣ, ΣΥΜΠΕΡΙΛΑΜΒΑΝΟΜΕΝΗΣ ΤΗΣ ΒΙΟΨΙΑΣ· ΔΕΝ ΠΡΟΣΔΙΟΡΙΖΕΤΑΙ ΠΕΡΑΙΤΕΡΩ",795.29,Ολοκληρώθηκε χωρίς επιπλοκές.,29049732701,58
EX-00128,2023-06-15 12:19:51,ΑΝΑΙΣΘΗΣΙΑ ΓΙΑ ΕΠΕΜΒΑΣΕΙΣ ΣΧΕΤΙΚΕΣ ΜΕ ΤΗΝ ΠΛΑΣΤΙΚΗ ΔΙΟΡΘΩΣΗ ΧΕΙΛΕΟΣΧΙΣΤΙΑΣ (ΛΥΚΟΣΤΟΜΑ),2027.48,Η διαδικασία ολοκληρώθηκε ομαλά. Φυσιολογικά ευρήματα.,29049732701,58
EX-00129,2023-06-16 05:19:51,"ΑΝΑΙΣΘΗΣΙΑ ΓΙΑ ΕΠΕΜΒΑΣΕΙΣ ΠΟΥ ΑΦΟΡΟΥΝ ΤΟ ΕΞΩ, ΤΟ ΜΕΣΟΝ ΚΑΙ ΤΟ ΕΣΩ ΟΥΣ, ΣΥΜΠΕΡΙΛΑΜΒΑΝΟΜΕΝΗΣ ΤΗΣ ΒΙΟΨΙΑΣ· ΩΤΟΣΚΟΠΗΣΗ",2213.35,Ήπια απόκλιση τιμών. Ενημερώθηκε ο θεράπων ιατρός.,29049732701,58
EX-00130,2023-06-19 10:05:59,ΑΝΑΙΣΘΗΣΙΑ ΓΙΑ ΕΠΕΜΒΑΣΕΙΣ ΣΧΕΤΙΚΕΣ ΜΕ ΤΗΝ ΠΛΑΣΤΙΚΗ ΔΙΟΡΘΩΣΗ ΧΕΙΛΕΟΣΧΙΣΤΙΑΣ (ΛΥΚΟΣΤΟΜΑ),2027.48,Η διαδικασία ολοκληρώθηκε ομαλά. Φυσιολογικά ευρήματα.,16118595442,59
EX-00131,2023-06-19 13:05:59,"ΑΝΑΙΣΘΗΣΙΑ ΓΙΑ ΕΠΕΜΒΑΣΕΙΣ ΠΟΥ ΑΦΟΡΟΥΝ ΤΟ ΕΞΩ, ΤΟ ΜΕΣΟΝ ΚΑΙ ΤΟ ΕΣΩ ΟΥΣ, ΣΥΜΠΕΡΙΛΑΜΒΑΝΟΜΕΝΗΣ ΤΗΣ ΒΙΟΨΙΑΣ· ΔΕΝ ΠΡΟΣΔΙΟΡΙΖΕΤΑΙ ΠΕΡΑΙΤΕΡΩ",795.29,Δεν παρατηρήθηκαν παθολογικά ευρήματα κατά τον έλεγχο.,16118595442,59
EX-00132,2023-06-16 22:05:36,ΑΝΑΙΣΘΗΣΙΑ ΓΙΑ ΗΛΕΚΤΡΟΣΠΑΣΜΟΘΕΡΑΠΕΙΑ,1532.75,Η διαδικασία ολοκληρώθηκε ομαλά. Φυσιολογικά ευρήματα.,31084428740,60
EX-00133,2023-06-22 11:41:29,ΑΝΑΙΣΘΗΣΙΑ ΓΙΑ ΕΠΕΜΒΑΣΕΙΣ ΣΧΕΤΙΚΕΣ ΜΕ ΤΗΝ ΠΛΑΣΤΙΚΗ ΔΙΟΡΘΩΣΗ ΧΕΙΛΕΟΣΧΙΣΤΙΑΣ (ΛΥΚΟΣΤΟΜΑ),2027.48,Αναμένονται περαιτέρω αναλύσεις από το εργαστήριο.,03056595064,61
EX-00134,2023-06-21 18:41:29,ΑΝΑΙΣΘΗΣΙΑ ΓΙΑ ΕΝΔΟΚΡΑΝΙΑΚΕΣ ΕΠΕΜΒΑΣΕΙΣ· ΚΡΑΝΙΟΤΟΜΗ Ή ΚΡΑΝΙΕΚΤΟΜΗ ΓΙΑ ΤΗΝ ΠΑΡΟΧΕΤΕΥΣΗ ΑΙΜΑΤΩΜΑΤΟΣ,51.97,Η διαδικασία ολοκληρώθηκε ομαλά. Φυσιολογικά ευρήματα.,03056595064,61
EX-00135,2023-06-19 12:41:29,"ΑΝΑΙΣΘΗΣΙΑ ΓΙΑ ΕΠΕΜΒΑΣΕΙΣ ΠΟΥ ΑΦΟΡΟΥΝ ΤΟ ΕΞΩ, ΤΟ ΜΕΣΟΝ ΚΑΙ ΤΟ ΕΣΩ ΟΥΣ, ΣΥΜΠΕΡΙΛΑΜΒΑΝΟΜΕΝΗΣ ΤΗΣ ΒΙΟΨΙΑΣ· ΩΤΟΣΚΟΠΗΣΗ",2213.35,Αναμένονται περαιτέρω αναλύσεις από το εργαστήριο.,03056595064,61
EX-00136,2023-06-25 09:52:58,ΑΝΑΙΣΘΗΣΙΑ ΓΙΑ ΕΠΕΜΒΑΣΕΙΣ ΠΟΥ ΑΦΟΡΟΥΝ ΤΟΝ ΟΦΘΑΛΜΟ· ΧΕΙΡΟΥΡΓΙΚΗ ΦΑΚΩΝ,1156.04,Δεν παρατηρήθηκαν παθολογικά ευρήματα κατά τον έλεγχο.,07109876453,62
EX-00137,2023-06-23 11:35:50,ΑΝΑΙΣΘΗΣΙΑ ΓΙΑ ΗΛΕΚΤΡΟΣΠΑΣΜΟΘΕΡΑΠΕΙΑ,1532.75,Δεν παρατηρήθηκαν παθολογικά ευρήματα κατά τον έλεγχο.,03049296161,63
EX-00138,2023-07-02 23:24:32,"ΑΝΑΙΣΘΗΣΙΑ ΓΙΑ ΕΠΕΜΒΑΣΕΙΣ ΠΟΥ ΑΦΟΡΟΥΝ ΤΟ ΕΞΩ, ΤΟ ΜΕΣΟΝ ΚΑΙ ΤΟ ΕΣΩ ΟΥΣ, ΣΥΜΠΕΡΙΛΑΜΒΑΝΟΜΕΝΗΣ ΤΗΣ ΒΙΟΨΙΑΣ· ΩΤΟΣΚΟΠΗΣΗ",2213.35,Ολοκληρώθηκε χωρίς επιπλοκές.,06050738238,64
EX-00139,2023-07-04 17:42:03,ΑΝΑΙΣΘΗΣΙΑ ΓΙΑ ΕΠΕΜΒΑΣΕΙΣ ΣΧΕΤΙΚΕΣ ΜΕ ΤΗΝ ΠΛΑΣΤΙΚΗ ΔΙΟΡΘΩΣΗ ΧΕΙΛΕΟΣΧΙΣΤΙΑΣ (ΛΥΚΟΣΤΟΜΑ),2027.48,Δεν παρατηρήθηκαν παθολογικά ευρήματα κατά τον έλεγχο.,14129831939,65
EX-00140,2023-07-05 03:42:03,ΑΝΑΙΣΘΗΣΙΑ ΓΙΑ ΕΠΕΜΒΑΣΕΙΣ ΠΟΥ ΑΦΟΡΟΥΝ ΤΟΝ ΟΦΘΑΛΜΟ· ΧΕΙΡΟΥΡΓΙΚΗ ΦΑΚΩΝ,1156.04,Δεν παρατηρήθηκαν παθολογικά ευρήματα κατά τον έλεγχο.,14129831939,65
EX-00141,2023-07-04 10:42:03,"ΑΝΑΙΣΘΗΣΙΑ ΓΙΑ ΕΠΕΜΒΑΣΕΙΣ ΠΟΥ ΑΦΟΡΟΥΝ ΤΟ ΕΞΩ, ΤΟ ΜΕΣΟΝ ΚΑΙ ΤΟ ΕΣΩ ΟΥΣ, ΣΥΜΠΕΡΙΛΑΜΒΑΝΟΜΕΝΗΣ ΤΗΣ ΒΙΟΨΙΑΣ· ΩΤΟΣΚΟΠΗΣΗ",2213.35,Ολοκληρώθηκε χωρίς επιπλοκές.,14129831939,65
EX-00142,2023-07-07 19:04:50,"ΑΝΑΙΣΘΗΣΙΑ ΓΙΑ ΕΠΕΜΒΑΣΕΙΣ ΠΟΥ ΑΦΟΡΟΥΝ ΤΟΥΣ ΣΙΕΛΟΓΟΝΟΥΣ ΑΔΕΝΕΣ, ΣΥΜΠΕΡΙΛΑΜΒΑΝΟΜΕΝΗΣ ΤΗΣ ΒΙΟΨΙΑΣ",264.08,Ήπια απόκλιση τιμών. Ενημερώθηκε ο θεράπων ιατρός.,22040585135,66
EX-00143,2023-07-06 17:04:50,"ΑΝΑΙΣΘΗΣΙΑ ΓΙΑ ΕΠΕΜΒΑΣΕΙΣ ΠΟΥ ΑΦΟΡΟΥΝ ΤΟ ΕΞΩ, ΤΟ ΜΕΣΟΝ ΚΑΙ ΤΟ ΕΣΩ ΟΥΣ, ΣΥΜΠΕΡΙΛΑΜΒΑΝΟΜΕΝΗΣ ΤΗΣ ΒΙΟΨΙΑΣ· ΤΟΜΗ ΤΥΜΠΑΝΙΚΟΥ ΥΜΕΝΑ",1283.52,Ολοκληρώθηκε χωρίς επιπλοκές.,22040585135,66
EX-00144,2023-07-06 15:04:50,"ΑΝΑΙΣΘΗΣΙΑ ΓΙΑ ΕΠΕΜΒΑΣΕΙΣ ΠΟΥ ΑΦΟΡΟΥΝ ΤΟΥΣ ΣΙΕΛΟΓΟΝΟΥΣ ΑΔΕΝΕΣ, ΣΥΜΠΕΡΙΛΑΜΒΑΝΟΜΕΝΗΣ ΤΗΣ ΒΙΟΨΙΑΣ",264.08,Ολοκληρώθηκε χωρίς επιπλοκές.,22040585135,66
EX-00145,2023-07-17 05:05:42,"ΑΝΑΙΣΘΗΣΙΑ ΓΙΑ ΕΠΕΜΒΑΣΕΙΣ ΠΟΥ ΑΦΟΡΟΥΝ ΤΟΥΣ ΣΙΕΛΟΓΟΝΟΥΣ ΑΔΕΝΕΣ, ΣΥΜΠΕΡΙΛΑΜΒΑΝΟΜΕΝΗΣ ΤΗΣ ΒΙΟΨΙΑΣ",264.08,Αναμένονται περαιτέρω αναλύσεις από το εργαστήριο.,15124501431,67
EX-00146,2023-07-11 14:05:42,ΑΝΑΙΣΘΗΣΙΑ ΓΙΑ ΕΝΔΟΚΡΑΝΙΑΚΕΣ ΕΠΕΜΒΑΣΕΙΣ· ΗΛΕΚΤΡΟΚΑΥΤΗΡΙΑΣΗ ΤΟΥ ΕΝΔΟΚΡΑΝΙΑΚΟΥ ΝΕΥΡΟΥ,2173.68,Η διαδικασία ολοκληρώθηκε ομαλά. Φυσιολογικά ευρήματα.,15124501431,67
EX-00147,2023-07-11 05:05:42,ΑΝΑΙΣΘΗΣΙΑ ΓΙΑ ΕΠΕΜΒΑΣΕΙΣ ΠΟΥ ΑΦΟΡΟΥΝ ΤΗ ΡΙΝΑ ΚΑΙ ΕΠΙΚΟΥΡΙΚΕΣ ΚΟΙΛΟΤΗΤΕΣ· ΡΙΖΙΚΗ ΕΠΕΜΒΑΣΗ,2369.80,Αναμένονται περαιτέρω αναλύσεις από το εργαστήριο.,15124501431,67
EX-00148,2023-07-10 23:40:32,"ΑΝΑΙΣΘΗΣΙΑ ΓΙΑ ΕΠΕΜΒΑΣΕΙΣ ΠΟΥ ΑΦΟΡΟΥΝ ΤΟ ΕΞΩ, ΤΟ ΜΕΣΟΝ ΚΑΙ ΤΟ ΕΣΩ ΟΥΣ, ΣΥΜΠΕΡΙΛΑΜΒΑΝΟΜΕΝΗΣ ΤΗΣ ΒΙΟΨΙΑΣ· ΩΤΟΣΚΟΠΗΣΗ",2213.35,Ήπια απόκλιση τιμών. Ενημερώθηκε ο θεράπων ιατρός.,15124501431,68
EX-00149,2023-07-09 12:40:32,"ΑΝΑΙΣΘΗΣΙΑ ΓΙΑ ΕΠΕΜΒΑΣΕΙΣ ΠΟΥ ΑΦΟΡΟΥΝ ΤΟΥΣ ΣΙΕΛΟΓΟΝΟΥΣ ΑΔΕΝΕΣ, ΣΥΜΠΕΡΙΛΑΜΒΑΝΟΜΕΝΗΣ ΤΗΣ ΒΙΟΨΙΑΣ",264.08,Ήπια απόκλιση τιμών. Ενημερώθηκε ο θεράπων ιατρός.,15124501431,68
EX-00150,2023-07-10 03:40:32,ΑΝΑΙΣΘΗΣΙΑ ΓΙΑ ΕΝΔΟΚΡΑΝΙΑΚΕΣ ΕΠΕΜΒΑΣΕΙΣ· ΚΡΑΝΙΟΤΟΜΗ Ή ΚΡΑΝΙΕΚΤΟΜΗ ΓΙΑ ΤΗΝ ΠΑΡΟΧΕΤΕΥΣΗ ΑΙΜΑΤΩΜΑΤΟΣ,51.97,Η διαδικασία ολοκληρώθηκε ομαλά. Φυσιολογικά ευρήματα.,15124501431,68
EX-00151,2023-07-25 18:55:44,ΑΝΑΙΣΘΗΣΙΑ ΓΙΑ ΕΝΔΟΚΡΑΝΙΑΚΕΣ ΕΠΕΜΒΑΣΕΙΣ· ΚΡΑΝΙΟΤΟΜΗ Ή ΚΡΑΝΙΕΚΤΟΜΗ ΓΙΑ ΤΗΝ ΠΑΡΟΧΕΤΕΥΣΗ ΑΙΜΑΤΩΜΑΤΟΣ,51.97,Αναμένονται περαιτέρω αναλύσεις από το εργαστήριο.,21119438801,69
EX-00152,2023-07-29 17:05:31,ΑΝΑΙΣΘΗΣΙΑ ΓΙΑ ΕΠΕΜΒΑΣΕΙΣ ΠΟΥ ΑΦΟΡΟΥΝ ΤΟΝ ΟΦΘΑΛΜΟ· ΔΕΝ ΠΡΟΣΔΙΟΡΙΖΕΤΑΙ ΠΕΡΑΙΤΕΡΩ,574.09,Η διαδικασία ολοκληρώθηκε ομαλά. Φυσιολογικά ευρήματα.,19029051436,70
EX-00153,2023-07-30 06:05:31,"ΑΝΑΙΣΘΗΣΙΑ ΓΙΑ ΕΠΕΜΒΑΣΕΙΣ ΠΟΥ ΑΦΟΡΟΥΝ ΤΟ ΕΞΩ, ΤΟ ΜΕΣΟΝ ΚΑΙ ΤΟ ΕΣΩ ΟΥΣ, ΣΥΜΠΕΡΙΛΑΜΒΑΝΟΜΕΝΗΣ ΤΗΣ ΒΙΟΨΙΑΣ· ΤΟΜΗ ΤΥΜΠΑΝΙΚΟΥ ΥΜΕΝΑ",1283.52,Ολοκληρώθηκε χωρίς επιπλοκές.,19029051436,70
EX-00154,2023-07-25 10:05:31,"ΑΝΑΙΣΘΗΣΙΑ ΓΙΑ ΕΠΕΜΒΑΣΕΙΣ ΠΟΥ ΑΦΟΡΟΥΝ ΤΟ ΕΞΩ, ΤΟ ΜΕΣΟΝ ΚΑΙ ΤΟ ΕΣΩ ΟΥΣ, ΣΥΜΠΕΡΙΛΑΜΒΑΝΟΜΕΝΗΣ ΤΗΣ ΒΙΟΨΙΑΣ· ΩΤΟΣΚΟΠΗΣΗ",2213.35,Η διαδικασία ολοκληρώθηκε ομαλά. Φυσιολογικά ευρήματα.,19029051436,70
EX-00155,2023-08-09 07:28:58,"ΑΝΑΙΣΘΗΣΙΑ ΓΙΑ ΕΠΕΜΒΑΣΕΙΣ ΠΟΥ ΑΦΟΡΟΥΝ ΤΟ ΕΞΩ, ΤΟ ΜΕΣΟΝ ΚΑΙ ΤΟ ΕΣΩ ΟΥΣ, ΣΥΜΠΕΡΙΛΑΜΒΑΝΟΜΕΝΗΣ ΤΗΣ ΒΙΟΨΙΑΣ· ΔΕΝ ΠΡΟΣΔΙΟΡΙΖΕΤΑΙ ΠΕΡΑΙΤΕΡΩ",795.29,Η διαδικασία ολοκληρώθηκε ομαλά. Φυσιολογικά ευρήματα.,11087946135,71
EX-00156,2023-08-10 13:15:00,ΑΝΑΙΣΘΗΣΙΑ ΓΙΑ ΕΝΔΟΚΡΑΝΙΑΚΕΣ ΕΠΕΜΒΑΣΕΙΣ· ΚΡΑΝΙΟΤΟΜΗ Ή ΚΡΑΝΙΕΚΤΟΜΗ ΓΙΑ ΤΗΝ ΠΑΡΟΧΕΤΕΥΣΗ ΑΙΜΑΤΩΜΑΤΟΣ,51.97,Ολοκληρώθηκε χωρίς επιπλοκές.,17019537542,72
EX-00157,2023-08-11 18:11:24,ΑΝΑΙΣΘΗΣΙΑ ΓΙΑ ΕΝΔΟΚΡΑΝΙΑΚΕΣ ΕΠΕΜΒΑΣΕΙΣ· ΚΡΑΝΙΟΤΟΜΗ Ή ΚΡΑΝΙΕΚΤΟΜΗ ΓΙΑ ΤΗΝ ΠΑΡΟΧΕΤΕΥΣΗ ΑΙΜΑΤΩΜΑΤΟΣ,51.97,Αναμένονται περαιτέρω αναλύσεις από το εργαστήριο.,28120467810,73
EX-00158,2023-08-04 20:11:24,"ΑΝΑΙΣΘΗΣΙΑ ΓΙΑ ΕΠΕΜΒΑΣΕΙΣ ΠΟΥ ΑΦΟΡΟΥΝ ΤΟ ΕΞΩ, ΤΟ ΜΕΣΟΝ ΚΑΙ ΤΟ ΕΣΩ ΟΥΣ, ΣΥΜΠΕΡΙΛΑΜΒΑΝΟΜΕΝΗΣ ΤΗΣ ΒΙΟΨΙΑΣ· ΩΤΟΣΚΟΠΗΣΗ",2213.35,Ήπια απόκλιση τιμών. Ενημερώθηκε ο θεράπων ιατρός.,28120467810,73
EX-00159,2023-08-10 21:11:24,ΑΝΑΙΣΘΗΣΙΑ ΓΙΑ ΕΠΕΜΒΑΣΕΙΣ ΠΟΥ ΑΦΟΡΟΥΝ ΤΟΝ ΟΦΘΑΛΜΟ· ΧΕΙΡΟΥΡΓΙΚΗ ΦΑΚΩΝ,1156.04,Δεν παρατηρήθηκαν παθολογικά ευρήματα κατά τον έλεγχο.,28120467810,73
EX-00160,2023-08-11 05:37:45,ΑΝΑΙΣΘΗΣΙΑ ΓΙΑ ΕΠΕΜΒΑΣΕΙΣ ΠΟΥ ΑΦΟΡΟΥΝ ΤΟΝ ΟΦΘΑΛΜΟ· ΔΕΝ ΠΡΟΣΔΙΟΡΙΖΕΤΑΙ ΠΕΡΑΙΤΕΡΩ,574.09,Η διαδικασία ολοκληρώθηκε ομαλά. Φυσιολογικά ευρήματα.,03049296161,74
EX-00161,2023-08-15 00:07:14,ΑΝΑΙΣΘΗΣΙΑ ΓΙΑ ΗΛΕΚΤΡΟΣΠΑΣΜΟΘΕΡΑΠΕΙΑ,1532.75,Η διαδικασία ολοκληρώθηκε ομαλά. Φυσιολογικά ευρήματα.,07034474162,75
EX-00162,2023-08-11 11:07:14,"ΑΝΑΙΣΘΗΣΙΑ ΓΙΑ ΕΠΕΜΒΑΣΕΙΣ ΠΟΥ ΑΦΟΡΟΥΝ ΤΟ ΕΞΩ, ΤΟ ΜΕΣΟΝ ΚΑΙ ΤΟ ΕΣΩ ΟΥΣ, ΣΥΜΠΕΡΙΛΑΜΒΑΝΟΜΕΝΗΣ ΤΗΣ ΒΙΟΨΙΑΣ· ΩΤΟΣΚΟΠΗΣΗ",2213.35,Η διαδικασία ολοκληρώθηκε ομαλά. Φυσιολογικά ευρήματα.,07034474162,75
EX-00163,2023-08-13 15:32:20,"ΑΝΑΙΣΘΗΣΙΑ ΓΙΑ ΕΠΕΜΒΑΣΕΙΣ ΠΟΥ ΑΦΟΡΟΥΝ ΤΟ ΕΞΩ, ΤΟ ΜΕΣΟΝ ΚΑΙ ΤΟ ΕΣΩ ΟΥΣ, ΣΥΜΠΕΡΙΛΑΜΒΑΝΟΜΕΝΗΣ ΤΗΣ ΒΙΟΨΙΑΣ· ΩΤΟΣΚΟΠΗΣΗ",2213.35,Δεν παρατηρήθηκαν παθολογικά ευρήματα κατά τον έλεγχο.,16068107499,76
EX-00164,2023-08-21 19:08:08,ΑΝΑΙΣΘΗΣΙΑ ΓΙΑ ΕΠΕΜΒΑΣΕΙΣ ΠΟΥ ΑΦΟΡΟΥΝ ΤΟΝ ΟΦΘΑΛΜΟ· ΔΕΝ ΠΡΟΣΔΙΟΡΙΖΕΤΑΙ ΠΕΡΑΙΤΕΡΩ,574.09,Η διαδικασία ολοκληρώθηκε ομαλά. Φυσιολογικά ευρήματα.,24100569128,77
EX-00165,2023-08-14 23:03:21,ΑΝΑΙΣΘΗΣΙΑ ΓΙΑ ΕΝΔΟΚΡΑΝΙΑΚΕΣ ΕΠΕΜΒΑΣΕΙΣ· ΗΛΕΚΤΡΟΚΑΥΤΗΡΙΑΣΗ ΤΟΥ ΕΝΔΟΚΡΑΝΙΑΚΟΥ ΝΕΥΡΟΥ,2173.68,Ήπια απόκλιση τιμών. Ενημερώθηκε ο θεράπων ιατρός.,06126222477,78
EX-00166,2023-08-14 16:03:21,ΑΝΑΙΣΘΗΣΙΑ ΓΙΑ ΗΛΕΚΤΡΟΣΠΑΣΜΟΘΕΡΑΠΕΙΑ,1532.75,Ολοκληρώθηκε χωρίς επιπλοκές.,06126222477,78
EX-00167,2023-08-16 19:03:21,"ΑΝΑΙΣΘΗΣΙΑ ΓΙΑ ΕΠΕΜΒΑΣΕΙΣ ΠΟΥ ΑΦΟΡΟΥΝ ΤΟ ΕΞΩ, ΤΟ ΜΕΣΟΝ ΚΑΙ ΤΟ ΕΣΩ ΟΥΣ, ΣΥΜΠΕΡΙΛΑΜΒΑΝΟΜΕΝΗΣ ΤΗΣ ΒΙΟΨΙΑΣ· ΤΟΜΗ ΤΥΜΠΑΝΙΚΟΥ ΥΜΕΝΑ",1283.52,Ολοκληρώθηκε χωρίς επιπλοκές.,06126222477,78
EX-00168,2023-08-24 05:25:13,"ΑΝΑΙΣΘΗΣΙΑ ΓΙΑ ΕΠΕΜΒΑΣΕΙΣ ΠΟΥ ΑΦΟΡΟΥΝ ΤΟ ΕΞΩ, ΤΟ ΜΕΣΟΝ ΚΑΙ ΤΟ ΕΣΩ ΟΥΣ, ΣΥΜΠΕΡΙΛΑΜΒΑΝΟΜΕΝΗΣ ΤΗΣ ΒΙΟΨΙΑΣ· ΔΕΝ ΠΡΟΣΔΙΟΡΙΖΕΤΑΙ ΠΕΡΑΙΤΕΡΩ",795.29,Ήπια απόκλιση τιμών. Ενημερώθηκε ο θεράπων ιατρός.,02087077516,79
EX-00169,2023-08-22 19:01:46,ΑΝΑΙΣΘΗΣΙΑ ΓΙΑ ΕΠΕΜΒΑΣΕΙΣ ΕΠΑΝΟΡΘΩΤΙΚΗΣ ΧΕΙΡΟΥΡΓΙΚΗΣ ΒΛΕΦΑΡΩΝ (Π.Χ. ΒΛΕΦΑΡΟΠΛΑΣΤΙΚΗ ΕΓΧΕΙΡΗΣΗ ΒΛΕΦΑΡΟΠΤΩΣΗΣ),2236.35,Αναμένονται περαιτέρω αναλύσεις από το εργαστήριο.,08088799158,80
EX-00170,2023-08-24 22:50:54,"ΑΝΑΙΣΘΗΣΙΑ ΓΙΑ ΕΠΕΜΒΑΣΕΙΣ ΠΟΥ ΑΦΟΡΟΥΝ ΤΟΥΣ ΣΙΕΛΟΓΟΝΟΥΣ ΑΔΕΝΕΣ, ΣΥΜΠΕΡΙΛΑΜΒΑΝΟΜΕΝΗΣ ΤΗΣ ΒΙΟΨΙΑΣ",264.08,Ήπια απόκλιση τιμών. Ενημερώθηκε ο θεράπων ιατρός.,26067425558,81
EX-00171,2023-08-24 20:50:54,ΑΝΑΙΣΘΗΣΙΑ ΓΙΑ ΕΝΔΟΚΡΑΝΙΑΚΕΣ ΕΠΕΜΒΑΣΕΙΣ· ΗΛΕΚΤΡΟΚΑΥΤΗΡΙΑΣΗ ΤΟΥ ΕΝΔΟΚΡΑΝΙΑΚΟΥ ΝΕΥΡΟΥ,2173.68,Ήπια απόκλιση τιμών. Ενημερώθηκε ο θεράπων ιατρός.,26067425558,81
EX-00172,2023-08-24 10:50:54,ΑΝΑΙΣΘΗΣΙΑ ΓΙΑ ΕΝΔΟΚΡΑΝΙΑΚΕΣ ΕΠΕΜΒΑΣΕΙΣ· ΚΡΑΝΙΟΤΟΜΗ Ή ΚΡΑΝΙΕΚΤΟΜΗ ΓΙΑ ΤΗΝ ΠΑΡΟΧΕΤΕΥΣΗ ΑΙΜΑΤΩΜΑΤΟΣ,51.97,Ήπια απόκλιση τιμών. Ενημερώθηκε ο θεράπων ιατρός.,26067425558,81
EX-00173,2023-08-31 10:16:51,ΑΝΑΙΣΘΗΣΙΑ ΓΙΑ ΗΛΕΚΤΡΟΣΠΑΣΜΟΘΕΡΑΠΕΙΑ,1532.75,Αναμένονται περαιτέρω αναλύσεις από το εργαστήριο.,05038348846,82
EX-00174,2023-08-31 11:16:51,ΑΝΑΙΣΘΗΣΙΑ ΓΙΑ ΕΠΕΜΒΑΣΕΙΣ ΣΧΕΤΙΚΕΣ ΜΕ ΤΗΝ ΠΛΑΣΤΙΚΗ ΔΙΟΡΘΩΣΗ ΧΕΙΛΕΟΣΧΙΣΤΙΑΣ (ΛΥΚΟΣΤΟΜΑ),2027.48,Η διαδικασία ολοκληρώθηκε ομαλά. Φυσιολογικά ευρήματα.,05038348846,82
EX-00175,2023-08-31 19:12:41,"ΑΝΑΙΣΘΗΣΙΑ ΓΙΑ ΕΠΕΜΒΑΣΕΙΣ ΠΟΥ ΑΦΟΡΟΥΝ ΤΟ ΕΞΩ, ΤΟ ΜΕΣΟΝ ΚΑΙ ΤΟ ΕΣΩ ΟΥΣ, ΣΥΜΠΕΡΙΛΑΜΒΑΝΟΜΕΝΗΣ ΤΗΣ ΒΙΟΨΙΑΣ· ΔΕΝ ΠΡΟΣΔΙΟΡΙΖΕΤΑΙ ΠΕΡΑΙΤΕΡΩ",795.29,Η διαδικασία ολοκληρώθηκε ομαλά. Φυσιολογικά ευρήματα.,16118595442,83
EX-00176,2023-09-04 19:04:11,ΑΝΑΙΣΘΗΣΙΑ ΓΙΑ ΕΠΕΜΒΑΣΕΙΣ ΠΟΥ ΑΦΟΡΟΥΝ ΤΗ ΡΙΝΑ ΚΑΙ ΕΠΙΚΟΥΡΙΚΕΣ ΚΟΙΛΟΤΗΤΕΣ· ΡΙΖΙΚΗ ΕΠΕΜΒΑΣΗ,2369.80,Η διαδικασία ολοκληρώθηκε ομαλά. Φυσιολογικά ευρήματα.,18114432106,84
EX-00177,2023-09-04 14:46:06,ΑΝΑΙΣΘΗΣΙΑ ΓΙΑ ΕΠΕΜΒΑΣΕΙΣ ΣΧΕΤΙΚΕΣ ΜΕ ΤΗΝ ΠΛΑΣΤΙΚΗ ΔΙΟΡΘΩΣΗ ΧΕΙΛΕΟΣΧΙΣΤΙΑΣ (ΛΥΚΟΣΤΟΜΑ),2027.48,Δεν παρατηρήθηκαν παθολογικά ευρήματα κατά τον έλεγχο.,24088546021,85
EX-00178,2023-09-03 23:46:06,ΑΝΑΙΣΘΗΣΙΑ ΓΙΑ ΕΠΕΜΒΑΣΕΙΣ ΠΟΥ ΑΦΟΡΟΥΝ ΤΟΝ ΟΦΘΑΛΜΟ· ΧΕΙΡΟΥΡΓΙΚΗ ΦΑΚΩΝ,1156.04,Ολοκληρώθηκε χωρίς επιπλοκές.,24088546021,85
EX-00179,2023-09-03 11:46:06,"ΑΝΑΙΣΘΗΣΙΑ ΓΙΑ ΕΠΕΜΒΑΣΕΙΣ ΠΟΥ ΑΦΟΡΟΥΝ ΤΟ ΕΞΩ, ΤΟ ΜΕΣΟΝ ΚΑΙ ΤΟ ΕΣΩ ΟΥΣ, ΣΥΜΠΕΡΙΛΑΜΒΑΝΟΜΕΝΗΣ ΤΗΣ ΒΙΟΨΙΑΣ· ΔΕΝ ΠΡΟΣΔΙΟΡΙΖΕΤΑΙ ΠΕΡΑΙΤΕΡΩ",795.29,Αναμένονται περαιτέρω αναλύσεις από το εργαστήριο.,24088546021,85
EX-00180,2023-09-08 20:43:31,ΑΝΑΙΣΘΗΣΙΑ ΓΙΑ ΕΝΔΟΚΡΑΝΙΑΚΕΣ ΕΠΕΜΒΑΣΕΙΣ· ΗΛΕΚΤΡΟΚΑΥΤΗΡΙΑΣΗ ΤΟΥ ΕΝΔΟΚΡΑΝΙΑΚΟΥ ΝΕΥΡΟΥ,2173.68,Ολοκληρώθηκε χωρίς επιπλοκές.,03056595064,86
EX-00181,2023-09-06 04:43:31,"ΑΝΑΙΣΘΗΣΙΑ ΓΙΑ ΕΠΕΜΒΑΣΕΙΣ ΠΟΥ ΑΦΟΡΟΥΝ ΤΟΥΣ ΣΙΕΛΟΓΟΝΟΥΣ ΑΔΕΝΕΣ, ΣΥΜΠΕΡΙΛΑΜΒΑΝΟΜΕΝΗΣ ΤΗΣ ΒΙΟΨΙΑΣ",264.08,Δεν παρατηρήθηκαν παθολογικά ευρήματα κατά τον έλεγχο.,03056595064,86
EX-00182,2023-09-08 13:08:39,"ΑΝΑΙΣΘΗΣΙΑ ΓΙΑ ΕΠΕΜΒΑΣΕΙΣ ΠΟΥ ΑΦΟΡΟΥΝ ΤΟΥΣ ΣΙΕΛΟΓΟΝΟΥΣ ΑΔΕΝΕΣ, ΣΥΜΠΕΡΙΛΑΜΒΑΝΟΜΕΝΗΣ ΤΗΣ ΒΙΟΨΙΑΣ",264.08,Ήπια απόκλιση τιμών. Ενημερώθηκε ο θεράπων ιατρός.,03037593592,87
EX-00183,2023-09-13 08:31:38,ΑΝΑΙΣΘΗΣΙΑ ΓΙΑ ΗΛΕΚΤΡΟΣΠΑΣΜΟΘΕΡΑΠΕΙΑ,1532.75,Ήπια απόκλιση τιμών. Ενημερώθηκε ο θεράπων ιατρός.,11087946135,88
EX-00184,2023-09-15 03:31:38,ΑΝΑΙΣΘΗΣΙΑ ΓΙΑ ΕΠΕΜΒΑΣΕΙΣ ΠΟΥ ΑΦΟΡΟΥΝ ΤΟΝ ΟΦΘΑΛΜΟ· ΔΕΝ ΠΡΟΣΔΙΟΡΙΖΕΤΑΙ ΠΕΡΑΙΤΕΡΩ,574.09,Ολοκληρώθηκε χωρίς επιπλοκές.,11087946135,88
EX-00185,2023-09-18 12:41:55,ΑΝΑΙΣΘΗΣΙΑ ΓΙΑ ΕΝΔΟΚΡΑΝΙΑΚΕΣ ΕΠΕΜΒΑΣΕΙΣ· ΚΡΑΝΙΟΤΟΜΗ Ή ΚΡΑΝΙΕΚΤΟΜΗ ΓΙΑ ΤΗΝ ΠΑΡΟΧΕΤΕΥΣΗ ΑΙΜΑΤΩΜΑΤΟΣ,51.97,Αναμένονται περαιτέρω αναλύσεις από το εργαστήριο.,06117882147,89
EX-00186,2023-09-15 15:41:55,ΑΝΑΙΣΘΗΣΙΑ ΓΙΑ ΕΠΕΜΒΑΣΕΙΣ ΠΟΥ ΑΦΟΡΟΥΝ ΤΟΝ ΟΦΘΑΛΜΟ· ΧΕΙΡΟΥΡΓΙΚΗ ΦΑΚΩΝ,1156.04,Ολοκληρώθηκε χωρίς επιπλοκές.,06117882147,89
EX-00187,2023-09-19 08:41:55,ΑΝΑΙΣΘΗΣΙΑ ΓΙΑ ΕΝΔΟΚΡΑΝΙΑΚΕΣ ΕΠΕΜΒΑΣΕΙΣ· ΗΛΕΚΤΡΟΚΑΥΤΗΡΙΑΣΗ ΤΟΥ ΕΝΔΟΚΡΑΝΙΑΚΟΥ ΝΕΥΡΟΥ,2173.68,Δεν παρατηρήθηκαν παθολογικά ευρήματα κατά τον έλεγχο.,06117882147,89
EX-00188,2023-09-24 23:09:23,"ΑΝΑΙΣΘΗΣΙΑ ΓΙΑ ΕΠΕΜΒΑΣΕΙΣ ΠΟΥ ΑΦΟΡΟΥΝ ΤΟ ΕΞΩ, ΤΟ ΜΕΣΟΝ ΚΑΙ ΤΟ ΕΣΩ ΟΥΣ, ΣΥΜΠΕΡΙΛΑΜΒΑΝΟΜΕΝΗΣ ΤΗΣ ΒΙΟΨΙΑΣ· ΩΤΟΣΚΟΠΗΣΗ",2213.35,Ήπια απόκλιση τιμών. Ενημερώθηκε ο θεράπων ιατρός.,20039794570,90
EX-00189,2023-09-21 00:09:23,ΑΝΑΙΣΘΗΣΙΑ ΓΙΑ ΕΠΕΜΒΑΣΕΙΣ ΕΠΑΝΟΡΘΩΤΙΚΗΣ ΧΕΙΡΟΥΡΓΙΚΗΣ ΒΛΕΦΑΡΩΝ (Π.Χ. ΒΛΕΦΑΡΟΠΛΑΣΤΙΚΗ ΕΓΧΕΙΡΗΣΗ ΒΛΕΦΑΡΟΠΤΩΣΗΣ),2236.35,Ήπια απόκλιση τιμών. Ενημερώθηκε ο θεράπων ιατρός.,20039794570,90
EX-00190,2023-09-25 00:50:58,"ΑΝΑΙΣΘΗΣΙΑ ΓΙΑ ΕΠΕΜΒΑΣΕΙΣ ΠΟΥ ΑΦΟΡΟΥΝ ΤΟ ΕΞΩ, ΤΟ ΜΕΣΟΝ ΚΑΙ ΤΟ ΕΣΩ ΟΥΣ, ΣΥΜΠΕΡΙΛΑΜΒΑΝΟΜΕΝΗΣ ΤΗΣ ΒΙΟΨΙΑΣ· ΔΕΝ ΠΡΟΣΔΙΟΡΙΖΕΤΑΙ ΠΕΡΑΙΤΕΡΩ",795.29,Η διαδικασία ολοκληρώθηκε ομαλά. Φυσιολογικά ευρήματα.,23056691943,91
EX-00191,2023-09-21 16:13:47,"ΑΝΑΙΣΘΗΣΙΑ ΓΙΑ ΕΠΕΜΒΑΣΕΙΣ ΠΟΥ ΑΦΟΡΟΥΝ ΤΟ ΕΞΩ, ΤΟ ΜΕΣΟΝ ΚΑΙ ΤΟ ΕΣΩ ΟΥΣ, ΣΥΜΠΕΡΙΛΑΜΒΑΝΟΜΕΝΗΣ ΤΗΣ ΒΙΟΨΙΑΣ· ΤΟΜΗ ΤΥΜΠΑΝΙΚΟΥ ΥΜΕΝΑ",1283.52,Ήπια απόκλιση τιμών. Ενημερώθηκε ο θεράπων ιατρός.,15049291643,92
EX-00192,2023-09-21 04:40:58,ΑΝΑΙΣΘΗΣΙΑ ΓΙΑ ΕΠΕΜΒΑΣΕΙΣ ΣΧΕΤΙΚΕΣ ΜΕ ΤΗΝ ΠΛΑΣΤΙΚΗ ΔΙΟΡΘΩΣΗ ΧΕΙΛΕΟΣΧΙΣΤΙΑΣ (ΛΥΚΟΣΤΟΜΑ),2027.48,Αναμένονται περαιτέρω αναλύσεις από το εργαστήριο.,16118595442,93
EX-00193,2023-09-22 23:40:58,"ΑΝΑΙΣΘΗΣΙΑ ΓΙΑ ΕΠΕΜΒΑΣΕΙΣ ΠΟΥ ΑΦΟΡΟΥΝ ΤΟ ΕΞΩ, ΤΟ ΜΕΣΟΝ ΚΑΙ ΤΟ ΕΣΩ ΟΥΣ, ΣΥΜΠΕΡΙΛΑΜΒΑΝΟΜΕΝΗΣ ΤΗΣ ΒΙΟΨΙΑΣ· ΔΕΝ ΠΡΟΣΔΙΟΡΙΖΕΤΑΙ ΠΕΡΑΙΤΕΡΩ",795.29,Αναμένονται περαιτέρω αναλύσεις από το εργαστήριο.,16118595442,93
EX-00194,2023-09-21 11:40:58,"ΑΝΑΙΣΘΗΣΙΑ ΓΙΑ ΕΠΕΜΒΑΣΕΙΣ ΠΟΥ ΑΦΟΡΟΥΝ ΤΟ ΕΞΩ, ΤΟ ΜΕΣΟΝ ΚΑΙ ΤΟ ΕΣΩ ΟΥΣ, ΣΥΜΠΕΡΙΛΑΜΒΑΝΟΜΕΝΗΣ ΤΗΣ ΒΙΟΨΙΑΣ· ΩΤΟΣΚΟΠΗΣΗ",2213.35,Δεν παρατηρήθηκαν παθολογικά ευρήματα κατά τον έλεγχο.,16118595442,93
EX-00195,2023-09-21 17:30:20,"ΑΝΑΙΣΘΗΣΙΑ ΓΙΑ ΕΠΕΜΒΑΣΕΙΣ ΠΟΥ ΑΦΟΡΟΥΝ ΤΟ ΕΞΩ, ΤΟ ΜΕΣΟΝ ΚΑΙ ΤΟ ΕΣΩ ΟΥΣ, ΣΥΜΠΕΡΙΛΑΜΒΑΝΟΜΕΝΗΣ ΤΗΣ ΒΙΟΨΙΑΣ· ΤΟΜΗ ΤΥΜΠΑΝΙΚΟΥ ΥΜΕΝΑ",1283.52,Η διαδικασία ολοκληρώθηκε ομαλά. Φυσιολογικά ευρήματα.,24088546021,94
EX-00196,2023-09-23 00:37:42,ΑΝΑΙΣΘΗΣΙΑ ΓΙΑ ΕΠΕΜΒΑΣΕΙΣ ΕΠΑΝΟΡΘΩΤΙΚΗΣ ΧΕΙΡΟΥΡΓΙΚΗΣ ΒΛΕΦΑΡΩΝ (Π.Χ. ΒΛΕΦΑΡΟΠΛΑΣΤΙΚΗ ΕΓΧΕΙΡΗΣΗ ΒΛΕΦΑΡΟΠΤΩΣΗΣ),2236.35,Δεν παρατηρήθηκαν παθολογικά ευρήματα κατά τον έλεγχο.,31084428740,95
EX-00197,2023-09-25 13:34:54,ΑΝΑΙΣΘΗΣΙΑ ΓΙΑ ΕΠΕΜΒΑΣΕΙΣ ΠΟΥ ΑΦΟΡΟΥΝ ΤΟΝ ΟΦΘΑΛΜΟ· ΔΕΝ ΠΡΟΣΔΙΟΡΙΖΕΤΑΙ ΠΕΡΑΙΤΕΡΩ,574.09,Αναμένονται περαιτέρω αναλύσεις από το εργαστήριο.,13119759342,96
EX-00198,2023-09-28 08:34:54,"ΑΝΑΙΣΘΗΣΙΑ ΓΙΑ ΕΠΕΜΒΑΣΕΙΣ ΠΟΥ ΑΦΟΡΟΥΝ ΤΟΥΣ ΣΙΕΛΟΓΟΝΟΥΣ ΑΔΕΝΕΣ, ΣΥΜΠΕΡΙΛΑΜΒΑΝΟΜΕΝΗΣ ΤΗΣ ΒΙΟΨΙΑΣ",264.08,Δεν παρατηρήθηκαν παθολογικά ευρήματα κατά τον έλεγχο.,13119759342,96
EX-00199,2023-09-25 11:27:21,"ΑΝΑΙΣΘΗΣΙΑ ΓΙΑ ΕΠΕΜΒΑΣΕΙΣ ΠΟΥ ΑΦΟΡΟΥΝ ΤΟ ΕΞΩ, ΤΟ ΜΕΣΟΝ ΚΑΙ ΤΟ ΕΣΩ ΟΥΣ, ΣΥΜΠΕΡΙΛΑΜΒΑΝΟΜΕΝΗΣ ΤΗΣ ΒΙΟΨΙΑΣ· ΔΕΝ ΠΡΟΣΔΙΟΡΙΖΕΤΑΙ ΠΕΡΑΙΤΕΡΩ",795.29,Αναμένονται περαιτέρω αναλύσεις από το εργαστήριο.,01090729354,97
EX-00200,2023-10-05 12:36:47,ΑΝΑΙΣΘΗΣΙΑ ΓΙΑ ΗΛΕΚΤΡΟΣΠΑΣΜΟΘΕΡΑΠΕΙΑ,1532.75,Δεν παρατηρήθηκαν παθολογικά ευρήματα κατά τον έλεγχο.,23026866049,98
EX-00201,2023-10-05 16:36:47,ΑΝΑΙΣΘΗΣΙΑ ΓΙΑ ΕΠΕΜΒΑΣΕΙΣ ΣΧΕΤΙΚΕΣ ΜΕ ΤΗΝ ΠΛΑΣΤΙΚΗ ΔΙΟΡΘΩΣΗ ΧΕΙΛΕΟΣΧΙΣΤΙΑΣ (ΛΥΚΟΣΤΟΜΑ),2027.48,Ήπια απόκλιση τιμών. Ενημερώθηκε ο θεράπων ιατρός.,23026866049,98
EX-00202,2023-10-07 10:36:47,ΑΝΑΙΣΘΗΣΙΑ ΓΙΑ ΕΠΕΜΒΑΣΕΙΣ ΣΧΕΤΙΚΕΣ ΜΕ ΤΗΝ ΠΛΑΣΤΙΚΗ ΔΙΟΡΘΩΣΗ ΧΕΙΛΕΟΣΧΙΣΤΙΑΣ (ΛΥΚΟΣΤΟΜΑ),2027.48,Αναμένονται περαιτέρω αναλύσεις από το εργαστήριο.,23026866049,98
EX-00203,2023-10-09 06:53:02,ΑΝΑΙΣΘΗΣΙΑ ΓΙΑ ΕΠΕΜΒΑΣΕΙΣ ΣΧΕΤΙΚΕΣ ΜΕ ΤΗΝ ΠΛΑΣΤΙΚΗ ΔΙΟΡΘΩΣΗ ΧΕΙΛΕΟΣΧΙΣΤΙΑΣ (ΛΥΚΟΣΤΟΜΑ),2027.48,Η διαδικασία ολοκληρώθηκε ομαλά. Φυσιολογικά ευρήματα.,16040493179,99
EX-00204,2023-10-06 19:53:02,ΑΝΑΙΣΘΗΣΙΑ ΓΙΑ ΕΠΕΜΒΑΣΕΙΣ ΠΟΥ ΑΦΟΡΟΥΝ ΤΟΝ ΟΦΘΑΛΜΟ· ΧΕΙΡΟΥΡΓΙΚΗ ΦΑΚΩΝ,1156.04,Αναμένονται περαιτέρω αναλύσεις από το εργαστήριο.,16040493179,99
EX-00205,2023-10-10 19:53:02,"ΑΝΑΙΣΘΗΣΙΑ ΓΙΑ ΕΠΕΜΒΑΣΕΙΣ ΠΟΥ ΑΦΟΡΟΥΝ ΤΟΥΣ ΣΙΕΛΟΓΟΝΟΥΣ ΑΔΕΝΕΣ, ΣΥΜΠΕΡΙΛΑΜΒΑΝΟΜΕΝΗΣ ΤΗΣ ΒΙΟΨΙΑΣ",264.08,Ήπια απόκλιση τιμών. Ενημερώθηκε ο θεράπων ιατρός.,16040493179,99
EX-00206,2023-10-08 14:58:14,"ΑΝΑΙΣΘΗΣΙΑ ΓΙΑ ΕΠΕΜΒΑΣΕΙΣ ΠΟΥ ΑΦΟΡΟΥΝ ΤΟ ΕΞΩ, ΤΟ ΜΕΣΟΝ ΚΑΙ ΤΟ ΕΣΩ ΟΥΣ, ΣΥΜΠΕΡΙΛΑΜΒΑΝΟΜΕΝΗΣ ΤΗΣ ΒΙΟΨΙΑΣ· ΤΟΜΗ ΤΥΜΠΑΝΙΚΟΥ ΥΜΕΝΑ",1283.52,Αναμένονται περαιτέρω αναλύσεις από το εργαστήριο.,08088799158,100
EX-00207,2023-10-09 00:58:14,ΑΝΑΙΣΘΗΣΙΑ ΓΙΑ ΕΠΕΜΒΑΣΕΙΣ ΠΟΥ ΑΦΟΡΟΥΝ ΤΟΝ ΟΦΘΑΛΜΟ· ΧΕΙΡΟΥΡΓΙΚΗ ΦΑΚΩΝ,1156.04,Αναμένονται περαιτέρω αναλύσεις από το εργαστήριο.,08088799158,100
EX-00208,2023-10-12 10:13:19,ΑΝΑΙΣΘΗΣΙΑ ΓΙΑ ΕΝΔΟΚΡΑΝΙΑΚΕΣ ΕΠΕΜΒΑΣΕΙΣ· ΚΡΑΝΙΟΤΟΜΗ Ή ΚΡΑΝΙΕΚΤΟΜΗ ΓΙΑ ΤΗΝ ΠΑΡΟΧΕΤΕΥΣΗ ΑΙΜΑΤΩΜΑΤΟΣ,51.97,Αναμένονται περαιτέρω αναλύσεις από το εργαστήριο.,18060326718,101
EX-00209,2023-10-13 14:13:19,ΑΝΑΙΣΘΗΣΙΑ ΓΙΑ ΗΛΕΚΤΡΟΣΠΑΣΜΟΘΕΡΑΠΕΙΑ,1532.75,Δεν παρατηρήθηκαν παθολογικά ευρήματα κατά τον έλεγχο.,18060326718,101
EX-00210,2023-10-12 05:22:41,"ΑΝΑΙΣΘΗΣΙΑ ΓΙΑ ΕΠΕΜΒΑΣΕΙΣ ΠΟΥ ΑΦΟΡΟΥΝ ΤΟΥΣ ΣΙΕΛΟΓΟΝΟΥΣ ΑΔΕΝΕΣ, ΣΥΜΠΕΡΙΛΑΜΒΑΝΟΜΕΝΗΣ ΤΗΣ ΒΙΟΨΙΑΣ",264.08,Αναμένονται περαιτέρω αναλύσεις από το εργαστήριο.,06117882147,102
EX-00211,2023-10-12 00:22:41,"ΑΝΑΙΣΘΗΣΙΑ ΓΙΑ ΕΠΕΜΒΑΣΕΙΣ ΠΟΥ ΑΦΟΡΟΥΝ ΤΟ ΕΞΩ, ΤΟ ΜΕΣΟΝ ΚΑΙ ΤΟ ΕΣΩ ΟΥΣ, ΣΥΜΠΕΡΙΛΑΜΒΑΝΟΜΕΝΗΣ ΤΗΣ ΒΙΟΨΙΑΣ· ΩΤΟΣΚΟΠΗΣΗ",2213.35,Ήπια απόκλιση τιμών. Ενημερώθηκε ο θεράπων ιατρός.,06117882147,102
EX-00212,2023-10-11 12:22:41,"ΑΝΑΙΣΘΗΣΙΑ ΓΙΑ ΕΠΕΜΒΑΣΕΙΣ ΠΟΥ ΑΦΟΡΟΥΝ ΤΟ ΕΞΩ, ΤΟ ΜΕΣΟΝ ΚΑΙ ΤΟ ΕΣΩ ΟΥΣ, ΣΥΜΠΕΡΙΛΑΜΒΑΝΟΜΕΝΗΣ ΤΗΣ ΒΙΟΨΙΑΣ· ΔΕΝ ΠΡΟΣΔΙΟΡΙΖΕΤΑΙ ΠΕΡΑΙΤΕΡΩ",795.29,Δεν παρατηρήθηκαν παθολογικά ευρήματα κατά τον έλεγχο.,06117882147,102
EX-00213,2023-10-12 14:25:33,ΑΝΑΙΣΘΗΣΙΑ ΓΙΑ ΕΠΕΜΒΑΣΕΙΣ ΣΧΕΤΙΚΕΣ ΜΕ ΤΗΝ ΠΛΑΣΤΙΚΗ ΔΙΟΡΘΩΣΗ ΧΕΙΛΕΟΣΧΙΣΤΙΑΣ (ΛΥΚΟΣΤΟΜΑ),2027.48,Η διαδικασία ολοκληρώθηκε ομαλά. Φυσιολογικά ευρήματα.,21119438801,103
EX-00214,2023-10-12 16:25:33,ΑΝΑΙΣΘΗΣΙΑ ΓΙΑ ΕΠΕΜΒΑΣΕΙΣ ΠΟΥ ΑΦΟΡΟΥΝ ΤΟΝ ΟΦΘΑΛΜΟ· ΧΕΙΡΟΥΡΓΙΚΗ ΦΑΚΩΝ,1156.04,Η διαδικασία ολοκληρώθηκε ομαλά. Φυσιολογικά ευρήματα.,21119438801,103
EX-00215,2023-10-17 04:32:49,ΑΝΑΙΣΘΗΣΙΑ ΓΙΑ ΕΝΔΟΚΡΑΝΙΑΚΕΣ ΕΠΕΜΒΑΣΕΙΣ· ΗΛΕΚΤΡΟΚΑΥΤΗΡΙΑΣΗ ΤΟΥ ΕΝΔΟΚΡΑΝΙΑΚΟΥ ΝΕΥΡΟΥ,2173.68,Η διαδικασία ολοκληρώθηκε ομαλά. Φυσιολογικά ευρήματα.,16068107499,104
EX-00216,2023-10-19 02:32:49,ΑΝΑΙΣΘΗΣΙΑ ΓΙΑ ΕΝΔΟΚΡΑΝΙΑΚΕΣ ΕΠΕΜΒΑΣΕΙΣ· ΚΡΑΝΙΟΤΟΜΗ Ή ΚΡΑΝΙΕΚΤΟΜΗ ΓΙΑ ΤΗΝ ΠΑΡΟΧΕΤΕΥΣΗ ΑΙΜΑΤΩΜΑΤΟΣ,51.97,Ολοκληρώθηκε χωρίς επιπλοκές.,16068107499,104
EX-00217,2023-10-20 06:32:49,ΑΝΑΙΣΘΗΣΙΑ ΓΙΑ ΕΝΔΟΚΡΑΝΙΑΚΕΣ ΕΠΕΜΒΑΣΕΙΣ· ΗΛΕΚΤΡΟΚΑΥΤΗΡΙΑΣΗ ΤΟΥ ΕΝΔΟΚΡΑΝΙΑΚΟΥ ΝΕΥΡΟΥ,2173.68,Η διαδικασία ολοκληρώθηκε ομαλά. Φυσιολογικά ευρήματα.,16068107499,104
EX-00218,2023-10-26 23:50:35,"ΑΝΑΙΣΘΗΣΙΑ ΓΙΑ ΕΠΕΜΒΑΣΕΙΣ ΠΟΥ ΑΦΟΡΟΥΝ ΤΟ ΕΞΩ, ΤΟ ΜΕΣΟΝ ΚΑΙ ΤΟ ΕΣΩ ΟΥΣ, ΣΥΜΠΕΡΙΛΑΜΒΑΝΟΜΕΝΗΣ ΤΗΣ ΒΙΟΨΙΑΣ· ΔΕΝ ΠΡΟΣΔΙΟΡΙΖΕΤΑΙ ΠΕΡΑΙΤΕΡΩ",795.29,Δεν παρατηρήθηκαν παθολογικά ευρήματα κατά τον έλεγχο.,02078042045,105
EX-00219,2023-10-20 18:12:41,"ΑΝΑΙΣΘΗΣΙΑ ΓΙΑ ΕΠΕΜΒΑΣΕΙΣ ΠΟΥ ΑΦΟΡΟΥΝ ΤΟ ΕΞΩ, ΤΟ ΜΕΣΟΝ ΚΑΙ ΤΟ ΕΣΩ ΟΥΣ, ΣΥΜΠΕΡΙΛΑΜΒΑΝΟΜΕΝΗΣ ΤΗΣ ΒΙΟΨΙΑΣ· ΔΕΝ ΠΡΟΣΔΙΟΡΙΖΕΤΑΙ ΠΕΡΑΙΤΕΡΩ",795.29,Η διαδικασία ολοκληρώθηκε ομαλά. Φυσιολογικά ευρήματα.,22120477375,106
EX-00220,2023-10-18 14:12:41,ΑΝΑΙΣΘΗΣΙΑ ΓΙΑ ΕΠΕΜΒΑΣΕΙΣ ΠΟΥ ΑΦΟΡΟΥΝ ΤΟΝ ΟΦΘΑΛΜΟ· ΔΕΝ ΠΡΟΣΔΙΟΡΙΖΕΤΑΙ ΠΕΡΑΙΤΕΡΩ,574.09,Ήπια απόκλιση τιμών. Ενημερώθηκε ο θεράπων ιατρός.,22120477375,106
EX-00221,2023-10-22 21:12:41,ΑΝΑΙΣΘΗΣΙΑ ΓΙΑ ΕΠΕΜΒΑΣΕΙΣ ΠΟΥ ΑΦΟΡΟΥΝ ΤΟΝ ΟΦΘΑΛΜΟ· ΧΕΙΡΟΥΡΓΙΚΗ ΦΑΚΩΝ,1156.04,Αναμένονται περαιτέρω αναλύσεις από το εργαστήριο.,22120477375,106
EX-00222,2023-10-26 05:43:19,"ΑΝΑΙΣΘΗΣΙΑ ΓΙΑ ΕΠΕΜΒΑΣΕΙΣ ΠΟΥ ΑΦΟΡΟΥΝ ΤΟ ΕΞΩ, ΤΟ ΜΕΣΟΝ ΚΑΙ ΤΟ ΕΣΩ ΟΥΣ, ΣΥΜΠΕΡΙΛΑΜΒΑΝΟΜΕΝΗΣ ΤΗΣ ΒΙΟΨΙΑΣ· ΩΤΟΣΚΟΠΗΣΗ",2213.35,Ήπια απόκλιση τιμών. Ενημερώθηκε ο θεράπων ιατρός.,01090729354,107
EX-00223,2023-10-27 00:43:19,"ΑΝΑΙΣΘΗΣΙΑ ΓΙΑ ΕΠΕΜΒΑΣΕΙΣ ΠΟΥ ΑΦΟΡΟΥΝ ΤΟ ΕΞΩ, ΤΟ ΜΕΣΟΝ ΚΑΙ ΤΟ ΕΣΩ ΟΥΣ, ΣΥΜΠΕΡΙΛΑΜΒΑΝΟΜΕΝΗΣ ΤΗΣ ΒΙΟΨΙΑΣ· ΔΕΝ ΠΡΟΣΔΙΟΡΙΖΕΤΑΙ ΠΕΡΑΙΤΕΡΩ",795.29,Δεν παρατηρήθηκαν παθολογικά ευρήματα κατά τον έλεγχο.,01090729354,107
EX-00224,2023-10-23 23:43:19,ΑΝΑΙΣΘΗΣΙΑ ΓΙΑ ΕΠΕΜΒΑΣΕΙΣ ΠΟΥ ΑΦΟΡΟΥΝ ΤΟΝ ΟΦΘΑΛΜΟ· ΧΕΙΡΟΥΡΓΙΚΗ ΦΑΚΩΝ,1156.04,Δεν παρατηρήθηκαν παθολογικά ευρήματα κατά τον έλεγχο.,01090729354,107
EX-00225,2023-10-22 21:15:18,"ΑΝΑΙΣΘΗΣΙΑ ΓΙΑ ΕΠΕΜΒΑΣΕΙΣ ΠΟΥ ΑΦΟΡΟΥΝ ΤΟ ΕΞΩ, ΤΟ ΜΕΣΟΝ ΚΑΙ ΤΟ ΕΣΩ ΟΥΣ, ΣΥΜΠΕΡΙΛΑΜΒΑΝΟΜΕΝΗΣ ΤΗΣ ΒΙΟΨΙΑΣ· ΤΟΜΗ ΤΥΜΠΑΝΙΚΟΥ ΥΜΕΝΑ",1283.52,Ολοκληρώθηκε χωρίς επιπλοκές.,20039794570,108
EX-00226,2023-10-27 10:15:18,"ΑΝΑΙΣΘΗΣΙΑ ΓΙΑ ΕΠΕΜΒΑΣΕΙΣ ΠΟΥ ΑΦΟΡΟΥΝ ΤΟΥΣ ΣΙΕΛΟΓΟΝΟΥΣ ΑΔΕΝΕΣ, ΣΥΜΠΕΡΙΛΑΜΒΑΝΟΜΕΝΗΣ ΤΗΣ ΒΙΟΨΙΑΣ",264.08,Δεν παρατηρήθηκαν παθολογικά ευρήματα κατά τον έλεγχο.,20039794570,108
EX-00227,2023-10-25 11:22:48,"ΑΝΑΙΣΘΗΣΙΑ ΓΙΑ ΕΠΕΜΒΑΣΕΙΣ ΠΟΥ ΑΦΟΡΟΥΝ ΤΟ ΕΞΩ, ΤΟ ΜΕΣΟΝ ΚΑΙ ΤΟ ΕΣΩ ΟΥΣ, ΣΥΜΠΕΡΙΛΑΜΒΑΝΟΜΕΝΗΣ ΤΗΣ ΒΙΟΨΙΑΣ· ΤΟΜΗ ΤΥΜΠΑΝΙΚΟΥ ΥΜΕΝΑ",1283.52,Δεν παρατηρήθηκαν παθολογικά ευρήματα κατά τον έλεγχο.,05038348846,109
EX-00228,2023-10-27 13:22:48,"ΑΝΑΙΣΘΗΣΙΑ ΓΙΑ ΕΠΕΜΒΑΣΕΙΣ ΠΟΥ ΑΦΟΡΟΥΝ ΤΟ ΕΞΩ, ΤΟ ΜΕΣΟΝ ΚΑΙ ΤΟ ΕΣΩ ΟΥΣ, ΣΥΜΠΕΡΙΛΑΜΒΑΝΟΜΕΝΗΣ ΤΗΣ ΒΙΟΨΙΑΣ· ΩΤΟΣΚΟΠΗΣΗ",2213.35,Ολοκληρώθηκε χωρίς επιπλοκές.,05038348846,109
EX-00229,2023-10-30 04:37:11,"ΑΝΑΙΣΘΗΣΙΑ ΓΙΑ ΕΠΕΜΒΑΣΕΙΣ ΠΟΥ ΑΦΟΡΟΥΝ ΤΟ ΕΞΩ, ΤΟ ΜΕΣΟΝ ΚΑΙ ΤΟ ΕΣΩ ΟΥΣ, ΣΥΜΠΕΡΙΛΑΜΒΑΝΟΜΕΝΗΣ ΤΗΣ ΒΙΟΨΙΑΣ· ΩΤΟΣΚΟΠΗΣΗ",2213.35,Η διαδικασία ολοκληρώθηκε ομαλά. Φυσιολογικά ευρήματα.,29049732701,110
EX-00230,2023-10-29 16:37:11,ΑΝΑΙΣΘΗΣΙΑ ΓΙΑ ΕΝΔΟΚΡΑΝΙΑΚΕΣ ΕΠΕΜΒΑΣΕΙΣ· ΗΛΕΚΤΡΟΚΑΥΤΗΡΙΑΣΗ ΤΟΥ ΕΝΔΟΚΡΑΝΙΑΚΟΥ ΝΕΥΡΟΥ,2173.68,Ολοκληρώθηκε χωρίς επιπλοκές.,29049732701,110
EX-00231,2023-10-28 20:12:50,ΑΝΑΙΣΘΗΣΙΑ ΓΙΑ ΕΝΔΟΚΡΑΝΙΑΚΕΣ ΕΠΕΜΒΑΣΕΙΣ· ΗΛΕΚΤΡΟΚΑΥΤΗΡΙΑΣΗ ΤΟΥ ΕΝΔΟΚΡΑΝΙΑΚΟΥ ΝΕΥΡΟΥ,2173.68,Ολοκληρώθηκε χωρίς επιπλοκές.,26067425558,111
EX-00232,2023-10-29 02:12:50,ΑΝΑΙΣΘΗΣΙΑ ΓΙΑ ΕΝΔΟΚΡΑΝΙΑΚΕΣ ΕΠΕΜΒΑΣΕΙΣ· ΚΡΑΝΙΟΤΟΜΗ Ή ΚΡΑΝΙΕΚΤΟΜΗ ΓΙΑ ΤΗΝ ΠΑΡΟΧΕΤΕΥΣΗ ΑΙΜΑΤΩΜΑΤΟΣ,51.97,Δεν παρατηρήθηκαν παθολογικά ευρήματα κατά τον έλεγχο.,26067425558,111
EX-00233,2023-10-29 15:12:50,ΑΝΑΙΣΘΗΣΙΑ ΓΙΑ ΕΠΕΜΒΑΣΕΙΣ ΠΟΥ ΑΦΟΡΟΥΝ ΤΗ ΡΙΝΑ ΚΑΙ ΕΠΙΚΟΥΡΙΚΕΣ ΚΟΙΛΟΤΗΤΕΣ· ΡΙΖΙΚΗ ΕΠΕΜΒΑΣΗ,2369.80,Ήπια απόκλιση τιμών. Ενημερώθηκε ο θεράπων ιατρός.,26067425558,111
EX-00234,2023-10-30 04:57:17,"ΑΝΑΙΣΘΗΣΙΑ ΓΙΑ ΕΠΕΜΒΑΣΕΙΣ ΠΟΥ ΑΦΟΡΟΥΝ ΤΟ ΕΞΩ, ΤΟ ΜΕΣΟΝ ΚΑΙ ΤΟ ΕΣΩ ΟΥΣ, ΣΥΜΠΕΡΙΛΑΜΒΑΝΟΜΕΝΗΣ ΤΗΣ ΒΙΟΨΙΑΣ· ΔΕΝ ΠΡΟΣΔΙΟΡΙΖΕΤΑΙ ΠΕΡΑΙΤΕΡΩ",795.29,Δεν παρατηρήθηκαν παθολογικά ευρήματα κατά τον έλεγχο.,03049296161,112
EX-00235,2023-11-08 20:02:25,"ΑΝΑΙΣΘΗΣΙΑ ΓΙΑ ΕΠΕΜΒΑΣΕΙΣ ΠΟΥ ΑΦΟΡΟΥΝ ΤΟΥΣ ΣΙΕΛΟΓΟΝΟΥΣ ΑΔΕΝΕΣ, ΣΥΜΠΕΡΙΛΑΜΒΑΝΟΜΕΝΗΣ ΤΗΣ ΒΙΟΨΙΑΣ",264.08,Η διαδικασία ολοκληρώθηκε ομαλά. Φυσιολογικά ευρήματα.,02078042045,113
EX-00236,2023-11-09 20:02:25,"ΑΝΑΙΣΘΗΣΙΑ ΓΙΑ ΕΠΕΜΒΑΣΕΙΣ ΠΟΥ ΑΦΟΡΟΥΝ ΤΟ ΕΞΩ, ΤΟ ΜΕΣΟΝ ΚΑΙ ΤΟ ΕΣΩ ΟΥΣ, ΣΥΜΠΕΡΙΛΑΜΒΑΝΟΜΕΝΗΣ ΤΗΣ ΒΙΟΨΙΑΣ· ΔΕΝ ΠΡΟΣΔΙΟΡΙΖΕΤΑΙ ΠΕΡΑΙΤΕΡΩ",795.29,Ολοκληρώθηκε χωρίς επιπλοκές.,02078042045,113
EX-00237,2023-11-10 09:10:30,ΑΝΑΙΣΘΗΣΙΑ ΓΙΑ ΕΝΔΟΚΡΑΝΙΑΚΕΣ ΕΠΕΜΒΑΣΕΙΣ· ΚΡΑΝΙΟΤΟΜΗ Ή ΚΡΑΝΙΕΚΤΟΜΗ ΓΙΑ ΤΗΝ ΠΑΡΟΧΕΤΕΥΣΗ ΑΙΜΑΤΩΜΑΤΟΣ,51.97,Αναμένονται περαιτέρω αναλύσεις από το εργαστήριο.,10089737527,114
EX-00238,2023-11-10 21:02:24,ΑΝΑΙΣΘΗΣΙΑ ΓΙΑ ΕΝΔΟΚΡΑΝΙΑΚΕΣ ΕΠΕΜΒΑΣΕΙΣ· ΚΡΑΝΙΟΤΟΜΗ Ή ΚΡΑΝΙΕΚΤΟΜΗ ΓΙΑ ΤΗΝ ΠΑΡΟΧΕΤΕΥΣΗ ΑΙΜΑΤΩΜΑΤΟΣ,51.97,Δεν παρατηρήθηκαν παθολογικά ευρήματα κατά τον έλεγχο.,06050738238,115
EX-00239,2023-11-11 02:02:24,ΑΝΑΙΣΘΗΣΙΑ ΓΙΑ ΕΠΕΜΒΑΣΕΙΣ ΕΠΑΝΟΡΘΩΤΙΚΗΣ ΧΕΙΡΟΥΡΓΙΚΗΣ ΒΛΕΦΑΡΩΝ (Π.Χ. ΒΛΕΦΑΡΟΠΛΑΣΤΙΚΗ ΕΓΧΕΙΡΗΣΗ ΒΛΕΦΑΡΟΠΤΩΣΗΣ),2236.35,Η διαδικασία ολοκληρώθηκε ομαλά. Φυσιολογικά ευρήματα.,06050738238,115
EX-00240,2023-11-16 12:50:42,ΑΝΑΙΣΘΗΣΙΑ ΓΙΑ ΕΠΕΜΒΑΣΕΙΣ ΠΟΥ ΑΦΟΡΟΥΝ ΤΗ ΡΙΝΑ ΚΑΙ ΕΠΙΚΟΥΡΙΚΕΣ ΚΟΙΛΟΤΗΤΕΣ· ΡΙΖΙΚΗ ΕΠΕΜΒΑΣΗ,2369.80,Ήπια απόκλιση τιμών. Ενημερώθηκε ο θεράπων ιατρός.,17019537542,116
EX-00241,2023-11-21 19:04:32,ΑΝΑΙΣΘΗΣΙΑ ΓΙΑ ΗΛΕΚΤΡΟΣΠΑΣΜΟΘΕΡΑΠΕΙΑ,1532.75,Ήπια απόκλιση τιμών. Ενημερώθηκε ο θεράπων ιατρός.,21017437016,117
EX-00242,2023-11-21 07:04:32,ΑΝΑΙΣΘΗΣΙΑ ΓΙΑ ΕΝΔΟΚΡΑΝΙΑΚΕΣ ΕΠΕΜΒΑΣΕΙΣ· ΗΛΕΚΤΡΟΚΑΥΤΗΡΙΑΣΗ ΤΟΥ ΕΝΔΟΚΡΑΝΙΑΚΟΥ ΝΕΥΡΟΥ,2173.68,Δεν παρατηρήθηκαν παθολογικά ευρήματα κατά τον έλεγχο.,21017437016,117
EX-00243,2023-11-19 08:04:32,ΑΝΑΙΣΘΗΣΙΑ ΓΙΑ ΕΠΕΜΒΑΣΕΙΣ ΣΧΕΤΙΚΕΣ ΜΕ ΤΗΝ ΠΛΑΣΤΙΚΗ ΔΙΟΡΘΩΣΗ ΧΕΙΛΕΟΣΧΙΣΤΙΑΣ (ΛΥΚΟΣΤΟΜΑ),2027.48,Αναμένονται περαιτέρω αναλύσεις από το εργαστήριο.,21017437016,117
EX-00244,2023-11-20 07:28:26,ΑΝΑΙΣΘΗΣΙΑ ΓΙΑ ΕΠΕΜΒΑΣΕΙΣ ΣΧΕΤΙΚΕΣ ΜΕ ΤΗΝ ΠΛΑΣΤΙΚΗ ΔΙΟΡΘΩΣΗ ΧΕΙΛΕΟΣΧΙΣΤΙΑΣ (ΛΥΚΟΣΤΟΜΑ),2027.48,Δεν παρατηρήθηκαν παθολογικά ευρήματα κατά τον έλεγχο.,24088546021,118
EX-00245,2023-11-26 04:20:12,ΑΝΑΙΣΘΗΣΙΑ ΓΙΑ ΕΠΕΜΒΑΣΕΙΣ ΕΠΑΝΟΡΘΩΤΙΚΗΣ ΧΕΙΡΟΥΡΓΙΚΗΣ ΒΛΕΦΑΡΩΝ (Π.Χ. ΒΛΕΦΑΡΟΠΛΑΣΤΙΚΗ ΕΓΧΕΙΡΗΣΗ ΒΛΕΦΑΡΟΠΤΩΣΗΣ),2236.35,Ήπια απόκλιση τιμών. Ενημερώθηκε ο θεράπων ιατρός.,14129831939,119
EX-00246,2023-11-27 17:20:12,ΑΝΑΙΣΘΗΣΙΑ ΓΙΑ ΕΠΕΜΒΑΣΕΙΣ ΠΟΥ ΑΦΟΡΟΥΝ ΤΟΝ ΟΦΘΑΛΜΟ· ΔΕΝ ΠΡΟΣΔΙΟΡΙΖΕΤΑΙ ΠΕΡΑΙΤΕΡΩ,574.09,Ολοκληρώθηκε χωρίς επιπλοκές.,14129831939,119
EX-00247,2023-11-29 12:20:12,ΑΝΑΙΣΘΗΣΙΑ ΓΙΑ ΕΠΕΜΒΑΣΕΙΣ ΠΟΥ ΑΦΟΡΟΥΝ ΤΟΝ ΟΦΘΑΛΜΟ· ΔΕΝ ΠΡΟΣΔΙΟΡΙΖΕΤΑΙ ΠΕΡΑΙΤΕΡΩ,574.09,Ολοκληρώθηκε χωρίς επιπλοκές.,14129831939,119
EX-00248,2023-11-29 07:34:18,ΑΝΑΙΣΘΗΣΙΑ ΓΙΑ ΕΠΕΜΒΑΣΕΙΣ ΠΟΥ ΑΦΟΡΟΥΝ ΤΟΝ ΟΦΘΑΛΜΟ· ΧΕΙΡΟΥΡΓΙΚΗ ΦΑΚΩΝ,1156.04,Η διαδικασία ολοκληρώθηκε ομαλά. Φυσιολογικά ευρήματα.,27099728378,120
EX-00249,2023-11-24 12:34:18,ΑΝΑΙΣΘΗΣΙΑ ΓΙΑ ΕΠΕΜΒΑΣΕΙΣ ΠΟΥ ΑΦΟΡΟΥΝ ΤΟΝ ΟΦΘΑΛΜΟ· ΧΕΙΡΟΥΡΓΙΚΗ ΦΑΚΩΝ,1156.04,Ολοκληρώθηκε χωρίς επιπλοκές.,27099728378,120
EX-00250,2023-12-03 06:56:57,ΑΝΑΙΣΘΗΣΙΑ ΓΙΑ ΕΠΕΜΒΑΣΕΙΣ ΠΟΥ ΑΦΟΡΟΥΝ ΤΗ ΡΙΝΑ ΚΑΙ ΕΠΙΚΟΥΡΙΚΕΣ ΚΟΙΛΟΤΗΤΕΣ· ΡΙΖΙΚΗ ΕΠΕΜΒΑΣΗ,2369.80,Ήπια απόκλιση τιμών. Ενημερώθηκε ο θεράπων ιατρός.,18118519593,121
EX-00251,2023-11-30 01:17:55,ΑΝΑΙΣΘΗΣΙΑ ΓΙΑ ΕΠΕΜΒΑΣΕΙΣ ΣΧΕΤΙΚΕΣ ΜΕ ΤΗΝ ΠΛΑΣΤΙΚΗ ΔΙΟΡΘΩΣΗ ΧΕΙΛΕΟΣΧΙΣΤΙΑΣ (ΛΥΚΟΣΤΟΜΑ),2027.48,Η διαδικασία ολοκληρώθηκε ομαλά. Φυσιολογικά ευρήματα.,16040493179,122
EX-00252,2023-12-05 21:17:55,ΑΝΑΙΣΘΗΣΙΑ ΓΙΑ ΕΝΔΟΚΡΑΝΙΑΚΕΣ ΕΠΕΜΒΑΣΕΙΣ· ΚΡΑΝΙΟΤΟΜΗ Ή ΚΡΑΝΙΕΚΤΟΜΗ ΓΙΑ ΤΗΝ ΠΑΡΟΧΕΤΕΥΣΗ ΑΙΜΑΤΩΜΑΤΟΣ,51.97,Δεν παρατηρήθηκαν παθολογικά ευρήματα κατά τον έλεγχο.,16040493179,122
EX-00253,2023-12-04 05:59:54,ΑΝΑΙΣΘΗΣΙΑ ΓΙΑ ΕΝΔΟΚΡΑΝΙΑΚΕΣ ΕΠΕΜΒΑΣΕΙΣ· ΚΡΑΝΙΟΤΟΜΗ Ή ΚΡΑΝΙΕΚΤΟΜΗ ΓΙΑ ΤΗΝ ΠΑΡΟΧΕΤΕΥΣΗ ΑΙΜΑΤΩΜΑΤΟΣ,51.97,Η διαδικασία ολοκληρώθηκε ομαλά. Φυσιολογικά ευρήματα.,09045928947,123
EX-00254,2023-12-06 00:59:54,ΑΝΑΙΣΘΗΣΙΑ ΓΙΑ ΕΠΕΜΒΑΣΕΙΣ ΠΟΥ ΑΦΟΡΟΥΝ ΤΟΝ ΟΦΘΑΛΜΟ· ΔΕΝ ΠΡΟΣΔΙΟΡΙΖΕΤΑΙ ΠΕΡΑΙΤΕΡΩ,574.09,Η διαδικασία ολοκληρώθηκε ομαλά. Φυσιολογικά ευρήματα.,09045928947,123
EX-00255,2023-12-06 00:59:54,ΑΝΑΙΣΘΗΣΙΑ ΓΙΑ ΕΠΕΜΒΑΣΕΙΣ ΠΟΥ ΑΦΟΡΟΥΝ ΤΟΝ ΟΦΘΑΛΜΟ· ΧΕΙΡΟΥΡΓΙΚΗ ΦΑΚΩΝ,1156.04,Δεν παρατηρήθηκαν παθολογικά ευρήματα κατά τον έλεγχο.,09045928947,123
EX-00256,2023-12-07 07:22:40,ΑΝΑΙΣΘΗΣΙΑ ΓΙΑ ΕΝΔΟΚΡΑΝΙΑΚΕΣ ΕΠΕΜΒΑΣΕΙΣ· ΚΡΑΝΙΟΤΟΜΗ Ή ΚΡΑΝΙΕΚΤΟΜΗ ΓΙΑ ΤΗΝ ΠΑΡΟΧΕΤΕΥΣΗ ΑΙΜΑΤΩΜΑΤΟΣ,51.97,Ολοκληρώθηκε χωρίς επιπλοκές.,18118519593,124
EX-00257,2023-12-07 14:22:40,"ΑΝΑΙΣΘΗΣΙΑ ΓΙΑ ΕΠΕΜΒΑΣΕΙΣ ΠΟΥ ΑΦΟΡΟΥΝ ΤΟΥΣ ΣΙΕΛΟΓΟΝΟΥΣ ΑΔΕΝΕΣ, ΣΥΜΠΕΡΙΛΑΜΒΑΝΟΜΕΝΗΣ ΤΗΣ ΒΙΟΨΙΑΣ",264.08,Αναμένονται περαιτέρω αναλύσεις από το εργαστήριο.,18118519593,124
EX-00258,2023-12-06 03:22:40,ΑΝΑΙΣΘΗΣΙΑ ΓΙΑ ΕΠΕΜΒΑΣΕΙΣ ΠΟΥ ΑΦΟΡΟΥΝ ΤΟΝ ΟΦΘΑΛΜΟ· ΔΕΝ ΠΡΟΣΔΙΟΡΙΖΕΤΑΙ ΠΕΡΑΙΤΕΡΩ,574.09,Αναμένονται περαιτέρω αναλύσεις από το εργαστήριο.,18118519593,124
EX-00259,2023-12-06 22:09:46,ΑΝΑΙΣΘΗΣΙΑ ΓΙΑ ΕΠΕΜΒΑΣΕΙΣ ΠΟΥ ΑΦΟΡΟΥΝ ΤΟΝ ΟΦΘΑΛΜΟ· ΧΕΙΡΟΥΡΓΙΚΗ ΦΑΚΩΝ,1156.04,Αναμένονται περαιτέρω αναλύσεις από το εργαστήριο.,18118519593,125
EX-00260,2023-12-08 06:26:33,"ΑΝΑΙΣΘΗΣΙΑ ΓΙΑ ΕΠΕΜΒΑΣΕΙΣ ΠΟΥ ΑΦΟΡΟΥΝ ΤΟ ΕΞΩ, ΤΟ ΜΕΣΟΝ ΚΑΙ ΤΟ ΕΣΩ ΟΥΣ, ΣΥΜΠΕΡΙΛΑΜΒΑΝΟΜΕΝΗΣ ΤΗΣ ΒΙΟΨΙΑΣ· ΤΟΜΗ ΤΥΜΠΑΝΙΚΟΥ ΥΜΕΝΑ",1283.52,Ήπια απόκλιση τιμών. Ενημερώθηκε ο θεράπων ιατρός.,19029051436,126
EX-00261,2023-12-06 05:26:33,ΑΝΑΙΣΘΗΣΙΑ ΓΙΑ ΕΠΕΜΒΑΣΕΙΣ ΕΠΑΝΟΡΘΩΤΙΚΗΣ ΧΕΙΡΟΥΡΓΙΚΗΣ ΒΛΕΦΑΡΩΝ (Π.Χ. ΒΛΕΦΑΡΟΠΛΑΣΤΙΚΗ ΕΓΧΕΙΡΗΣΗ ΒΛΕΦΑΡΟΠΤΩΣΗΣ),2236.35,Ήπια απόκλιση τιμών. Ενημερώθηκε ο θεράπων ιατρός.,19029051436,126
EX-00262,2023-12-07 06:26:33,"ΑΝΑΙΣΘΗΣΙΑ ΓΙΑ ΕΠΕΜΒΑΣΕΙΣ ΠΟΥ ΑΦΟΡΟΥΝ ΤΟ ΕΞΩ, ΤΟ ΜΕΣΟΝ ΚΑΙ ΤΟ ΕΣΩ ΟΥΣ, ΣΥΜΠΕΡΙΛΑΜΒΑΝΟΜΕΝΗΣ ΤΗΣ ΒΙΟΨΙΑΣ· ΔΕΝ ΠΡΟΣΔΙΟΡΙΖΕΤΑΙ ΠΕΡΑΙΤΕΡΩ",795.29,Αναμένονται περαιτέρω αναλύσεις από το εργαστήριο.,19029051436,126
EX-00263,2023-12-08 19:12:34,ΑΝΑΙΣΘΗΣΙΑ ΓΙΑ ΕΠΕΜΒΑΣΕΙΣ ΠΟΥ ΑΦΟΡΟΥΝ ΤΟΝ ΟΦΘΑΛΜΟ· ΧΕΙΡΟΥΡΓΙΚΗ ΦΑΚΩΝ,1156.04,Ήπια απόκλιση τιμών. Ενημερώθηκε ο θεράπων ιατρός.,11087946135,127
EX-00264,2023-12-10 07:12:34,ΑΝΑΙΣΘΗΣΙΑ ΓΙΑ ΕΠΕΜΒΑΣΕΙΣ ΠΟΥ ΑΦΟΡΟΥΝ ΤΟΝ ΟΦΘΑΛΜΟ· ΧΕΙΡΟΥΡΓΙΚΗ ΦΑΚΩΝ,1156.04,Αναμένονται περαιτέρω αναλύσεις από το εργαστήριο.,11087946135,127
EX-00265,2023-12-09 18:40:22,ΑΝΑΙΣΘΗΣΙΑ ΓΙΑ ΕΠΕΜΒΑΣΕΙΣ ΠΟΥ ΑΦΟΡΟΥΝ ΤΟΝ ΟΦΘΑΛΜΟ· ΧΕΙΡΟΥΡΓΙΚΗ ΦΑΚΩΝ,1156.04,Ήπια απόκλιση τιμών. Ενημερώθηκε ο θεράπων ιατρός.,24088546021,128
EX-00266,2023-12-09 12:40:22,"ΑΝΑΙΣΘΗΣΙΑ ΓΙΑ ΕΠΕΜΒΑΣΕΙΣ ΠΟΥ ΑΦΟΡΟΥΝ ΤΟ ΕΞΩ, ΤΟ ΜΕΣΟΝ ΚΑΙ ΤΟ ΕΣΩ ΟΥΣ, ΣΥΜΠΕΡΙΛΑΜΒΑΝΟΜΕΝΗΣ ΤΗΣ ΒΙΟΨΙΑΣ· ΤΟΜΗ ΤΥΜΠΑΝΙΚΟΥ ΥΜΕΝΑ",1283.52,Η διαδικασία ολοκληρώθηκε ομαλά. Φυσιολογικά ευρήματα.,24088546021,128
EX-00267,2023-12-09 06:40:22,"ΑΝΑΙΣΘΗΣΙΑ ΓΙΑ ΕΠΕΜΒΑΣΕΙΣ ΠΟΥ ΑΦΟΡΟΥΝ ΤΟΥΣ ΣΙΕΛΟΓΟΝΟΥΣ ΑΔΕΝΕΣ, ΣΥΜΠΕΡΙΛΑΜΒΑΝΟΜΕΝΗΣ ΤΗΣ ΒΙΟΨΙΑΣ",264.08,Ολοκληρώθηκε χωρίς επιπλοκές.,24088546021,128
EX-00268,2023-12-10 15:41:31,"ΑΝΑΙΣΘΗΣΙΑ ΓΙΑ ΕΠΕΜΒΑΣΕΙΣ ΠΟΥ ΑΦΟΡΟΥΝ ΤΟ ΕΞΩ, ΤΟ ΜΕΣΟΝ ΚΑΙ ΤΟ ΕΣΩ ΟΥΣ, ΣΥΜΠΕΡΙΛΑΜΒΑΝΟΜΕΝΗΣ ΤΗΣ ΒΙΟΨΙΑΣ· ΤΟΜΗ ΤΥΜΠΑΝΙΚΟΥ ΥΜΕΝΑ",1283.52,Ολοκληρώθηκε χωρίς επιπλοκές.,14129831939,129
EX-00269,2023-12-23 06:24:28,ΑΝΑΙΣΘΗΣΙΑ ΓΙΑ ΕΝΔΟΚΡΑΝΙΑΚΕΣ ΕΠΕΜΒΑΣΕΙΣ· ΚΡΑΝΙΟΤΟΜΗ Ή ΚΡΑΝΙΕΚΤΟΜΗ ΓΙΑ ΤΗΝ ΠΑΡΟΧΕΤΕΥΣΗ ΑΙΜΑΤΩΜΑΤΟΣ,51.97,Η διαδικασία ολοκληρώθηκε ομαλά. Φυσιολογικά ευρήματα.,15124501431,130
EX-00270,2023-12-23 19:24:28,ΑΝΑΙΣΘΗΣΙΑ ΓΙΑ ΗΛΕΚΤΡΟΣΠΑΣΜΟΘΕΡΑΠΕΙΑ,1532.75,Ολοκληρώθηκε χωρίς επιπλοκές.,15124501431,130
EX-00271,2023-12-25 00:23:21,ΑΝΑΙΣΘΗΣΙΑ ΓΙΑ ΕΠΕΜΒΑΣΕΙΣ ΠΟΥ ΑΦΟΡΟΥΝ ΤΟΝ ΟΦΘΑΛΜΟ· ΔΕΝ ΠΡΟΣΔΙΟΡΙΖΕΤΑΙ ΠΕΡΑΙΤΕΡΩ,574.09,Ήπια απόκλιση τιμών. Ενημερώθηκε ο θεράπων ιατρός.,08088799158,131
EX-00272,2023-12-20 14:50:40,"ΑΝΑΙΣΘΗΣΙΑ ΓΙΑ ΕΠΕΜΒΑΣΕΙΣ ΠΟΥ ΑΦΟΡΟΥΝ ΤΟ ΕΞΩ, ΤΟ ΜΕΣΟΝ ΚΑΙ ΤΟ ΕΣΩ ΟΥΣ, ΣΥΜΠΕΡΙΛΑΜΒΑΝΟΜΕΝΗΣ ΤΗΣ ΒΙΟΨΙΑΣ· ΔΕΝ ΠΡΟΣΔΙΟΡΙΖΕΤΑΙ ΠΕΡΑΙΤΕΡΩ",795.29,Δεν παρατηρήθηκαν παθολογικά ευρήματα κατά τον έλεγχο.,26067425558,132
EX-00273,2023-12-21 23:09:43,ΑΝΑΙΣΘΗΣΙΑ ΓΙΑ ΕΠΕΜΒΑΣΕΙΣ ΕΠΑΝΟΡΘΩΤΙΚΗΣ ΧΕΙΡΟΥΡΓΙΚΗΣ ΒΛΕΦΑΡΩΝ (Π.Χ. ΒΛΕΦΑΡΟΠΛΑΣΤΙΚΗ ΕΓΧΕΙΡΗΣΗ ΒΛΕΦΑΡΟΠΤΩΣΗΣ),2236.35,Ήπια απόκλιση τιμών. Ενημερώθηκε ο θεράπων ιατρός.,29109569303,133
EX-00274,2023-12-24 08:09:43,ΑΝΑΙΣΘΗΣΙΑ ΓΙΑ ΕΠΕΜΒΑΣΕΙΣ ΠΟΥ ΑΦΟΡΟΥΝ ΤΟΝ ΟΦΘΑΛΜΟ· ΔΕΝ ΠΡΟΣΔΙΟΡΙΖΕΤΑΙ ΠΕΡΑΙΤΕΡΩ,574.09,Αναμένονται περαιτέρω αναλύσεις από το εργαστήριο.,29109569303,133
EX-00275,2023-12-27 08:54:38,"ΑΝΑΙΣΘΗΣΙΑ ΓΙΑ ΕΠΕΜΒΑΣΕΙΣ ΠΟΥ ΑΦΟΡΟΥΝ ΤΟ ΕΞΩ, ΤΟ ΜΕΣΟΝ ΚΑΙ ΤΟ ΕΣΩ ΟΥΣ, ΣΥΜΠΕΡΙΛΑΜΒΑΝΟΜΕΝΗΣ ΤΗΣ ΒΙΟΨΙΑΣ· ΔΕΝ ΠΡΟΣΔΙΟΡΙΖΕΤΑΙ ΠΕΡΑΙΤΕΡΩ",795.29,Ολοκληρώθηκε χωρίς επιπλοκές.,22048608378,134
EX-00276,2023-12-29 21:24:02,ΑΝΑΙΣΘΗΣΙΑ ΓΙΑ ΕΠΕΜΒΑΣΕΙΣ ΠΟΥ ΑΦΟΡΟΥΝ ΤΗ ΡΙΝΑ ΚΑΙ ΕΠΙΚΟΥΡΙΚΕΣ ΚΟΙΛΟΤΗΤΕΣ· ΡΙΖΙΚΗ ΕΠΕΜΒΑΣΗ,2369.80,Ήπια απόκλιση τιμών. Ενημερώθηκε ο θεράπων ιατρός.,28026692058,135
EX-00277,2023-12-30 12:24:02,ΑΝΑΙΣΘΗΣΙΑ ΓΙΑ ΕΝΔΟΚΡΑΝΙΑΚΕΣ ΕΠΕΜΒΑΣΕΙΣ· ΚΡΑΝΙΟΤΟΜΗ Ή ΚΡΑΝΙΕΚΤΟΜΗ ΓΙΑ ΤΗΝ ΠΑΡΟΧΕΤΕΥΣΗ ΑΙΜΑΤΩΜΑΤΟΣ,51.97,Ήπια απόκλιση τιμών. Ενημερώθηκε ο θεράπων ιατρός.,28026692058,135
EX-00278,2024-01-03 05:31:34,ΑΝΑΙΣΘΗΣΙΑ ΓΙΑ ΕΝΔΟΚΡΑΝΙΑΚΕΣ ΕΠΕΜΒΑΣΕΙΣ· ΚΡΑΝΙΟΤΟΜΗ Ή ΚΡΑΝΙΕΚΤΟΜΗ ΓΙΑ ΤΗΝ ΠΑΡΟΧΕΤΕΥΣΗ ΑΙΜΑΤΩΜΑΤΟΣ,51.97,Αναμένονται περαιτέρω αναλύσεις από το εργαστήριο.,06126222477,136
EX-00279,2024-01-03 07:31:34,ΑΝΑΙΣΘΗΣΙΑ ΓΙΑ ΕΠΕΜΒΑΣΕΙΣ ΕΠΑΝΟΡΘΩΤΙΚΗΣ ΧΕΙΡΟΥΡΓΙΚΗΣ ΒΛΕΦΑΡΩΝ (Π.Χ. ΒΛΕΦΑΡΟΠΛΑΣΤΙΚΗ ΕΓΧΕΙΡΗΣΗ ΒΛΕΦΑΡΟΠΤΩΣΗΣ),2236.35,Ολοκληρώθηκε χωρίς επιπλοκές.,06126222477,136
EX-00280,2024-01-05 04:49:09,ΑΝΑΙΣΘΗΣΙΑ ΓΙΑ ΕΝΔΟΚΡΑΝΙΑΚΕΣ ΕΠΕΜΒΑΣΕΙΣ· ΗΛΕΚΤΡΟΚΑΥΤΗΡΙΑΣΗ ΤΟΥ ΕΝΔΟΚΡΑΝΙΑΚΟΥ ΝΕΥΡΟΥ,2173.68,Ολοκληρώθηκε χωρίς επιπλοκές.,16040493179,137
EX-00281,2024-01-03 01:49:09,"ΑΝΑΙΣΘΗΣΙΑ ΓΙΑ ΕΠΕΜΒΑΣΕΙΣ ΠΟΥ ΑΦΟΡΟΥΝ ΤΟ ΕΞΩ, ΤΟ ΜΕΣΟΝ ΚΑΙ ΤΟ ΕΣΩ ΟΥΣ, ΣΥΜΠΕΡΙΛΑΜΒΑΝΟΜΕΝΗΣ ΤΗΣ ΒΙΟΨΙΑΣ· ΔΕΝ ΠΡΟΣΔΙΟΡΙΖΕΤΑΙ ΠΕΡΑΙΤΕΡΩ",795.29,Αναμένονται περαιτέρω αναλύσεις από το εργαστήριο.,16040493179,137
EX-00282,2024-01-01 04:49:09,ΑΝΑΙΣΘΗΣΙΑ ΓΙΑ ΕΠΕΜΒΑΣΕΙΣ ΠΟΥ ΑΦΟΡΟΥΝ ΤΟΝ ΟΦΘΑΛΜΟ· ΔΕΝ ΠΡΟΣΔΙΟΡΙΖΕΤΑΙ ΠΕΡΑΙΤΕΡΩ,574.09,Αναμένονται περαιτέρω αναλύσεις από το εργαστήριο.,16040493179,137
EX-00283,2024-01-05 08:11:23,"ΑΝΑΙΣΘΗΣΙΑ ΓΙΑ ΕΠΕΜΒΑΣΕΙΣ ΠΟΥ ΑΦΟΡΟΥΝ ΤΟ ΕΞΩ, ΤΟ ΜΕΣΟΝ ΚΑΙ ΤΟ ΕΣΩ ΟΥΣ, ΣΥΜΠΕΡΙΛΑΜΒΑΝΟΜΕΝΗΣ ΤΗΣ ΒΙΟΨΙΑΣ· ΔΕΝ ΠΡΟΣΔΙΟΡΙΖΕΤΑΙ ΠΕΡΑΙΤΕΡΩ",795.29,Δεν παρατηρήθηκαν παθολογικά ευρήματα κατά τον έλεγχο.,15049291643,138
EX-00284,2024-01-05 08:54:03,"ΑΝΑΙΣΘΗΣΙΑ ΓΙΑ ΕΠΕΜΒΑΣΕΙΣ ΠΟΥ ΑΦΟΡΟΥΝ ΤΟ ΕΞΩ, ΤΟ ΜΕΣΟΝ ΚΑΙ ΤΟ ΕΣΩ ΟΥΣ, ΣΥΜΠΕΡΙΛΑΜΒΑΝΟΜΕΝΗΣ ΤΗΣ ΒΙΟΨΙΑΣ· ΔΕΝ ΠΡΟΣΔΙΟΡΙΖΕΤΑΙ ΠΕΡΑΙΤΕΡΩ",795.29,Ήπια απόκλιση τιμών. Ενημερώθηκε ο θεράπων ιατρός.,08119651767,139
EX-00285,2024-01-06 07:09:10,ΑΝΑΙΣΘΗΣΙΑ ΓΙΑ ΕΠΕΜΒΑΣΕΙΣ ΠΟΥ ΑΦΟΡΟΥΝ ΤΟΝ ΟΦΘΑΛΜΟ· ΔΕΝ ΠΡΟΣΔΙΟΡΙΖΕΤΑΙ ΠΕΡΑΙΤΕΡΩ,574.09,Αναμένονται περαιτέρω αναλύσεις από το εργαστήριο.,18060326718,140
EX-00286,2024-01-04 19:09:10,ΑΝΑΙΣΘΗΣΙΑ ΓΙΑ ΕΠΕΜΒΑΣΕΙΣ ΕΠΑΝΟΡΘΩΤΙΚΗΣ ΧΕΙΡΟΥΡΓΙΚΗΣ ΒΛΕΦΑΡΩΝ (Π.Χ. ΒΛΕΦΑΡΟΠΛΑΣΤΙΚΗ ΕΓΧΕΙΡΗΣΗ ΒΛΕΦΑΡΟΠΤΩΣΗΣ),2236.35,Ήπια απόκλιση τιμών. Ενημερώθηκε ο θεράπων ιατρός.,18060326718,140
EX-00287,2024-01-04 21:09:10,ΑΝΑΙΣΘΗΣΙΑ ΓΙΑ ΕΝΔΟΚΡΑΝΙΑΚΕΣ ΕΠΕΜΒΑΣΕΙΣ· ΗΛΕΚΤΡΟΚΑΥΤΗΡΙΑΣΗ ΤΟΥ ΕΝΔΟΚΡΑΝΙΑΚΟΥ ΝΕΥΡΟΥ,2173.68,Ήπια απόκλιση τιμών. Ενημερώθηκε ο θεράπων ιατρός.,18060326718,140
EX-00288,2024-01-19 23:59:44,"ΑΝΑΙΣΘΗΣΙΑ ΓΙΑ ΕΠΕΜΒΑΣΕΙΣ ΠΟΥ ΑΦΟΡΟΥΝ ΤΟ ΕΞΩ, ΤΟ ΜΕΣΟΝ ΚΑΙ ΤΟ ΕΣΩ ΟΥΣ, ΣΥΜΠΕΡΙΛΑΜΒΑΝΟΜΕΝΗΣ ΤΗΣ ΒΙΟΨΙΑΣ· ΩΤΟΣΚΟΠΗΣΗ",2213.35,Ήπια απόκλιση τιμών. Ενημερώθηκε ο θεράπων ιατρός.,22115865680,141
EX-00289,2024-01-20 16:59:44,ΑΝΑΙΣΘΗΣΙΑ ΓΙΑ ΕΝΔΟΚΡΑΝΙΑΚΕΣ ΕΠΕΜΒΑΣΕΙΣ· ΗΛΕΚΤΡΟΚΑΥΤΗΡΙΑΣΗ ΤΟΥ ΕΝΔΟΚΡΑΝΙΑΚΟΥ ΝΕΥΡΟΥ,2173.68,Ολοκληρώθηκε χωρίς επιπλοκές.,22115865680,141
EX-00290,2024-01-19 19:59:44,ΑΝΑΙΣΘΗΣΙΑ ΓΙΑ ΕΠΕΜΒΑΣΕΙΣ ΠΟΥ ΑΦΟΡΟΥΝ ΤΟΝ ΟΦΘΑΛΜΟ· ΔΕΝ ΠΡΟΣΔΙΟΡΙΖΕΤΑΙ ΠΕΡΑΙΤΕΡΩ,574.09,Δεν παρατηρήθηκαν παθολογικά ευρήματα κατά τον έλεγχο.,22115865680,141
EX-00291,2024-01-13 22:36:22,ΑΝΑΙΣΘΗΣΙΑ ΓΙΑ ΕΝΔΟΚΡΑΝΙΑΚΕΣ ΕΠΕΜΒΑΣΕΙΣ· ΚΡΑΝΙΟΤΟΜΗ Ή ΚΡΑΝΙΕΚΤΟΜΗ ΓΙΑ ΤΗΝ ΠΑΡΟΧΕΤΕΥΣΗ ΑΙΜΑΤΩΜΑΤΟΣ,51.97,Δεν παρατηρήθηκαν παθολογικά ευρήματα κατά τον έλεγχο.,29109569303,142
EX-00292,2024-01-22 02:07:32,ΑΝΑΙΣΘΗΣΙΑ ΓΙΑ ΕΠΕΜΒΑΣΕΙΣ ΣΧΕΤΙΚΕΣ ΜΕ ΤΗΝ ΠΛΑΣΤΙΚΗ ΔΙΟΡΘΩΣΗ ΧΕΙΛΕΟΣΧΙΣΤΙΑΣ (ΛΥΚΟΣΤΟΜΑ),2027.48,Αναμένονται περαιτέρω αναλύσεις από το εργαστήριο.,03057873936,143
EX-00293,2024-01-18 16:28:56,ΑΝΑΙΣΘΗΣΙΑ ΓΙΑ ΗΛΕΚΤΡΟΣΠΑΣΜΟΘΕΡΑΠΕΙΑ,1532.75,Ήπια απόκλιση τιμών. Ενημερώθηκε ο θεράπων ιατρός.,31084428740,144
EX-00294,2024-01-18 09:12:33,"ΑΝΑΙΣΘΗΣΙΑ ΓΙΑ ΕΠΕΜΒΑΣΕΙΣ ΠΟΥ ΑΦΟΡΟΥΝ ΤΟ ΕΞΩ, ΤΟ ΜΕΣΟΝ ΚΑΙ ΤΟ ΕΣΩ ΟΥΣ, ΣΥΜΠΕΡΙΛΑΜΒΑΝΟΜΕΝΗΣ ΤΗΣ ΒΙΟΨΙΑΣ· ΩΤΟΣΚΟΠΗΣΗ",2213.35,Αναμένονται περαιτέρω αναλύσεις από το εργαστήριο.,21119438801,145
EX-00295,2024-01-19 09:12:33,"ΑΝΑΙΣΘΗΣΙΑ ΓΙΑ ΕΠΕΜΒΑΣΕΙΣ ΠΟΥ ΑΦΟΡΟΥΝ ΤΟΥΣ ΣΙΕΛΟΓΟΝΟΥΣ ΑΔΕΝΕΣ, ΣΥΜΠΕΡΙΛΑΜΒΑΝΟΜΕΝΗΣ ΤΗΣ ΒΙΟΨΙΑΣ",264.08,Δεν παρατηρήθηκαν παθολογικά ευρήματα κατά τον έλεγχο.,21119438801,145
EX-00296,2024-01-23 02:01:44,ΑΝΑΙΣΘΗΣΙΑ ΓΙΑ ΕΠΕΜΒΑΣΕΙΣ ΠΟΥ ΑΦΟΡΟΥΝ ΤΟΝ ΟΦΘΑΛΜΟ· ΔΕΝ ΠΡΟΣΔΙΟΡΙΖΕΤΑΙ ΠΕΡΑΙΤΕΡΩ,574.09,Ολοκληρώθηκε χωρίς επιπλοκές.,24100569128,146
EX-00297,2024-01-23 10:01:44,"ΑΝΑΙΣΘΗΣΙΑ ΓΙΑ ΕΠΕΜΒΑΣΕΙΣ ΠΟΥ ΑΦΟΡΟΥΝ ΤΟΥΣ ΣΙΕΛΟΓΟΝΟΥΣ ΑΔΕΝΕΣ, ΣΥΜΠΕΡΙΛΑΜΒΑΝΟΜΕΝΗΣ ΤΗΣ ΒΙΟΨΙΑΣ",264.08,Ήπια απόκλιση τιμών. Ενημερώθηκε ο θεράπων ιατρός.,24100569128,146
EX-00298,2024-01-22 18:01:44,ΑΝΑΙΣΘΗΣΙΑ ΓΙΑ ΕΠΕΜΒΑΣΕΙΣ ΕΠΑΝΟΡΘΩΤΙΚΗΣ ΧΕΙΡΟΥΡΓΙΚΗΣ ΒΛΕΦΑΡΩΝ (Π.Χ. ΒΛΕΦΑΡΟΠΛΑΣΤΙΚΗ ΕΓΧΕΙΡΗΣΗ ΒΛΕΦΑΡΟΠΤΩΣΗΣ),2236.35,Η διαδικασία ολοκληρώθηκε ομαλά. Φυσιολογικά ευρήματα.,24100569128,146
EX-00299,2024-01-25 18:26:27,ΑΝΑΙΣΘΗΣΙΑ ΓΙΑ ΕΠΕΜΒΑΣΕΙΣ ΠΟΥ ΑΦΟΡΟΥΝ ΤΗ ΡΙΝΑ ΚΑΙ ΕΠΙΚΟΥΡΙΚΕΣ ΚΟΙΛΟΤΗΤΕΣ· ΡΙΖΙΚΗ ΕΠΕΜΒΑΣΗ,2369.80,Ολοκληρώθηκε χωρίς επιπλοκές.,02087077516,147
EX-00300,2024-01-21 18:26:27,"ΑΝΑΙΣΘΗΣΙΑ ΓΙΑ ΕΠΕΜΒΑΣΕΙΣ ΠΟΥ ΑΦΟΡΟΥΝ ΤΟ ΕΞΩ, ΤΟ ΜΕΣΟΝ ΚΑΙ ΤΟ ΕΣΩ ΟΥΣ, ΣΥΜΠΕΡΙΛΑΜΒΑΝΟΜΕΝΗΣ ΤΗΣ ΒΙΟΨΙΑΣ· ΩΤΟΣΚΟΠΗΣΗ",2213.35,Αναμένονται περαιτέρω αναλύσεις από το εργαστήριο.,02087077516,147
EX-00301,2024-01-31 10:26:27,"ΑΝΑΙΣΘΗΣΙΑ ΓΙΑ ΕΠΕΜΒΑΣΕΙΣ ΠΟΥ ΑΦΟΡΟΥΝ ΤΟ ΕΞΩ, ΤΟ ΜΕΣΟΝ ΚΑΙ ΤΟ ΕΣΩ ΟΥΣ, ΣΥΜΠΕΡΙΛΑΜΒΑΝΟΜΕΝΗΣ ΤΗΣ ΒΙΟΨΙΑΣ· ΤΟΜΗ ΤΥΜΠΑΝΙΚΟΥ ΥΜΕΝΑ",1283.52,Η διαδικασία ολοκληρώθηκε ομαλά. Φυσιολογικά ευρήματα.,02087077516,147
EX-00302,2024-01-24 12:31:18,ΑΝΑΙΣΘΗΣΙΑ ΓΙΑ ΕΠΕΜΒΑΣΕΙΣ ΠΟΥ ΑΦΟΡΟΥΝ ΤΟΝ ΟΦΘΑΛΜΟ· ΧΕΙΡΟΥΡΓΙΚΗ ΦΑΚΩΝ,1156.04,Αναμένονται περαιτέρω αναλύσεις από το εργαστήριο.,28120467810,148
EX-00303,2024-01-26 05:05:42,"ΑΝΑΙΣΘΗΣΙΑ ΓΙΑ ΕΠΕΜΒΑΣΕΙΣ ΠΟΥ ΑΦΟΡΟΥΝ ΤΟ ΕΞΩ, ΤΟ ΜΕΣΟΝ ΚΑΙ ΤΟ ΕΣΩ ΟΥΣ, ΣΥΜΠΕΡΙΛΑΜΒΑΝΟΜΕΝΗΣ ΤΗΣ ΒΙΟΨΙΑΣ· ΩΤΟΣΚΟΠΗΣΗ",2213.35,Ολοκληρώθηκε χωρίς επιπλοκές.,06050738238,149
EX-00304,2024-01-28 05:03:17,ΑΝΑΙΣΘΗΣΙΑ ΓΙΑ ΕΠΕΜΒΑΣΕΙΣ ΠΟΥ ΑΦΟΡΟΥΝ ΤΗ ΡΙΝΑ ΚΑΙ ΕΠΙΚΟΥΡΙΚΕΣ ΚΟΙΛΟΤΗΤΕΣ· ΡΙΖΙΚΗ ΕΠΕΜΒΑΣΗ,2369.80,Αναμένονται περαιτέρω αναλύσεις από το εργαστήριο.,18020449145,150
EX-00305,2024-01-29 12:25:53,ΑΝΑΙΣΘΗΣΙΑ ΓΙΑ ΕΝΔΟΚΡΑΝΙΑΚΕΣ ΕΠΕΜΒΑΣΕΙΣ· ΗΛΕΚΤΡΟΚΑΥΤΗΡΙΑΣΗ ΤΟΥ ΕΝΔΟΚΡΑΝΙΑΚΟΥ ΝΕΥΡΟΥ,2173.68,Ήπια απόκλιση τιμών. Ενημερώθηκε ο θεράπων ιατρός.,02030634060,151
EX-00306,2024-01-27 03:25:53,"ΑΝΑΙΣΘΗΣΙΑ ΓΙΑ ΕΠΕΜΒΑΣΕΙΣ ΠΟΥ ΑΦΟΡΟΥΝ ΤΟ ΕΞΩ, ΤΟ ΜΕΣΟΝ ΚΑΙ ΤΟ ΕΣΩ ΟΥΣ, ΣΥΜΠΕΡΙΛΑΜΒΑΝΟΜΕΝΗΣ ΤΗΣ ΒΙΟΨΙΑΣ· ΩΤΟΣΚΟΠΗΣΗ",2213.35,Ολοκληρώθηκε χωρίς επιπλοκές.,02030634060,151
EX-00307,2024-01-30 23:45:04,"ΑΝΑΙΣΘΗΣΙΑ ΓΙΑ ΕΠΕΜΒΑΣΕΙΣ ΠΟΥ ΑΦΟΡΟΥΝ ΤΟ ΕΞΩ, ΤΟ ΜΕΣΟΝ ΚΑΙ ΤΟ ΕΣΩ ΟΥΣ, ΣΥΜΠΕΡΙΛΑΜΒΑΝΟΜΕΝΗΣ ΤΗΣ ΒΙΟΨΙΑΣ· ΔΕΝ ΠΡΟΣΔΙΟΡΙΖΕΤΑΙ ΠΕΡΑΙΤΕΡΩ",795.29,Αναμένονται περαιτέρω αναλύσεις από το εργαστήριο.,05038348846,152
EX-00308,2024-01-30 02:45:04,"ΑΝΑΙΣΘΗΣΙΑ ΓΙΑ ΕΠΕΜΒΑΣΕΙΣ ΠΟΥ ΑΦΟΡΟΥΝ ΤΟΥΣ ΣΙΕΛΟΓΟΝΟΥΣ ΑΔΕΝΕΣ, ΣΥΜΠΕΡΙΛΑΜΒΑΝΟΜΕΝΗΣ ΤΗΣ ΒΙΟΨΙΑΣ",264.08,Ολοκληρώθηκε χωρίς επιπλοκές.,05038348846,152
EX-00309,2024-01-30 22:45:04,ΑΝΑΙΣΘΗΣΙΑ ΓΙΑ ΕΠΕΜΒΑΣΕΙΣ ΠΟΥ ΑΦΟΡΟΥΝ ΤΟΝ ΟΦΘΑΛΜΟ· ΧΕΙΡΟΥΡΓΙΚΗ ΦΑΚΩΝ,1156.04,Η διαδικασία ολοκληρώθηκε ομαλά. Φυσιολογικά ευρήματα.,05038348846,152
EX-00310,2024-02-05 13:35:52,"ΑΝΑΙΣΘΗΣΙΑ ΓΙΑ ΕΠΕΜΒΑΣΕΙΣ ΠΟΥ ΑΦΟΡΟΥΝ ΤΟΥΣ ΣΙΕΛΟΓΟΝΟΥΣ ΑΔΕΝΕΣ, ΣΥΜΠΕΡΙΛΑΜΒΑΝΟΜΕΝΗΣ ΤΗΣ ΒΙΟΨΙΑΣ",264.08,Ολοκληρώθηκε χωρίς επιπλοκές.,22120477375,153
EX-00311,2024-02-08 21:35:52,"ΑΝΑΙΣΘΗΣΙΑ ΓΙΑ ΕΠΕΜΒΑΣΕΙΣ ΠΟΥ ΑΦΟΡΟΥΝ ΤΟ ΕΞΩ, ΤΟ ΜΕΣΟΝ ΚΑΙ ΤΟ ΕΣΩ ΟΥΣ, ΣΥΜΠΕΡΙΛΑΜΒΑΝΟΜΕΝΗΣ ΤΗΣ ΒΙΟΨΙΑΣ· ΔΕΝ ΠΡΟΣΔΙΟΡΙΖΕΤΑΙ ΠΕΡΑΙΤΕΡΩ",795.29,Ολοκληρώθηκε χωρίς επιπλοκές.,22120477375,153
EX-00312,2024-02-07 07:35:52,"ΑΝΑΙΣΘΗΣΙΑ ΓΙΑ ΕΠΕΜΒΑΣΕΙΣ ΠΟΥ ΑΦΟΡΟΥΝ ΤΟ ΕΞΩ, ΤΟ ΜΕΣΟΝ ΚΑΙ ΤΟ ΕΣΩ ΟΥΣ, ΣΥΜΠΕΡΙΛΑΜΒΑΝΟΜΕΝΗΣ ΤΗΣ ΒΙΟΨΙΑΣ· ΔΕΝ ΠΡΟΣΔΙΟΡΙΖΕΤΑΙ ΠΕΡΑΙΤΕΡΩ",795.29,Η διαδικασία ολοκληρώθηκε ομαλά. Φυσιολογικά ευρήματα.,22120477375,153
EX-00313,2024-02-05 06:57:19,"ΑΝΑΙΣΘΗΣΙΑ ΓΙΑ ΕΠΕΜΒΑΣΕΙΣ ΠΟΥ ΑΦΟΡΟΥΝ ΤΟ ΕΞΩ, ΤΟ ΜΕΣΟΝ ΚΑΙ ΤΟ ΕΣΩ ΟΥΣ, ΣΥΜΠΕΡΙΛΑΜΒΑΝΟΜΕΝΗΣ ΤΗΣ ΒΙΟΨΙΑΣ· ΔΕΝ ΠΡΟΣΔΙΟΡΙΖΕΤΑΙ ΠΕΡΑΙΤΕΡΩ",795.29,Ήπια απόκλιση τιμών. Ενημερώθηκε ο θεράπων ιατρός.,15089851983,154
EX-00314,2024-02-04 06:57:19,ΑΝΑΙΣΘΗΣΙΑ ΓΙΑ ΗΛΕΚΤΡΟΣΠΑΣΜΟΘΕΡΑΠΕΙΑ,1532.75,Ολοκληρώθηκε χωρίς επιπλοκές.,15089851983,154
EX-00315,2024-02-07 09:57:19,ΑΝΑΙΣΘΗΣΙΑ ΓΙΑ ΕΠΕΜΒΑΣΕΙΣ ΠΟΥ ΑΦΟΡΟΥΝ ΤΗ ΡΙΝΑ ΚΑΙ ΕΠΙΚΟΥΡΙΚΕΣ ΚΟΙΛΟΤΗΤΕΣ· ΡΙΖΙΚΗ ΕΠΕΜΒΑΣΗ,2369.80,Αναμένονται περαιτέρω αναλύσεις από το εργαστήριο.,15089851983,154
EX-00316,2024-02-09 02:12:11,"ΑΝΑΙΣΘΗΣΙΑ ΓΙΑ ΕΠΕΜΒΑΣΕΙΣ ΠΟΥ ΑΦΟΡΟΥΝ ΤΟΥΣ ΣΙΕΛΟΓΟΝΟΥΣ ΑΔΕΝΕΣ, ΣΥΜΠΕΡΙΛΑΜΒΑΝΟΜΕΝΗΣ ΤΗΣ ΒΙΟΨΙΑΣ",264.08,Ολοκληρώθηκε χωρίς επιπλοκές.,01024610365,155
EX-00317,2024-02-15 06:17:37,"ΑΝΑΙΣΘΗΣΙΑ ΓΙΑ ΕΠΕΜΒΑΣΕΙΣ ΠΟΥ ΑΦΟΡΟΥΝ ΤΟ ΕΞΩ, ΤΟ ΜΕΣΟΝ ΚΑΙ ΤΟ ΕΣΩ ΟΥΣ, ΣΥΜΠΕΡΙΛΑΜΒΑΝΟΜΕΝΗΣ ΤΗΣ ΒΙΟΨΙΑΣ· ΩΤΟΣΚΟΠΗΣΗ",2213.35,Ολοκληρώθηκε χωρίς επιπλοκές.,26067425558,156
EX-00318,2024-02-13 22:17:37,ΑΝΑΙΣΘΗΣΙΑ ΓΙΑ ΗΛΕΚΤΡΟΣΠΑΣΜΟΘΕΡΑΠΕΙΑ,1532.75,Ολοκληρώθηκε χωρίς επιπλοκές.,26067425558,156
EX-00319,2024-02-13 14:17:37,"ΑΝΑΙΣΘΗΣΙΑ ΓΙΑ ΕΠΕΜΒΑΣΕΙΣ ΠΟΥ ΑΦΟΡΟΥΝ ΤΟ ΕΞΩ, ΤΟ ΜΕΣΟΝ ΚΑΙ ΤΟ ΕΣΩ ΟΥΣ, ΣΥΜΠΕΡΙΛΑΜΒΑΝΟΜΕΝΗΣ ΤΗΣ ΒΙΟΨΙΑΣ· ΔΕΝ ΠΡΟΣΔΙΟΡΙΖΕΤΑΙ ΠΕΡΑΙΤΕΡΩ",795.29,Η διαδικασία ολοκληρώθηκε ομαλά. Φυσιολογικά ευρήματα.,26067425558,156
EX-00320,2024-02-17 20:39:53,ΑΝΑΙΣΘΗΣΙΑ ΓΙΑ ΕΠΕΜΒΑΣΕΙΣ ΣΧΕΤΙΚΕΣ ΜΕ ΤΗΝ ΠΛΑΣΤΙΚΗ ΔΙΟΡΘΩΣΗ ΧΕΙΛΕΟΣΧΙΣΤΙΑΣ (ΛΥΚΟΣΤΟΜΑ),2027.48,Η διαδικασία ολοκληρώθηκε ομαλά. Φυσιολογικά ευρήματα.,12016267995,157
EX-00321,2024-02-17 02:31:24,"ΑΝΑΙΣΘΗΣΙΑ ΓΙΑ ΕΠΕΜΒΑΣΕΙΣ ΠΟΥ ΑΦΟΡΟΥΝ ΤΟΥΣ ΣΙΕΛΟΓΟΝΟΥΣ ΑΔΕΝΕΣ, ΣΥΜΠΕΡΙΛΑΜΒΑΝΟΜΕΝΗΣ ΤΗΣ ΒΙΟΨΙΑΣ",264.08,Ολοκληρώθηκε χωρίς επιπλοκές.,11087946135,158
EX-00322,2024-02-20 16:57:30,ΑΝΑΙΣΘΗΣΙΑ ΓΙΑ ΕΝΔΟΚΡΑΝΙΑΚΕΣ ΕΠΕΜΒΑΣΕΙΣ· ΚΡΑΝΙΟΤΟΜΗ Ή ΚΡΑΝΙΕΚΤΟΜΗ ΓΙΑ ΤΗΝ ΠΑΡΟΧΕΤΕΥΣΗ ΑΙΜΑΤΩΜΑΤΟΣ,51.97,Ολοκληρώθηκε χωρίς επιπλοκές.,02087077516,159
EX-00323,2024-02-21 01:57:30,"ΑΝΑΙΣΘΗΣΙΑ ΓΙΑ ΕΠΕΜΒΑΣΕΙΣ ΠΟΥ ΑΦΟΡΟΥΝ ΤΟ ΕΞΩ, ΤΟ ΜΕΣΟΝ ΚΑΙ ΤΟ ΕΣΩ ΟΥΣ, ΣΥΜΠΕΡΙΛΑΜΒΑΝΟΜΕΝΗΣ ΤΗΣ ΒΙΟΨΙΑΣ· ΤΟΜΗ ΤΥΜΠΑΝΙΚΟΥ ΥΜΕΝΑ",1283.52,Η διαδικασία ολοκληρώθηκε ομαλά. Φυσιολογικά ευρήματα.,02087077516,159
EX-00324,2024-02-23 00:32:06,ΑΝΑΙΣΘΗΣΙΑ ΓΙΑ ΗΛΕΚΤΡΟΣΠΑΣΜΟΘΕΡΑΠΕΙΑ,1532.75,Δεν παρατηρήθηκαν παθολογικά ευρήματα κατά τον έλεγχο.,02078042045,160
EX-00325,2024-02-26 12:06:59,ΑΝΑΙΣΘΗΣΙΑ ΓΙΑ ΕΠΕΜΒΑΣΕΙΣ ΣΧΕΤΙΚΕΣ ΜΕ ΤΗΝ ΠΛΑΣΤΙΚΗ ΔΙΟΡΘΩΣΗ ΧΕΙΛΕΟΣΧΙΣΤΙΑΣ (ΛΥΚΟΣΤΟΜΑ),2027.48,Ολοκληρώθηκε χωρίς επιπλοκές.,02030634060,161
EX-00326,2024-02-25 18:06:59,ΑΝΑΙΣΘΗΣΙΑ ΓΙΑ ΕΠΕΜΒΑΣΕΙΣ ΠΟΥ ΑΦΟΡΟΥΝ ΤΗ ΡΙΝΑ ΚΑΙ ΕΠΙΚΟΥΡΙΚΕΣ ΚΟΙΛΟΤΗΤΕΣ· ΡΙΖΙΚΗ ΕΠΕΜΒΑΣΗ,2369.80,Δεν παρατηρήθηκαν παθολογικά ευρήματα κατά τον έλεγχο.,02030634060,161
EX-00327,2024-03-03 00:54:27,ΑΝΑΙΣΘΗΣΙΑ ΓΙΑ ΕΠΕΜΒΑΣΕΙΣ ΠΟΥ ΑΦΟΡΟΥΝ ΤΗ ΡΙΝΑ ΚΑΙ ΕΠΙΚΟΥΡΙΚΕΣ ΚΟΙΛΟΤΗΤΕΣ· ΡΙΖΙΚΗ ΕΠΕΜΒΑΣΗ,2369.80,Ολοκληρώθηκε χωρίς επιπλοκές.,06019165174,162
EX-00328,2024-03-05 21:54:27,ΑΝΑΙΣΘΗΣΙΑ ΓΙΑ ΕΝΔΟΚΡΑΝΙΑΚΕΣ ΕΠΕΜΒΑΣΕΙΣ· ΗΛΕΚΤΡΟΚΑΥΤΗΡΙΑΣΗ ΤΟΥ ΕΝΔΟΚΡΑΝΙΑΚΟΥ ΝΕΥΡΟΥ,2173.68,Αναμένονται περαιτέρω αναλύσεις από το εργαστήριο.,06019165174,162
EX-00329,2024-03-09 02:35:23,ΑΝΑΙΣΘΗΣΙΑ ΓΙΑ ΕΠΕΜΒΑΣΕΙΣ ΠΟΥ ΑΦΟΡΟΥΝ ΤΟΝ ΟΦΘΑΛΜΟ· ΧΕΙΡΟΥΡΓΙΚΗ ΦΑΚΩΝ,1156.04,Δεν παρατηρήθηκαν παθολογικά ευρήματα κατά τον έλεγχο.,11100467158,163
EX-00330,2024-03-14 19:05:17,"ΑΝΑΙΣΘΗΣΙΑ ΓΙΑ ΕΠΕΜΒΑΣΕΙΣ ΠΟΥ ΑΦΟΡΟΥΝ ΤΟ ΕΞΩ, ΤΟ ΜΕΣΟΝ ΚΑΙ ΤΟ ΕΣΩ ΟΥΣ, ΣΥΜΠΕΡΙΛΑΜΒΑΝΟΜΕΝΗΣ ΤΗΣ ΒΙΟΨΙΑΣ· ΤΟΜΗ ΤΥΜΠΑΝΙΚΟΥ ΥΜΕΝΑ",1283.52,Η διαδικασία ολοκληρώθηκε ομαλά. Φυσιολογικά ευρήματα.,22040585135,164
EX-00331,2024-03-10 22:48:18,ΑΝΑΙΣΘΗΣΙΑ ΓΙΑ ΗΛΕΚΤΡΟΣΠΑΣΜΟΘΕΡΑΠΕΙΑ,1532.75,Αναμένονται περαιτέρω αναλύσεις από το εργαστήριο.,09128084347,165
EX-00332,2024-03-09 12:48:18,ΑΝΑΙΣΘΗΣΙΑ ΓΙΑ ΕΠΕΜΒΑΣΕΙΣ ΠΟΥ ΑΦΟΡΟΥΝ ΤΗ ΡΙΝΑ ΚΑΙ ΕΠΙΚΟΥΡΙΚΕΣ ΚΟΙΛΟΤΗΤΕΣ· ΡΙΖΙΚΗ ΕΠΕΜΒΑΣΗ,2369.80,Η διαδικασία ολοκληρώθηκε ομαλά. Φυσιολογικά ευρήματα.,09128084347,165
EX-00333,2024-03-11 00:48:18,"ΑΝΑΙΣΘΗΣΙΑ ΓΙΑ ΕΠΕΜΒΑΣΕΙΣ ΠΟΥ ΑΦΟΡΟΥΝ ΤΟ ΕΞΩ, ΤΟ ΜΕΣΟΝ ΚΑΙ ΤΟ ΕΣΩ ΟΥΣ, ΣΥΜΠΕΡΙΛΑΜΒΑΝΟΜΕΝΗΣ ΤΗΣ ΒΙΟΨΙΑΣ· ΩΤΟΣΚΟΠΗΣΗ",2213.35,Η διαδικασία ολοκληρώθηκε ομαλά. Φυσιολογικά ευρήματα.,09128084347,165
EX-00334,2024-03-11 00:59:14,ΑΝΑΙΣΘΗΣΙΑ ΓΙΑ ΕΠΕΜΒΑΣΕΙΣ ΠΟΥ ΑΦΟΡΟΥΝ ΤΟΝ ΟΦΘΑΛΜΟ· ΧΕΙΡΟΥΡΓΙΚΗ ΦΑΚΩΝ,1156.04,Δεν παρατηρήθηκαν παθολογικά ευρήματα κατά τον έλεγχο.,18114432106,166
EX-00335,2024-03-14 13:59:14,"ΑΝΑΙΣΘΗΣΙΑ ΓΙΑ ΕΠΕΜΒΑΣΕΙΣ ΠΟΥ ΑΦΟΡΟΥΝ ΤΟΥΣ ΣΙΕΛΟΓΟΝΟΥΣ ΑΔΕΝΕΣ, ΣΥΜΠΕΡΙΛΑΜΒΑΝΟΜΕΝΗΣ ΤΗΣ ΒΙΟΨΙΑΣ",264.08,Ολοκληρώθηκε χωρίς επιπλοκές.,18114432106,166
EX-00336,2024-03-13 04:59:14,ΑΝΑΙΣΘΗΣΙΑ ΓΙΑ ΕΠΕΜΒΑΣΕΙΣ ΠΟΥ ΑΦΟΡΟΥΝ ΤΟΝ ΟΦΘΑΛΜΟ· ΔΕΝ ΠΡΟΣΔΙΟΡΙΖΕΤΑΙ ΠΕΡΑΙΤΕΡΩ,574.09,Ολοκληρώθηκε χωρίς επιπλοκές.,18114432106,166
EX-00337,2024-03-20 21:12:01,ΑΝΑΙΣΘΗΣΙΑ ΓΙΑ ΕΠΕΜΒΑΣΕΙΣ ΣΧΕΤΙΚΕΣ ΜΕ ΤΗΝ ΠΛΑΣΤΙΚΗ ΔΙΟΡΘΩΣΗ ΧΕΙΛΕΟΣΧΙΣΤΙΑΣ (ΛΥΚΟΣΤΟΜΑ),2027.48,Ολοκληρώθηκε χωρίς επιπλοκές.,21110456039,167
EX-00338,2024-03-17 14:12:01,ΑΝΑΙΣΘΗΣΙΑ ΓΙΑ ΕΠΕΜΒΑΣΕΙΣ ΣΧΕΤΙΚΕΣ ΜΕ ΤΗΝ ΠΛΑΣΤΙΚΗ ΔΙΟΡΘΩΣΗ ΧΕΙΛΕΟΣΧΙΣΤΙΑΣ (ΛΥΚΟΣΤΟΜΑ),2027.48,Ολοκληρώθηκε χωρίς επιπλοκές.,21110456039,167
EX-00339,2024-03-15 00:12:01,ΑΝΑΙΣΘΗΣΙΑ ΓΙΑ ΕΠΕΜΒΑΣΕΙΣ ΣΧΕΤΙΚΕΣ ΜΕ ΤΗΝ ΠΛΑΣΤΙΚΗ ΔΙΟΡΘΩΣΗ ΧΕΙΛΕΟΣΧΙΣΤΙΑΣ (ΛΥΚΟΣΤΟΜΑ),2027.48,Ολοκληρώθηκε χωρίς επιπλοκές.,21110456039,167
EX-00340,2024-03-17 17:52:22,ΑΝΑΙΣΘΗΣΙΑ ΓΙΑ ΕΠΕΜΒΑΣΕΙΣ ΕΠΑΝΟΡΘΩΤΙΚΗΣ ΧΕΙΡΟΥΡΓΙΚΗΣ ΒΛΕΦΑΡΩΝ (Π.Χ. ΒΛΕΦΑΡΟΠΛΑΣΤΙΚΗ ΕΓΧΕΙΡΗΣΗ ΒΛΕΦΑΡΟΠΤΩΣΗΣ),2236.35,Ολοκληρώθηκε χωρίς επιπλοκές.,29049732701,168
EX-00341,2024-03-15 13:52:22,"ΑΝΑΙΣΘΗΣΙΑ ΓΙΑ ΕΠΕΜΒΑΣΕΙΣ ΠΟΥ ΑΦΟΡΟΥΝ ΤΟ ΕΞΩ, ΤΟ ΜΕΣΟΝ ΚΑΙ ΤΟ ΕΣΩ ΟΥΣ, ΣΥΜΠΕΡΙΛΑΜΒΑΝΟΜΕΝΗΣ ΤΗΣ ΒΙΟΨΙΑΣ· ΩΤΟΣΚΟΠΗΣΗ",2213.35,Η διαδικασία ολοκληρώθηκε ομαλά. Φυσιολογικά ευρήματα.,29049732701,168
EX-00342,2024-03-12 19:44:18,ΑΝΑΙΣΘΗΣΙΑ ΓΙΑ ΗΛΕΚΤΡΟΣΠΑΣΜΟΘΕΡΑΠΕΙΑ,1532.75,Αναμένονται περαιτέρω αναλύσεις από το εργαστήριο.,06019165174,169
EX-00343,2024-03-14 06:44:18,"ΑΝΑΙΣΘΗΣΙΑ ΓΙΑ ΕΠΕΜΒΑΣΕΙΣ ΠΟΥ ΑΦΟΡΟΥΝ ΤΟ ΕΞΩ, ΤΟ ΜΕΣΟΝ ΚΑΙ ΤΟ ΕΣΩ ΟΥΣ, ΣΥΜΠΕΡΙΛΑΜΒΑΝΟΜΕΝΗΣ ΤΗΣ ΒΙΟΨΙΑΣ· ΤΟΜΗ ΤΥΜΠΑΝΙΚΟΥ ΥΜΕΝΑ",1283.52,Ολοκληρώθηκε χωρίς επιπλοκές.,06019165174,169
EX-00344,2024-03-17 19:53:30,"ΑΝΑΙΣΘΗΣΙΑ ΓΙΑ ΕΠΕΜΒΑΣΕΙΣ ΠΟΥ ΑΦΟΡΟΥΝ ΤΟΥΣ ΣΙΕΛΟΓΟΝΟΥΣ ΑΔΕΝΕΣ, ΣΥΜΠΕΡΙΛΑΜΒΑΝΟΜΕΝΗΣ ΤΗΣ ΒΙΟΨΙΑΣ",264.08,Η διαδικασία ολοκληρώθηκε ομαλά. Φυσιολογικά ευρήματα.,22040585135,170
EX-00345,2024-03-13 12:53:30,ΑΝΑΙΣΘΗΣΙΑ ΓΙΑ ΗΛΕΚΤΡΟΣΠΑΣΜΟΘΕΡΑΠΕΙΑ,1532.75,Αναμένονται περαιτέρω αναλύσεις από το εργαστήριο.,22040585135,170
EX-00346,2024-03-18 02:20:12,ΑΝΑΙΣΘΗΣΙΑ ΓΙΑ ΕΠΕΜΒΑΣΕΙΣ ΕΠΑΝΟΡΘΩΤΙΚΗΣ ΧΕΙΡΟΥΡΓΙΚΗΣ ΒΛΕΦΑΡΩΝ (Π.Χ. ΒΛΕΦΑΡΟΠΛΑΣΤΙΚΗ ΕΓΧΕΙΡΗΣΗ ΒΛΕΦΑΡΟΠΤΩΣΗΣ),2236.35,Η διαδικασία ολοκληρώθηκε ομαλά. Φυσιολογικά ευρήματα.,14129831939,171
EX-00347,2024-03-21 15:57:45,"ΑΝΑΙΣΘΗΣΙΑ ΓΙΑ ΕΠΕΜΒΑΣΕΙΣ ΠΟΥ ΑΦΟΡΟΥΝ ΤΟ ΕΞΩ, ΤΟ ΜΕΣΟΝ ΚΑΙ ΤΟ ΕΣΩ ΟΥΣ, ΣΥΜΠΕΡΙΛΑΜΒΑΝΟΜΕΝΗΣ ΤΗΣ ΒΙΟΨΙΑΣ· ΤΟΜΗ ΤΥΜΠΑΝΙΚΟΥ ΥΜΕΝΑ",1283.52,Ολοκληρώθηκε χωρίς επιπλοκές.,03057873936,172
EX-00348,2024-03-23 18:36:15,ΑΝΑΙΣΘΗΣΙΑ ΓΙΑ ΕΝΔΟΚΡΑΝΙΑΚΕΣ ΕΠΕΜΒΑΣΕΙΣ· ΚΡΑΝΙΟΤΟΜΗ Ή ΚΡΑΝΙΕΚΤΟΜΗ ΓΙΑ ΤΗΝ ΠΑΡΟΧΕΤΕΥΣΗ ΑΙΜΑΤΩΜΑΤΟΣ,51.97,Ολοκληρώθηκε χωρίς επιπλοκές.,31084428740,173
EX-00349,2024-03-24 15:36:15,"ΑΝΑΙΣΘΗΣΙΑ ΓΙΑ ΕΠΕΜΒΑΣΕΙΣ ΠΟΥ ΑΦΟΡΟΥΝ ΤΟ ΕΞΩ, ΤΟ ΜΕΣΟΝ ΚΑΙ ΤΟ ΕΣΩ ΟΥΣ, ΣΥΜΠΕΡΙΛΑΜΒΑΝΟΜΕΝΗΣ ΤΗΣ ΒΙΟΨΙΑΣ· ΩΤΟΣΚΟΠΗΣΗ",2213.35,Ήπια απόκλιση τιμών. Ενημερώθηκε ο θεράπων ιατρός.,31084428740,173
EX-00350,2024-03-23 17:36:15,ΑΝΑΙΣΘΗΣΙΑ ΓΙΑ ΕΠΕΜΒΑΣΕΙΣ ΠΟΥ ΑΦΟΡΟΥΝ ΤΗ ΡΙΝΑ ΚΑΙ ΕΠΙΚΟΥΡΙΚΕΣ ΚΟΙΛΟΤΗΤΕΣ· ΡΙΖΙΚΗ ΕΠΕΜΒΑΣΗ,2369.80,Αναμένονται περαιτέρω αναλύσεις από το εργαστήριο.,31084428740,173
EX-00351,2024-03-23 10:57:18,ΑΝΑΙΣΘΗΣΙΑ ΓΙΑ ΕΝΔΟΚΡΑΝΙΑΚΕΣ ΕΠΕΜΒΑΣΕΙΣ· ΗΛΕΚΤΡΟΚΑΥΤΗΡΙΑΣΗ ΤΟΥ ΕΝΔΟΚΡΑΝΙΑΚΟΥ ΝΕΥΡΟΥ,2173.68,Δεν παρατηρήθηκαν παθολογικά ευρήματα κατά τον έλεγχο.,06050738238,174
EX-00352,2024-03-30 21:59:32,"ΑΝΑΙΣΘΗΣΙΑ ΓΙΑ ΕΠΕΜΒΑΣΕΙΣ ΠΟΥ ΑΦΟΡΟΥΝ ΤΟ ΕΞΩ, ΤΟ ΜΕΣΟΝ ΚΑΙ ΤΟ ΕΣΩ ΟΥΣ, ΣΥΜΠΕΡΙΛΑΜΒΑΝΟΜΕΝΗΣ ΤΗΣ ΒΙΟΨΙΑΣ· ΩΤΟΣΚΟΠΗΣΗ",2213.35,Ολοκληρώθηκε χωρίς επιπλοκές.,22048608378,175
EX-00353,2024-03-23 14:10:06,ΑΝΑΙΣΘΗΣΙΑ ΓΙΑ ΕΠΕΜΒΑΣΕΙΣ ΠΟΥ ΑΦΟΡΟΥΝ ΤΟΝ ΟΦΘΑΛΜΟ· ΔΕΝ ΠΡΟΣΔΙΟΡΙΖΕΤΑΙ ΠΕΡΑΙΤΕΡΩ,574.09,Ολοκληρώθηκε χωρίς επιπλοκές.,10089737527,176
EX-00354,2024-04-03 19:53:26,"ΑΝΑΙΣΘΗΣΙΑ ΓΙΑ ΕΠΕΜΒΑΣΕΙΣ ΠΟΥ ΑΦΟΡΟΥΝ ΤΟ ΕΞΩ, ΤΟ ΜΕΣΟΝ ΚΑΙ ΤΟ ΕΣΩ ΟΥΣ, ΣΥΜΠΕΡΙΛΑΜΒΑΝΟΜΕΝΗΣ ΤΗΣ ΒΙΟΨΙΑΣ· ΔΕΝ ΠΡΟΣΔΙΟΡΙΖΕΤΑΙ ΠΕΡΑΙΤΕΡΩ",795.29,Η διαδικασία ολοκληρώθηκε ομαλά. Φυσιολογικά ευρήματα.,15049291643,177
EX-00355,2024-04-03 07:53:26,ΑΝΑΙΣΘΗΣΙΑ ΓΙΑ ΕΠΕΜΒΑΣΕΙΣ ΠΟΥ ΑΦΟΡΟΥΝ ΤΗ ΡΙΝΑ ΚΑΙ ΕΠΙΚΟΥΡΙΚΕΣ ΚΟΙΛΟΤΗΤΕΣ· ΡΙΖΙΚΗ ΕΠΕΜΒΑΣΗ,2369.80,Αναμένονται περαιτέρω αναλύσεις από το εργαστήριο.,15049291643,177
EX-00356,2024-04-04 08:53:26,ΑΝΑΙΣΘΗΣΙΑ ΓΙΑ ΕΠΕΜΒΑΣΕΙΣ ΠΟΥ ΑΦΟΡΟΥΝ ΤΟΝ ΟΦΘΑΛΜΟ· ΧΕΙΡΟΥΡΓΙΚΗ ΦΑΚΩΝ,1156.04,Η διαδικασία ολοκληρώθηκε ομαλά. Φυσιολογικά ευρήματα.,15049291643,177
EX-00357,2024-03-31 15:43:10,ΑΝΑΙΣΘΗΣΙΑ ΓΙΑ ΕΠΕΜΒΑΣΕΙΣ ΠΟΥ ΑΦΟΡΟΥΝ ΤΟΝ ΟΦΘΑΛΜΟ· ΧΕΙΡΟΥΡΓΙΚΗ ΦΑΚΩΝ,1156.04,Ολοκληρώθηκε χωρίς επιπλοκές.,18118519593,178
EX-00358,2024-04-05 21:27:06,ΑΝΑΙΣΘΗΣΙΑ ΓΙΑ ΗΛΕΚΤΡΟΣΠΑΣΜΟΘΕΡΑΠΕΙΑ,1532.75,Η διαδικασία ολοκληρώθηκε ομαλά. Φυσιολογικά ευρήματα.,04010443316,179
EX-00359,2024-04-03 17:27:06,"ΑΝΑΙΣΘΗΣΙΑ ΓΙΑ ΕΠΕΜΒΑΣΕΙΣ ΠΟΥ ΑΦΟΡΟΥΝ ΤΟ ΕΞΩ, ΤΟ ΜΕΣΟΝ ΚΑΙ ΤΟ ΕΣΩ ΟΥΣ, ΣΥΜΠΕΡΙΛΑΜΒΑΝΟΜΕΝΗΣ ΤΗΣ ΒΙΟΨΙΑΣ· ΔΕΝ ΠΡΟΣΔΙΟΡΙΖΕΤΑΙ ΠΕΡΑΙΤΕΡΩ",795.29,Η διαδικασία ολοκληρώθηκε ομαλά. Φυσιολογικά ευρήματα.,04010443316,179
EX-00360,2024-04-14 09:31:37,ΑΝΑΙΣΘΗΣΙΑ ΓΙΑ ΕΠΕΜΒΑΣΕΙΣ ΕΠΑΝΟΡΘΩΤΙΚΗΣ ΧΕΙΡΟΥΡΓΙΚΗΣ ΒΛΕΦΑΡΩΝ (Π.Χ. ΒΛΕΦΑΡΟΠΛΑΣΤΙΚΗ ΕΓΧΕΙΡΗΣΗ ΒΛΕΦΑΡΟΠΤΩΣΗΣ),2236.35,Αναμένονται περαιτέρω αναλύσεις από το εργαστήριο.,27099728378,180
EX-00361,2024-04-11 16:31:37,ΑΝΑΙΣΘΗΣΙΑ ΓΙΑ ΕΠΕΜΒΑΣΕΙΣ ΕΠΑΝΟΡΘΩΤΙΚΗΣ ΧΕΙΡΟΥΡΓΙΚΗΣ ΒΛΕΦΑΡΩΝ (Π.Χ. ΒΛΕΦΑΡΟΠΛΑΣΤΙΚΗ ΕΓΧΕΙΡΗΣΗ ΒΛΕΦΑΡΟΠΤΩΣΗΣ),2236.35,Δεν παρατηρήθηκαν παθολογικά ευρήματα κατά τον έλεγχο.,27099728378,180
EX-00362,2024-04-08 08:31:37,"ΑΝΑΙΣΘΗΣΙΑ ΓΙΑ ΕΠΕΜΒΑΣΕΙΣ ΠΟΥ ΑΦΟΡΟΥΝ ΤΟ ΕΞΩ, ΤΟ ΜΕΣΟΝ ΚΑΙ ΤΟ ΕΣΩ ΟΥΣ, ΣΥΜΠΕΡΙΛΑΜΒΑΝΟΜΕΝΗΣ ΤΗΣ ΒΙΟΨΙΑΣ· ΔΕΝ ΠΡΟΣΔΙΟΡΙΖΕΤΑΙ ΠΕΡΑΙΤΕΡΩ",795.29,Η διαδικασία ολοκληρώθηκε ομαλά. Φυσιολογικά ευρήματα.,27099728378,180
EX-00363,2024-04-08 04:24:49,ΑΝΑΙΣΘΗΣΙΑ ΓΙΑ ΗΛΕΚΤΡΟΣΠΑΣΜΟΘΕΡΑΠΕΙΑ,1532.75,Αναμένονται περαιτέρω αναλύσεις από το εργαστήριο.,09128084347,181
EX-00364,2024-04-08 08:24:49,"ΑΝΑΙΣΘΗΣΙΑ ΓΙΑ ΕΠΕΜΒΑΣΕΙΣ ΠΟΥ ΑΦΟΡΟΥΝ ΤΟ ΕΞΩ, ΤΟ ΜΕΣΟΝ ΚΑΙ ΤΟ ΕΣΩ ΟΥΣ, ΣΥΜΠΕΡΙΛΑΜΒΑΝΟΜΕΝΗΣ ΤΗΣ ΒΙΟΨΙΑΣ· ΤΟΜΗ ΤΥΜΠΑΝΙΚΟΥ ΥΜΕΝΑ",1283.52,Η διαδικασία ολοκληρώθηκε ομαλά. Φυσιολογικά ευρήματα.,09128084347,181
EX-00365,2024-04-08 05:24:49,"ΑΝΑΙΣΘΗΣΙΑ ΓΙΑ ΕΠΕΜΒΑΣΕΙΣ ΠΟΥ ΑΦΟΡΟΥΝ ΤΟΥΣ ΣΙΕΛΟΓΟΝΟΥΣ ΑΔΕΝΕΣ, ΣΥΜΠΕΡΙΛΑΜΒΑΝΟΜΕΝΗΣ ΤΗΣ ΒΙΟΨΙΑΣ",264.08,Ήπια απόκλιση τιμών. Ενημερώθηκε ο θεράπων ιατρός.,09128084347,181
EX-00366,2024-04-10 18:40:39,ΑΝΑΙΣΘΗΣΙΑ ΓΙΑ ΕΠΕΜΒΑΣΕΙΣ ΠΟΥ ΑΦΟΡΟΥΝ ΤΟΝ ΟΦΘΑΛΜΟ· ΧΕΙΡΟΥΡΓΙΚΗ ΦΑΚΩΝ,1156.04,Ολοκληρώθηκε χωρίς επιπλοκές.,19075521849,182
EX-00367,2024-04-11 14:25:21,"ΑΝΑΙΣΘΗΣΙΑ ΓΙΑ ΕΠΕΜΒΑΣΕΙΣ ΠΟΥ ΑΦΟΡΟΥΝ ΤΟΥΣ ΣΙΕΛΟΓΟΝΟΥΣ ΑΔΕΝΕΣ, ΣΥΜΠΕΡΙΛΑΜΒΑΝΟΜΕΝΗΣ ΤΗΣ ΒΙΟΨΙΑΣ",264.08,Δεν παρατηρήθηκαν παθολογικά ευρήματα κατά τον έλεγχο.,22040585135,183
EX-00368,2024-04-09 15:25:21,ΑΝΑΙΣΘΗΣΙΑ ΓΙΑ ΕΠΕΜΒΑΣΕΙΣ ΠΟΥ ΑΦΟΡΟΥΝ ΤΟΝ ΟΦΘΑΛΜΟ· ΔΕΝ ΠΡΟΣΔΙΟΡΙΖΕΤΑΙ ΠΕΡΑΙΤΕΡΩ,574.09,Η διαδικασία ολοκληρώθηκε ομαλά. Φυσιολογικά ευρήματα.,22040585135,183
EX-00369,2024-04-09 11:52:08,ΑΝΑΙΣΘΗΣΙΑ ΓΙΑ ΗΛΕΚΤΡΟΣΠΑΣΜΟΘΕΡΑΠΕΙΑ,1532.75,Ήπια απόκλιση τιμών. Ενημερώθηκε ο θεράπων ιατρός.,31084428740,184
EX-00370,2024-04-14 04:58:09,"ΑΝΑΙΣΘΗΣΙΑ ΓΙΑ ΕΠΕΜΒΑΣΕΙΣ ΠΟΥ ΑΦΟΡΟΥΝ ΤΟ ΕΞΩ, ΤΟ ΜΕΣΟΝ ΚΑΙ ΤΟ ΕΣΩ ΟΥΣ, ΣΥΜΠΕΡΙΛΑΜΒΑΝΟΜΕΝΗΣ ΤΗΣ ΒΙΟΨΙΑΣ· ΩΤΟΣΚΟΠΗΣΗ",2213.35,Ήπια απόκλιση τιμών. Ενημερώθηκε ο θεράπων ιατρός.,22040585135,185
EX-00371,2024-04-12 20:30:53,"ΑΝΑΙΣΘΗΣΙΑ ΓΙΑ ΕΠΕΜΒΑΣΕΙΣ ΠΟΥ ΑΦΟΡΟΥΝ ΤΟ ΕΞΩ, ΤΟ ΜΕΣΟΝ ΚΑΙ ΤΟ ΕΣΩ ΟΥΣ, ΣΥΜΠΕΡΙΛΑΜΒΑΝΟΜΕΝΗΣ ΤΗΣ ΒΙΟΨΙΑΣ· ΤΟΜΗ ΤΥΜΠΑΝΙΚΟΥ ΥΜΕΝΑ",1283.52,Ολοκληρώθηκε χωρίς επιπλοκές.,15088743388,186
EX-00372,2024-04-19 08:18:01,"ΑΝΑΙΣΘΗΣΙΑ ΓΙΑ ΕΠΕΜΒΑΣΕΙΣ ΠΟΥ ΑΦΟΡΟΥΝ ΤΟ ΕΞΩ, ΤΟ ΜΕΣΟΝ ΚΑΙ ΤΟ ΕΣΩ ΟΥΣ, ΣΥΜΠΕΡΙΛΑΜΒΑΝΟΜΕΝΗΣ ΤΗΣ ΒΙΟΨΙΑΣ· ΤΟΜΗ ΤΥΜΠΑΝΙΚΟΥ ΥΜΕΝΑ",1283.52,Η διαδικασία ολοκληρώθηκε ομαλά. Φυσιολογικά ευρήματα.,21119438801,187
EX-00373,2024-04-19 04:18:01,ΑΝΑΙΣΘΗΣΙΑ ΓΙΑ ΕΠΕΜΒΑΣΕΙΣ ΠΟΥ ΑΦΟΡΟΥΝ ΤΟΝ ΟΦΘΑΛΜΟ· ΧΕΙΡΟΥΡΓΙΚΗ ΦΑΚΩΝ,1156.04,Αναμένονται περαιτέρω αναλύσεις από το εργαστήριο.,21119438801,187
EX-00374,2024-04-27 06:04:35,ΑΝΑΙΣΘΗΣΙΑ ΓΙΑ ΕΠΕΜΒΑΣΕΙΣ ΣΧΕΤΙΚΕΣ ΜΕ ΤΗΝ ΠΛΑΣΤΙΚΗ ΔΙΟΡΘΩΣΗ ΧΕΙΛΕΟΣΧΙΣΤΙΑΣ (ΛΥΚΟΣΤΟΜΑ),2027.48,Η διαδικασία ολοκληρώθηκε ομαλά. Φυσιολογικά ευρήματα.,14024366361,188
EX-00375,2024-04-23 03:04:35,ΑΝΑΙΣΘΗΣΙΑ ΓΙΑ ΕΝΔΟΚΡΑΝΙΑΚΕΣ ΕΠΕΜΒΑΣΕΙΣ· ΚΡΑΝΙΟΤΟΜΗ Ή ΚΡΑΝΙΕΚΤΟΜΗ ΓΙΑ ΤΗΝ ΠΑΡΟΧΕΤΕΥΣΗ ΑΙΜΑΤΩΜΑΤΟΣ,51.97,Ολοκληρώθηκε χωρίς επιπλοκές.,14024366361,188
EX-00376,2024-04-26 13:04:35,ΑΝΑΙΣΘΗΣΙΑ ΓΙΑ ΗΛΕΚΤΡΟΣΠΑΣΜΟΘΕΡΑΠΕΙΑ,1532.75,Δεν παρατηρήθηκαν παθολογικά ευρήματα κατά τον έλεγχο.,14024366361,188
EX-00377,2024-04-23 22:08:41,ΑΝΑΙΣΘΗΣΙΑ ΓΙΑ ΕΠΕΜΒΑΣΕΙΣ ΠΟΥ ΑΦΟΡΟΥΝ ΤΟΝ ΟΦΘΑΛΜΟ· ΔΕΝ ΠΡΟΣΔΙΟΡΙΖΕΤΑΙ ΠΕΡΑΙΤΕΡΩ,574.09,Ήπια απόκλιση τιμών. Ενημερώθηκε ο θεράπων ιατρός.,22048608378,189
EX-00378,2024-04-21 14:08:41,"ΑΝΑΙΣΘΗΣΙΑ ΓΙΑ ΕΠΕΜΒΑΣΕΙΣ ΠΟΥ ΑΦΟΡΟΥΝ ΤΟ ΕΞΩ, ΤΟ ΜΕΣΟΝ ΚΑΙ ΤΟ ΕΣΩ ΟΥΣ, ΣΥΜΠΕΡΙΛΑΜΒΑΝΟΜΕΝΗΣ ΤΗΣ ΒΙΟΨΙΑΣ· ΤΟΜΗ ΤΥΜΠΑΝΙΚΟΥ ΥΜΕΝΑ",1283.52,Αναμένονται περαιτέρω αναλύσεις από το εργαστήριο.,22048608378,189
EX-00379,2024-04-23 03:08:41,ΑΝΑΙΣΘΗΣΙΑ ΓΙΑ ΕΝΔΟΚΡΑΝΙΑΚΕΣ ΕΠΕΜΒΑΣΕΙΣ· ΚΡΑΝΙΟΤΟΜΗ Ή ΚΡΑΝΙΕΚΤΟΜΗ ΓΙΑ ΤΗΝ ΠΑΡΟΧΕΤΕΥΣΗ ΑΙΜΑΤΩΜΑΤΟΣ,51.97,Αναμένονται περαιτέρω αναλύσεις από το εργαστήριο.,22048608378,189
EX-00380,2024-04-21 21:32:59,"ΑΝΑΙΣΘΗΣΙΑ ΓΙΑ ΕΠΕΜΒΑΣΕΙΣ ΠΟΥ ΑΦΟΡΟΥΝ ΤΟ ΕΞΩ, ΤΟ ΜΕΣΟΝ ΚΑΙ ΤΟ ΕΣΩ ΟΥΣ, ΣΥΜΠΕΡΙΛΑΜΒΑΝΟΜΕΝΗΣ ΤΗΣ ΒΙΟΨΙΑΣ· ΤΟΜΗ ΤΥΜΠΑΝΙΚΟΥ ΥΜΕΝΑ",1283.52,Ολοκληρώθηκε χωρίς επιπλοκές.,31084428740,190
EX-00381,2024-04-24 19:32:59,ΑΝΑΙΣΘΗΣΙΑ ΓΙΑ ΕΠΕΜΒΑΣΕΙΣ ΠΟΥ ΑΦΟΡΟΥΝ ΤΗ ΡΙΝΑ ΚΑΙ ΕΠΙΚΟΥΡΙΚΕΣ ΚΟΙΛΟΤΗΤΕΣ· ΡΙΖΙΚΗ ΕΠΕΜΒΑΣΗ,2369.80,Ήπια απόκλιση τιμών. Ενημερώθηκε ο θεράπων ιατρός.,31084428740,190
EX-00382,2024-05-01 06:27:21,ΑΝΑΙΣΘΗΣΙΑ ΓΙΑ ΕΠΕΜΒΑΣΕΙΣ ΣΧΕΤΙΚΕΣ ΜΕ ΤΗΝ ΠΛΑΣΤΙΚΗ ΔΙΟΡΘΩΣΗ ΧΕΙΛΕΟΣΧΙΣΤΙΑΣ (ΛΥΚΟΣΤΟΜΑ),2027.48,Η διαδικασία ολοκληρώθηκε ομαλά. Φυσιολογικά ευρήματα.,18118519593,191
EX-00383,2024-04-25 13:01:52,ΑΝΑΙΣΘΗΣΙΑ ΓΙΑ ΕΠΕΜΒΑΣΕΙΣ ΣΧΕΤΙΚΕΣ ΜΕ ΤΗΝ ΠΛΑΣΤΙΚΗ ΔΙΟΡΘΩΣΗ ΧΕΙΛΕΟΣΧΙΣΤΙΑΣ (ΛΥΚΟΣΤΟΜΑ),2027.48,Η διαδικασία ολοκληρώθηκε ομαλά. Φυσιολογικά ευρήματα.,03037593592,192
EX-00384,2024-04-27 00:01:52,ΑΝΑΙΣΘΗΣΙΑ ΓΙΑ ΕΝΔΟΚΡΑΝΙΑΚΕΣ ΕΠΕΜΒΑΣΕΙΣ· ΚΡΑΝΙΟΤΟΜΗ Ή ΚΡΑΝΙΕΚΤΟΜΗ ΓΙΑ ΤΗΝ ΠΑΡΟΧΕΤΕΥΣΗ ΑΙΜΑΤΩΜΑΤΟΣ,51.97,Αναμένονται περαιτέρω αναλύσεις από το εργαστήριο.,03037593592,192
EX-00385,2024-04-29 07:24:58,ΑΝΑΙΣΘΗΣΙΑ ΓΙΑ ΕΝΔΟΚΡΑΝΙΑΚΕΣ ΕΠΕΜΒΑΣΕΙΣ· ΚΡΑΝΙΟΤΟΜΗ Ή ΚΡΑΝΙΕΚΤΟΜΗ ΓΙΑ ΤΗΝ ΠΑΡΟΧΕΤΕΥΣΗ ΑΙΜΑΤΩΜΑΤΟΣ,51.97,Αναμένονται περαιτέρω αναλύσεις από το εργαστήριο.,26067425558,193
EX-00386,2024-04-27 10:24:58,ΑΝΑΙΣΘΗΣΙΑ ΓΙΑ ΕΠΕΜΒΑΣΕΙΣ ΣΧΕΤΙΚΕΣ ΜΕ ΤΗΝ ΠΛΑΣΤΙΚΗ ΔΙΟΡΘΩΣΗ ΧΕΙΛΕΟΣΧΙΣΤΙΑΣ (ΛΥΚΟΣΤΟΜΑ),2027.48,Η διαδικασία ολοκληρώθηκε ομαλά. Φυσιολογικά ευρήματα.,26067425558,193
EX-00387,2024-05-03 03:21:23,ΑΝΑΙΣΘΗΣΙΑ ΓΙΑ ΕΝΔΟΚΡΑΝΙΑΚΕΣ ΕΠΕΜΒΑΣΕΙΣ· ΗΛΕΚΤΡΟΚΑΥΤΗΡΙΑΣΗ ΤΟΥ ΕΝΔΟΚΡΑΝΙΑΚΟΥ ΝΕΥΡΟΥ,2173.68,Δεν παρατηρήθηκαν παθολογικά ευρήματα κατά τον έλεγχο.,16040493179,194
EX-00388,2024-05-08 12:21:23,"ΑΝΑΙΣΘΗΣΙΑ ΓΙΑ ΕΠΕΜΒΑΣΕΙΣ ΠΟΥ ΑΦΟΡΟΥΝ ΤΟ ΕΞΩ, ΤΟ ΜΕΣΟΝ ΚΑΙ ΤΟ ΕΣΩ ΟΥΣ, ΣΥΜΠΕΡΙΛΑΜΒΑΝΟΜΕΝΗΣ ΤΗΣ ΒΙΟΨΙΑΣ· ΩΤΟΣΚΟΠΗΣΗ",2213.35,Ολοκληρώθηκε χωρίς επιπλοκές.,16040493179,194
EX-00389,2024-05-04 18:22:36,ΑΝΑΙΣΘΗΣΙΑ ΓΙΑ ΕΠΕΜΒΑΣΕΙΣ ΠΟΥ ΑΦΟΡΟΥΝ ΤΗ ΡΙΝΑ ΚΑΙ ΕΠΙΚΟΥΡΙΚΕΣ ΚΟΙΛΟΤΗΤΕΣ· ΡΙΖΙΚΗ ΕΠΕΜΒΑΣΗ,2369.80,Ολοκληρώθηκε χωρίς επιπλοκές.,03049296161,195
EX-00390,2024-05-05 08:22:36,ΑΝΑΙΣΘΗΣΙΑ ΓΙΑ ΕΝΔΟΚΡΑΝΙΑΚΕΣ ΕΠΕΜΒΑΣΕΙΣ· ΚΡΑΝΙΟΤΟΜΗ Ή ΚΡΑΝΙΕΚΤΟΜΗ ΓΙΑ ΤΗΝ ΠΑΡΟΧΕΤΕΥΣΗ ΑΙΜΑΤΩΜΑΤΟΣ,51.97,Αναμένονται περαιτέρω αναλύσεις από το εργαστήριο.,03049296161,195
EX-00391,2024-05-05 03:22:36,"ΑΝΑΙΣΘΗΣΙΑ ΓΙΑ ΕΠΕΜΒΑΣΕΙΣ ΠΟΥ ΑΦΟΡΟΥΝ ΤΟ ΕΞΩ, ΤΟ ΜΕΣΟΝ ΚΑΙ ΤΟ ΕΣΩ ΟΥΣ, ΣΥΜΠΕΡΙΛΑΜΒΑΝΟΜΕΝΗΣ ΤΗΣ ΒΙΟΨΙΑΣ· ΤΟΜΗ ΤΥΜΠΑΝΙΚΟΥ ΥΜΕΝΑ",1283.52,Δεν παρατηρήθηκαν παθολογικά ευρήματα κατά τον έλεγχο.,03049296161,195
EX-00392,2024-05-05 13:59:29,"ΑΝΑΙΣΘΗΣΙΑ ΓΙΑ ΕΠΕΜΒΑΣΕΙΣ ΠΟΥ ΑΦΟΡΟΥΝ ΤΟ ΕΞΩ, ΤΟ ΜΕΣΟΝ ΚΑΙ ΤΟ ΕΣΩ ΟΥΣ, ΣΥΜΠΕΡΙΛΑΜΒΑΝΟΜΕΝΗΣ ΤΗΣ ΒΙΟΨΙΑΣ· ΤΟΜΗ ΤΥΜΠΑΝΙΚΟΥ ΥΜΕΝΑ",1283.52,Ολοκληρώθηκε χωρίς επιπλοκές.,22040585135,196
EX-00393,2024-05-04 16:59:29,"ΑΝΑΙΣΘΗΣΙΑ ΓΙΑ ΕΠΕΜΒΑΣΕΙΣ ΠΟΥ ΑΦΟΡΟΥΝ ΤΟ ΕΞΩ, ΤΟ ΜΕΣΟΝ ΚΑΙ ΤΟ ΕΣΩ ΟΥΣ, ΣΥΜΠΕΡΙΛΑΜΒΑΝΟΜΕΝΗΣ ΤΗΣ ΒΙΟΨΙΑΣ· ΩΤΟΣΚΟΠΗΣΗ",2213.35,Ολοκληρώθηκε χωρίς επιπλοκές.,22040585135,196
EX-00394,2024-05-05 11:59:29,ΑΝΑΙΣΘΗΣΙΑ ΓΙΑ ΕΝΔΟΚΡΑΝΙΑΚΕΣ ΕΠΕΜΒΑΣΕΙΣ· ΚΡΑΝΙΟΤΟΜΗ Ή ΚΡΑΝΙΕΚΤΟΜΗ ΓΙΑ ΤΗΝ ΠΑΡΟΧΕΤΕΥΣΗ ΑΙΜΑΤΩΜΑΤΟΣ,51.97,Ήπια απόκλιση τιμών. Ενημερώθηκε ο θεράπων ιατρός.,22040585135,196
EX-00395,2024-05-09 23:38:23,"ΑΝΑΙΣΘΗΣΙΑ ΓΙΑ ΕΠΕΜΒΑΣΕΙΣ ΠΟΥ ΑΦΟΡΟΥΝ ΤΟ ΕΞΩ, ΤΟ ΜΕΣΟΝ ΚΑΙ ΤΟ ΕΣΩ ΟΥΣ, ΣΥΜΠΕΡΙΛΑΜΒΑΝΟΜΕΝΗΣ ΤΗΣ ΒΙΟΨΙΑΣ· ΔΕΝ ΠΡΟΣΔΙΟΡΙΖΕΤΑΙ ΠΕΡΑΙΤΕΡΩ",795.29,Ολοκληρώθηκε χωρίς επιπλοκές.,06117882147,197
EX-00396,2024-05-10 23:38:23,"ΑΝΑΙΣΘΗΣΙΑ ΓΙΑ ΕΠΕΜΒΑΣΕΙΣ ΠΟΥ ΑΦΟΡΟΥΝ ΤΟΥΣ ΣΙΕΛΟΓΟΝΟΥΣ ΑΔΕΝΕΣ, ΣΥΜΠΕΡΙΛΑΜΒΑΝΟΜΕΝΗΣ ΤΗΣ ΒΙΟΨΙΑΣ",264.08,Ολοκληρώθηκε χωρίς επιπλοκές.,06117882147,197
EX-00397,2024-05-08 18:38:23,ΑΝΑΙΣΘΗΣΙΑ ΓΙΑ ΕΠΕΜΒΑΣΕΙΣ ΠΟΥ ΑΦΟΡΟΥΝ ΤΟΝ ΟΦΘΑΛΜΟ· ΔΕΝ ΠΡΟΣΔΙΟΡΙΖΕΤΑΙ ΠΕΡΑΙΤΕΡΩ,574.09,Η διαδικασία ολοκληρώθηκε ομαλά. Φυσιολογικά ευρήματα.,06117882147,197
EX-00398,2024-05-14 07:15:29,"ΑΝΑΙΣΘΗΣΙΑ ΓΙΑ ΕΠΕΜΒΑΣΕΙΣ ΠΟΥ ΑΦΟΡΟΥΝ ΤΟ ΕΞΩ, ΤΟ ΜΕΣΟΝ ΚΑΙ ΤΟ ΕΣΩ ΟΥΣ, ΣΥΜΠΕΡΙΛΑΜΒΑΝΟΜΕΝΗΣ ΤΗΣ ΒΙΟΨΙΑΣ· ΔΕΝ ΠΡΟΣΔΙΟΡΙΖΕΤΑΙ ΠΕΡΑΙΤΕΡΩ",795.29,Ήπια απόκλιση τιμών. Ενημερώθηκε ο θεράπων ιατρός.,10089737527,198
EX-00399,2024-05-15 18:15:29,ΑΝΑΙΣΘΗΣΙΑ ΓΙΑ ΕΠΕΜΒΑΣΕΙΣ ΠΟΥ ΑΦΟΡΟΥΝ ΤΗ ΡΙΝΑ ΚΑΙ ΕΠΙΚΟΥΡΙΚΕΣ ΚΟΙΛΟΤΗΤΕΣ· ΡΙΖΙΚΗ ΕΠΕΜΒΑΣΗ,2369.80,Ήπια απόκλιση τιμών. Ενημερώθηκε ο θεράπων ιατρός.,10089737527,198
EX-00400,2024-05-14 00:15:29,ΑΝΑΙΣΘΗΣΙΑ ΓΙΑ ΕΠΕΜΒΑΣΕΙΣ ΠΟΥ ΑΦΟΡΟΥΝ ΤΟΝ ΟΦΘΑΛΜΟ· ΧΕΙΡΟΥΡΓΙΚΗ ΦΑΚΩΝ,1156.04,Η διαδικασία ολοκληρώθηκε ομαλά. Φυσιολογικά ευρήματα.,10089737527,198
EX-00401,2024-05-07 16:15:32,ΑΝΑΙΣΘΗΣΙΑ ΓΙΑ ΕΠΕΜΒΑΣΕΙΣ ΠΟΥ ΑΦΟΡΟΥΝ ΤΗ ΡΙΝΑ ΚΑΙ ΕΠΙΚΟΥΡΙΚΕΣ ΚΟΙΛΟΤΗΤΕΣ· ΡΙΖΙΚΗ ΕΠΕΜΒΑΣΗ,2369.80,Δεν παρατηρήθηκαν παθολογικά ευρήματα κατά τον έλεγχο.,19089017616,199
EX-00402,2024-05-20 07:38:34,ΑΝΑΙΣΘΗΣΙΑ ΓΙΑ ΕΠΕΜΒΑΣΕΙΣ ΠΟΥ ΑΦΟΡΟΥΝ ΤΗ ΡΙΝΑ ΚΑΙ ΕΠΙΚΟΥΡΙΚΕΣ ΚΟΙΛΟΤΗΤΕΣ· ΡΙΖΙΚΗ ΕΠΕΜΒΑΣΗ,2369.80,Δεν παρατηρήθηκαν παθολογικά ευρήματα κατά τον έλεγχο.,05038348846,200
EX-00403,2024-05-19 17:38:34,ΑΝΑΙΣΘΗΣΙΑ ΓΙΑ ΕΠΕΜΒΑΣΕΙΣ ΠΟΥ ΑΦΟΡΟΥΝ ΤΟΝ ΟΦΘΑΛΜΟ· ΧΕΙΡΟΥΡΓΙΚΗ ΦΑΚΩΝ,1156.04,Αναμένονται περαιτέρω αναλύσεις από το εργαστήριο.,05038348846,200
EX-00404,2024-05-17 18:38:34,ΑΝΑΙΣΘΗΣΙΑ ΓΙΑ ΕΝΔΟΚΡΑΝΙΑΚΕΣ ΕΠΕΜΒΑΣΕΙΣ· ΗΛΕΚΤΡΟΚΑΥΤΗΡΙΑΣΗ ΤΟΥ ΕΝΔΟΚΡΑΝΙΑΚΟΥ ΝΕΥΡΟΥ,2173.68,Αναμένονται περαιτέρω αναλύσεις από το εργαστήριο.,05038348846,200
EX-00405,2024-05-26 10:58:01,ΑΝΑΙΣΘΗΣΙΑ ΓΙΑ ΕΝΔΟΚΡΑΝΙΑΚΕΣ ΕΠΕΜΒΑΣΕΙΣ· ΚΡΑΝΙΟΤΟΜΗ Ή ΚΡΑΝΙΕΚΤΟΜΗ ΓΙΑ ΤΗΝ ΠΑΡΟΧΕΤΕΥΣΗ ΑΙΜΑΤΩΜΑΤΟΣ,51.97,Αναμένονται περαιτέρω αναλύσεις από το εργαστήριο.,19110834569,201
EX-00406,2024-05-27 07:58:01,"ΑΝΑΙΣΘΗΣΙΑ ΓΙΑ ΕΠΕΜΒΑΣΕΙΣ ΠΟΥ ΑΦΟΡΟΥΝ ΤΟ ΕΞΩ, ΤΟ ΜΕΣΟΝ ΚΑΙ ΤΟ ΕΣΩ ΟΥΣ, ΣΥΜΠΕΡΙΛΑΜΒΑΝΟΜΕΝΗΣ ΤΗΣ ΒΙΟΨΙΑΣ· ΤΟΜΗ ΤΥΜΠΑΝΙΚΟΥ ΥΜΕΝΑ",1283.52,Ήπια απόκλιση τιμών. Ενημερώθηκε ο θεράπων ιατρός.,19110834569,201
EX-00407,2024-06-05 07:03:45,ΑΝΑΙΣΘΗΣΙΑ ΓΙΑ ΕΠΕΜΒΑΣΕΙΣ ΠΟΥ ΑΦΟΡΟΥΝ ΤΟΝ ΟΦΘΑΛΜΟ· ΔΕΝ ΠΡΟΣΔΙΟΡΙΖΕΤΑΙ ΠΕΡΑΙΤΕΡΩ,574.09,Αναμένονται περαιτέρω αναλύσεις από το εργαστήριο.,06019165174,202
EX-00408,2024-05-31 18:03:45,"ΑΝΑΙΣΘΗΣΙΑ ΓΙΑ ΕΠΕΜΒΑΣΕΙΣ ΠΟΥ ΑΦΟΡΟΥΝ ΤΟ ΕΞΩ, ΤΟ ΜΕΣΟΝ ΚΑΙ ΤΟ ΕΣΩ ΟΥΣ, ΣΥΜΠΕΡΙΛΑΜΒΑΝΟΜΕΝΗΣ ΤΗΣ ΒΙΟΨΙΑΣ· ΔΕΝ ΠΡΟΣΔΙΟΡΙΖΕΤΑΙ ΠΕΡΑΙΤΕΡΩ",795.29,Ήπια απόκλιση τιμών. Ενημερώθηκε ο θεράπων ιατρός.,06019165174,202
EX-00409,2024-06-01 07:03:45,ΑΝΑΙΣΘΗΣΙΑ ΓΙΑ ΕΠΕΜΒΑΣΕΙΣ ΣΧΕΤΙΚΕΣ ΜΕ ΤΗΝ ΠΛΑΣΤΙΚΗ ΔΙΟΡΘΩΣΗ ΧΕΙΛΕΟΣΧΙΣΤΙΑΣ (ΛΥΚΟΣΤΟΜΑ),2027.48,Δεν παρατηρήθηκαν παθολογικά ευρήματα κατά τον έλεγχο.,06019165174,202
EX-00410,2024-05-30 15:20:51,"ΑΝΑΙΣΘΗΣΙΑ ΓΙΑ ΕΠΕΜΒΑΣΕΙΣ ΠΟΥ ΑΦΟΡΟΥΝ ΤΟ ΕΞΩ, ΤΟ ΜΕΣΟΝ ΚΑΙ ΤΟ ΕΣΩ ΟΥΣ, ΣΥΜΠΕΡΙΛΑΜΒΑΝΟΜΕΝΗΣ ΤΗΣ ΒΙΟΨΙΑΣ· ΩΤΟΣΚΟΠΗΣΗ",2213.35,Αναμένονται περαιτέρω αναλύσεις από το εργαστήριο.,16068107499,203
EX-00411,2024-06-02 15:20:51,ΑΝΑΙΣΘΗΣΙΑ ΓΙΑ ΕΠΕΜΒΑΣΕΙΣ ΠΟΥ ΑΦΟΡΟΥΝ ΤΟΝ ΟΦΘΑΛΜΟ· ΔΕΝ ΠΡΟΣΔΙΟΡΙΖΕΤΑΙ ΠΕΡΑΙΤΕΡΩ,574.09,Η διαδικασία ολοκληρώθηκε ομαλά. Φυσιολογικά ευρήματα.,16068107499,203
EX-00412,2024-06-03 23:20:51,"ΑΝΑΙΣΘΗΣΙΑ ΓΙΑ ΕΠΕΜΒΑΣΕΙΣ ΠΟΥ ΑΦΟΡΟΥΝ ΤΟ ΕΞΩ, ΤΟ ΜΕΣΟΝ ΚΑΙ ΤΟ ΕΣΩ ΟΥΣ, ΣΥΜΠΕΡΙΛΑΜΒΑΝΟΜΕΝΗΣ ΤΗΣ ΒΙΟΨΙΑΣ· ΔΕΝ ΠΡΟΣΔΙΟΡΙΖΕΤΑΙ ΠΕΡΑΙΤΕΡΩ",795.29,Η διαδικασία ολοκληρώθηκε ομαλά. Φυσιολογικά ευρήματα.,16068107499,203
EX-00413,2024-06-01 04:31:45,ΑΝΑΙΣΘΗΣΙΑ ΓΙΑ ΕΠΕΜΒΑΣΕΙΣ ΠΟΥ ΑΦΟΡΟΥΝ ΤΟΝ ΟΦΘΑΛΜΟ· ΧΕΙΡΟΥΡΓΙΚΗ ΦΑΚΩΝ,1156.04,Η διαδικασία ολοκληρώθηκε ομαλά. Φυσιολογικά ευρήματα.,21119438801,204
EX-00414,2024-06-08 06:53:32,ΑΝΑΙΣΘΗΣΙΑ ΓΙΑ ΕΠΕΜΒΑΣΕΙΣ ΕΠΑΝΟΡΘΩΤΙΚΗΣ ΧΕΙΡΟΥΡΓΙΚΗΣ ΒΛΕΦΑΡΩΝ (Π.Χ. ΒΛΕΦΑΡΟΠΛΑΣΤΙΚΗ ΕΓΧΕΙΡΗΣΗ ΒΛΕΦΑΡΟΠΤΩΣΗΣ),2236.35,Ολοκληρώθηκε χωρίς επιπλοκές.,24088546021,205
EX-00415,2024-06-05 01:01:56,ΑΝΑΙΣΘΗΣΙΑ ΓΙΑ ΕΝΔΟΚΡΑΝΙΑΚΕΣ ΕΠΕΜΒΑΣΕΙΣ· ΚΡΑΝΙΟΤΟΜΗ Ή ΚΡΑΝΙΕΚΤΟΜΗ ΓΙΑ ΤΗΝ ΠΑΡΟΧΕΤΕΥΣΗ ΑΙΜΑΤΩΜΑΤΟΣ,51.97,Η διαδικασία ολοκληρώθηκε ομαλά. Φυσιολογικά ευρήματα.,24088546021,206
EX-00416,2024-06-05 16:01:56,ΑΝΑΙΣΘΗΣΙΑ ΓΙΑ ΕΠΕΜΒΑΣΕΙΣ ΠΟΥ ΑΦΟΡΟΥΝ ΤΟΝ ΟΦΘΑΛΜΟ· ΔΕΝ ΠΡΟΣΔΙΟΡΙΖΕΤΑΙ ΠΕΡΑΙΤΕΡΩ,574.09,Ολοκληρώθηκε χωρίς επιπλοκές.,24088546021,206
EX-00417,2024-06-04 08:54:52,"ΑΝΑΙΣΘΗΣΙΑ ΓΙΑ ΕΠΕΜΒΑΣΕΙΣ ΠΟΥ ΑΦΟΡΟΥΝ ΤΟ ΕΞΩ, ΤΟ ΜΕΣΟΝ ΚΑΙ ΤΟ ΕΣΩ ΟΥΣ, ΣΥΜΠΕΡΙΛΑΜΒΑΝΟΜΕΝΗΣ ΤΗΣ ΒΙΟΨΙΑΣ· ΔΕΝ ΠΡΟΣΔΙΟΡΙΖΕΤΑΙ ΠΕΡΑΙΤΕΡΩ",795.29,Ολοκληρώθηκε χωρίς επιπλοκές.,20039794570,207
EX-00418,2024-06-08 16:54:52,"ΑΝΑΙΣΘΗΣΙΑ ΓΙΑ ΕΠΕΜΒΑΣΕΙΣ ΠΟΥ ΑΦΟΡΟΥΝ ΤΟ ΕΞΩ, ΤΟ ΜΕΣΟΝ ΚΑΙ ΤΟ ΕΣΩ ΟΥΣ, ΣΥΜΠΕΡΙΛΑΜΒΑΝΟΜΕΝΗΣ ΤΗΣ ΒΙΟΨΙΑΣ· ΩΤΟΣΚΟΠΗΣΗ",2213.35,Η διαδικασία ολοκληρώθηκε ομαλά. Φυσιολογικά ευρήματα.,20039794570,207
EX-00419,2024-06-13 07:54:52,"ΑΝΑΙΣΘΗΣΙΑ ΓΙΑ ΕΠΕΜΒΑΣΕΙΣ ΠΟΥ ΑΦΟΡΟΥΝ ΤΟ ΕΞΩ, ΤΟ ΜΕΣΟΝ ΚΑΙ ΤΟ ΕΣΩ ΟΥΣ, ΣΥΜΠΕΡΙΛΑΜΒΑΝΟΜΕΝΗΣ ΤΗΣ ΒΙΟΨΙΑΣ· ΤΟΜΗ ΤΥΜΠΑΝΙΚΟΥ ΥΜΕΝΑ",1283.52,Ήπια απόκλιση τιμών. Ενημερώθηκε ο θεράπων ιατρός.,20039794570,207
EX-00420,2024-06-15 07:18:42,"ΑΝΑΙΣΘΗΣΙΑ ΓΙΑ ΕΠΕΜΒΑΣΕΙΣ ΠΟΥ ΑΦΟΡΟΥΝ ΤΟ ΕΞΩ, ΤΟ ΜΕΣΟΝ ΚΑΙ ΤΟ ΕΣΩ ΟΥΣ, ΣΥΜΠΕΡΙΛΑΜΒΑΝΟΜΕΝΗΣ ΤΗΣ ΒΙΟΨΙΑΣ· ΤΟΜΗ ΤΥΜΠΑΝΙΚΟΥ ΥΜΕΝΑ",1283.52,Η διαδικασία ολοκληρώθηκε ομαλά. Φυσιολογικά ευρήματα.,26099895344,208
EX-00421,2024-06-11 12:18:42,ΑΝΑΙΣΘΗΣΙΑ ΓΙΑ ΕΠΕΜΒΑΣΕΙΣ ΠΟΥ ΑΦΟΡΟΥΝ ΤΗ ΡΙΝΑ ΚΑΙ ΕΠΙΚΟΥΡΙΚΕΣ ΚΟΙΛΟΤΗΤΕΣ· ΡΙΖΙΚΗ ΕΠΕΜΒΑΣΗ,2369.80,Ολοκληρώθηκε χωρίς επιπλοκές.,26099895344,208
EX-00422,2024-06-06 19:43:20,ΑΝΑΙΣΘΗΣΙΑ ΓΙΑ ΗΛΕΚΤΡΟΣΠΑΣΜΟΘΕΡΑΠΕΙΑ,1532.75,Ήπια απόκλιση τιμών. Ενημερώθηκε ο θεράπων ιατρός.,16118595442,209
EX-00423,2024-06-17 06:48:16,ΑΝΑΙΣΘΗΣΙΑ ΓΙΑ ΕΝΔΟΚΡΑΝΙΑΚΕΣ ΕΠΕΜΒΑΣΕΙΣ· ΚΡΑΝΙΟΤΟΜΗ Ή ΚΡΑΝΙΕΚΤΟΜΗ ΓΙΑ ΤΗΝ ΠΑΡΟΧΕΤΕΥΣΗ ΑΙΜΑΤΩΜΑΤΟΣ,51.97,Η διαδικασία ολοκληρώθηκε ομαλά. Φυσιολογικά ευρήματα.,28026692058,210
EX-00424,2024-06-18 06:48:16,"ΑΝΑΙΣΘΗΣΙΑ ΓΙΑ ΕΠΕΜΒΑΣΕΙΣ ΠΟΥ ΑΦΟΡΟΥΝ ΤΟΥΣ ΣΙΕΛΟΓΟΝΟΥΣ ΑΔΕΝΕΣ, ΣΥΜΠΕΡΙΛΑΜΒΑΝΟΜΕΝΗΣ ΤΗΣ ΒΙΟΨΙΑΣ",264.08,Αναμένονται περαιτέρω αναλύσεις από το εργαστήριο.,28026692058,210
EX-00425,2024-06-15 09:52:25,"ΑΝΑΙΣΘΗΣΙΑ ΓΙΑ ΕΠΕΜΒΑΣΕΙΣ ΠΟΥ ΑΦΟΡΟΥΝ ΤΟ ΕΞΩ, ΤΟ ΜΕΣΟΝ ΚΑΙ ΤΟ ΕΣΩ ΟΥΣ, ΣΥΜΠΕΡΙΛΑΜΒΑΝΟΜΕΝΗΣ ΤΗΣ ΒΙΟΨΙΑΣ· ΩΤΟΣΚΟΠΗΣΗ",2213.35,Ολοκληρώθηκε χωρίς επιπλοκές.,18020449145,211
EX-00426,2024-06-19 15:52:25,ΑΝΑΙΣΘΗΣΙΑ ΓΙΑ ΕΠΕΜΒΑΣΕΙΣ ΣΧΕΤΙΚΕΣ ΜΕ ΤΗΝ ΠΛΑΣΤΙΚΗ ΔΙΟΡΘΩΣΗ ΧΕΙΛΕΟΣΧΙΣΤΙΑΣ (ΛΥΚΟΣΤΟΜΑ),2027.48,Η διαδικασία ολοκληρώθηκε ομαλά. Φυσιολογικά ευρήματα.,18020449145,211
EX-00427,2024-06-21 01:19:13,"ΑΝΑΙΣΘΗΣΙΑ ΓΙΑ ΕΠΕΜΒΑΣΕΙΣ ΠΟΥ ΑΦΟΡΟΥΝ ΤΟΥΣ ΣΙΕΛΟΓΟΝΟΥΣ ΑΔΕΝΕΣ, ΣΥΜΠΕΡΙΛΑΜΒΑΝΟΜΕΝΗΣ ΤΗΣ ΒΙΟΨΙΑΣ",264.08,Δεν παρατηρήθηκαν παθολογικά ευρήματα κατά τον έλεγχο.,06126222477,212
EX-00428,2024-06-19 21:19:13,ΑΝΑΙΣΘΗΣΙΑ ΓΙΑ ΕΠΕΜΒΑΣΕΙΣ ΠΟΥ ΑΦΟΡΟΥΝ ΤΟΝ ΟΦΘΑΛΜΟ· ΔΕΝ ΠΡΟΣΔΙΟΡΙΖΕΤΑΙ ΠΕΡΑΙΤΕΡΩ,574.09,Αναμένονται περαιτέρω αναλύσεις από το εργαστήριο.,06126222477,212
EX-00429,2024-06-21 16:55:37,ΑΝΑΙΣΘΗΣΙΑ ΓΙΑ ΗΛΕΚΤΡΟΣΠΑΣΜΟΘΕΡΑΠΕΙΑ,1532.75,Αναμένονται περαιτέρω αναλύσεις από το εργαστήριο.,07044341149,213
EX-00430,2024-06-19 23:55:37,ΑΝΑΙΣΘΗΣΙΑ ΓΙΑ ΕΠΕΜΒΑΣΕΙΣ ΣΧΕΤΙΚΕΣ ΜΕ ΤΗΝ ΠΛΑΣΤΙΚΗ ΔΙΟΡΘΩΣΗ ΧΕΙΛΕΟΣΧΙΣΤΙΑΣ (ΛΥΚΟΣΤΟΜΑ),2027.48,Η διαδικασία ολοκληρώθηκε ομαλά. Φυσιολογικά ευρήματα.,07044341149,213
EX-00431,2024-06-21 18:55:37,ΑΝΑΙΣΘΗΣΙΑ ΓΙΑ ΕΝΔΟΚΡΑΝΙΑΚΕΣ ΕΠΕΜΒΑΣΕΙΣ· ΗΛΕΚΤΡΟΚΑΥΤΗΡΙΑΣΗ ΤΟΥ ΕΝΔΟΚΡΑΝΙΑΚΟΥ ΝΕΥΡΟΥ,2173.68,Δεν παρατηρήθηκαν παθολογικά ευρήματα κατά τον έλεγχο.,07044341149,213
EX-00432,2024-06-23 15:00:38,ΑΝΑΙΣΘΗΣΙΑ ΓΙΑ ΕΠΕΜΒΑΣΕΙΣ ΣΧΕΤΙΚΕΣ ΜΕ ΤΗΝ ΠΛΑΣΤΙΚΗ ΔΙΟΡΘΩΣΗ ΧΕΙΛΕΟΣΧΙΣΤΙΑΣ (ΛΥΚΟΣΤΟΜΑ),2027.48,Αναμένονται περαιτέρω αναλύσεις από το εργαστήριο.,11100467158,214
EX-00433,2024-06-26 20:00:38,ΑΝΑΙΣΘΗΣΙΑ ΓΙΑ ΕΝΔΟΚΡΑΝΙΑΚΕΣ ΕΠΕΜΒΑΣΕΙΣ· ΗΛΕΚΤΡΟΚΑΥΤΗΡΙΑΣΗ ΤΟΥ ΕΝΔΟΚΡΑΝΙΑΚΟΥ ΝΕΥΡΟΥ,2173.68,Ήπια απόκλιση τιμών. Ενημερώθηκε ο θεράπων ιατρός.,11100467158,214
EX-00434,2024-06-24 11:00:38,"ΑΝΑΙΣΘΗΣΙΑ ΓΙΑ ΕΠΕΜΒΑΣΕΙΣ ΠΟΥ ΑΦΟΡΟΥΝ ΤΟ ΕΞΩ, ΤΟ ΜΕΣΟΝ ΚΑΙ ΤΟ ΕΣΩ ΟΥΣ, ΣΥΜΠΕΡΙΛΑΜΒΑΝΟΜΕΝΗΣ ΤΗΣ ΒΙΟΨΙΑΣ· ΔΕΝ ΠΡΟΣΔΙΟΡΙΖΕΤΑΙ ΠΕΡΑΙΤΕΡΩ",795.29,Ολοκληρώθηκε χωρίς επιπλοκές.,11100467158,214
EX-00435,2024-06-23 13:48:54,"ΑΝΑΙΣΘΗΣΙΑ ΓΙΑ ΕΠΕΜΒΑΣΕΙΣ ΠΟΥ ΑΦΟΡΟΥΝ ΤΟ ΕΞΩ, ΤΟ ΜΕΣΟΝ ΚΑΙ ΤΟ ΕΣΩ ΟΥΣ, ΣΥΜΠΕΡΙΛΑΜΒΑΝΟΜΕΝΗΣ ΤΗΣ ΒΙΟΨΙΑΣ· ΤΟΜΗ ΤΥΜΠΑΝΙΚΟΥ ΥΜΕΝΑ",1283.52,Ήπια απόκλιση τιμών. Ενημερώθηκε ο θεράπων ιατρός.,22040585135,215
EX-00436,2024-06-26 06:05:44,"ΑΝΑΙΣΘΗΣΙΑ ΓΙΑ ΕΠΕΜΒΑΣΕΙΣ ΠΟΥ ΑΦΟΡΟΥΝ ΤΟ ΕΞΩ, ΤΟ ΜΕΣΟΝ ΚΑΙ ΤΟ ΕΣΩ ΟΥΣ, ΣΥΜΠΕΡΙΛΑΜΒΑΝΟΜΕΝΗΣ ΤΗΣ ΒΙΟΨΙΑΣ· ΔΕΝ ΠΡΟΣΔΙΟΡΙΖΕΤΑΙ ΠΕΡΑΙΤΕΡΩ",795.29,Αναμένονται περαιτέρω αναλύσεις από το εργαστήριο.,17019537542,216
EX-00437,2024-06-25 07:05:44,"ΑΝΑΙΣΘΗΣΙΑ ΓΙΑ ΕΠΕΜΒΑΣΕΙΣ ΠΟΥ ΑΦΟΡΟΥΝ ΤΟ ΕΞΩ, ΤΟ ΜΕΣΟΝ ΚΑΙ ΤΟ ΕΣΩ ΟΥΣ, ΣΥΜΠΕΡΙΛΑΜΒΑΝΟΜΕΝΗΣ ΤΗΣ ΒΙΟΨΙΑΣ· ΔΕΝ ΠΡΟΣΔΙΟΡΙΖΕΤΑΙ ΠΕΡΑΙΤΕΡΩ",795.29,Ολοκληρώθηκε χωρίς επιπλοκές.,17019537542,216
EX-00438,2024-06-26 14:05:44,ΑΝΑΙΣΘΗΣΙΑ ΓΙΑ ΕΝΔΟΚΡΑΝΙΑΚΕΣ ΕΠΕΜΒΑΣΕΙΣ· ΚΡΑΝΙΟΤΟΜΗ Ή ΚΡΑΝΙΕΚΤΟΜΗ ΓΙΑ ΤΗΝ ΠΑΡΟΧΕΤΕΥΣΗ ΑΙΜΑΤΩΜΑΤΟΣ,51.97,Η διαδικασία ολοκληρώθηκε ομαλά. Φυσιολογικά ευρήματα.,17019537542,216
EX-00439,2024-06-27 08:18:56,ΑΝΑΙΣΘΗΣΙΑ ΓΙΑ ΕΠΕΜΒΑΣΕΙΣ ΠΟΥ ΑΦΟΡΟΥΝ ΤΟΝ ΟΦΘΑΛΜΟ· ΧΕΙΡΟΥΡΓΙΚΗ ΦΑΚΩΝ,1156.04,Αναμένονται περαιτέρω αναλύσεις από το εργαστήριο.,15089851983,217
EX-00440,2024-07-03 10:41:43,"ΑΝΑΙΣΘΗΣΙΑ ΓΙΑ ΕΠΕΜΒΑΣΕΙΣ ΠΟΥ ΑΦΟΡΟΥΝ ΤΟ ΕΞΩ, ΤΟ ΜΕΣΟΝ ΚΑΙ ΤΟ ΕΣΩ ΟΥΣ, ΣΥΜΠΕΡΙΛΑΜΒΑΝΟΜΕΝΗΣ ΤΗΣ ΒΙΟΨΙΑΣ· ΔΕΝ ΠΡΟΣΔΙΟΡΙΖΕΤΑΙ ΠΕΡΑΙΤΕΡΩ",795.29,Ήπια απόκλιση τιμών. Ενημερώθηκε ο θεράπων ιατρός.,21110456039,218
EX-00441,2024-07-02 13:41:43,"ΑΝΑΙΣΘΗΣΙΑ ΓΙΑ ΕΠΕΜΒΑΣΕΙΣ ΠΟΥ ΑΦΟΡΟΥΝ ΤΟΥΣ ΣΙΕΛΟΓΟΝΟΥΣ ΑΔΕΝΕΣ, ΣΥΜΠΕΡΙΛΑΜΒΑΝΟΜΕΝΗΣ ΤΗΣ ΒΙΟΨΙΑΣ",264.08,Η διαδικασία ολοκληρώθηκε ομαλά. Φυσιολογικά ευρήματα.,21110456039,218
EX-00442,2024-06-29 21:41:43,"ΑΝΑΙΣΘΗΣΙΑ ΓΙΑ ΕΠΕΜΒΑΣΕΙΣ ΠΟΥ ΑΦΟΡΟΥΝ ΤΟΥΣ ΣΙΕΛΟΓΟΝΟΥΣ ΑΔΕΝΕΣ, ΣΥΜΠΕΡΙΛΑΜΒΑΝΟΜΕΝΗΣ ΤΗΣ ΒΙΟΨΙΑΣ",264.08,Η διαδικασία ολοκληρώθηκε ομαλά. Φυσιολογικά ευρήματα.,21110456039,218
EX-00443,2024-07-04 02:21:12,ΑΝΑΙΣΘΗΣΙΑ ΓΙΑ ΕΠΕΜΒΑΣΕΙΣ ΣΧΕΤΙΚΕΣ ΜΕ ΤΗΝ ΠΛΑΣΤΙΚΗ ΔΙΟΡΘΩΣΗ ΧΕΙΛΕΟΣΧΙΣΤΙΑΣ (ΛΥΚΟΣΤΟΜΑ),2027.48,Η διαδικασία ολοκληρώθηκε ομαλά. Φυσιολογικά ευρήματα.,02087077516,219
EX-00444,2024-07-04 10:21:12,"ΑΝΑΙΣΘΗΣΙΑ ΓΙΑ ΕΠΕΜΒΑΣΕΙΣ ΠΟΥ ΑΦΟΡΟΥΝ ΤΟ ΕΞΩ, ΤΟ ΜΕΣΟΝ ΚΑΙ ΤΟ ΕΣΩ ΟΥΣ, ΣΥΜΠΕΡΙΛΑΜΒΑΝΟΜΕΝΗΣ ΤΗΣ ΒΙΟΨΙΑΣ· ΔΕΝ ΠΡΟΣΔΙΟΡΙΖΕΤΑΙ ΠΕΡΑΙΤΕΡΩ",795.29,Ήπια απόκλιση τιμών. Ενημερώθηκε ο θεράπων ιατρός.,02087077516,219
EX-00445,2024-07-01 18:21:12,ΑΝΑΙΣΘΗΣΙΑ ΓΙΑ ΕΠΕΜΒΑΣΕΙΣ ΠΟΥ ΑΦΟΡΟΥΝ ΤΟΝ ΟΦΘΑΛΜΟ· ΧΕΙΡΟΥΡΓΙΚΗ ΦΑΚΩΝ,1156.04,Η διαδικασία ολοκληρώθηκε ομαλά. Φυσιολογικά ευρήματα.,02087077516,219
EX-00446,2024-07-05 05:44:56,"ΑΝΑΙΣΘΗΣΙΑ ΓΙΑ ΕΠΕΜΒΑΣΕΙΣ ΠΟΥ ΑΦΟΡΟΥΝ ΤΟΥΣ ΣΙΕΛΟΓΟΝΟΥΣ ΑΔΕΝΕΣ, ΣΥΜΠΕΡΙΛΑΜΒΑΝΟΜΕΝΗΣ ΤΗΣ ΒΙΟΨΙΑΣ",264.08,Ολοκληρώθηκε χωρίς επιπλοκές.,04010443316,220
EX-00447,2024-07-10 23:05:11,ΑΝΑΙΣΘΗΣΙΑ ΓΙΑ ΕΠΕΜΒΑΣΕΙΣ ΠΟΥ ΑΦΟΡΟΥΝ ΤΟΝ ΟΦΘΑΛΜΟ· ΔΕΝ ΠΡΟΣΔΙΟΡΙΖΕΤΑΙ ΠΕΡΑΙΤΕΡΩ,574.09,Αναμένονται περαιτέρω αναλύσεις από το εργαστήριο.,18050675294,221
EX-00448,2024-07-05 03:05:11,"ΑΝΑΙΣΘΗΣΙΑ ΓΙΑ ΕΠΕΜΒΑΣΕΙΣ ΠΟΥ ΑΦΟΡΟΥΝ ΤΟ ΕΞΩ, ΤΟ ΜΕΣΟΝ ΚΑΙ ΤΟ ΕΣΩ ΟΥΣ, ΣΥΜΠΕΡΙΛΑΜΒΑΝΟΜΕΝΗΣ ΤΗΣ ΒΙΟΨΙΑΣ· ΩΤΟΣΚΟΠΗΣΗ",2213.35,Ήπια απόκλιση τιμών. Ενημερώθηκε ο θεράπων ιατρός.,18050675294,221
EX-00449,2024-07-08 21:05:11,ΑΝΑΙΣΘΗΣΙΑ ΓΙΑ ΕΠΕΜΒΑΣΕΙΣ ΣΧΕΤΙΚΕΣ ΜΕ ΤΗΝ ΠΛΑΣΤΙΚΗ ΔΙΟΡΘΩΣΗ ΧΕΙΛΕΟΣΧΙΣΤΙΑΣ (ΛΥΚΟΣΤΟΜΑ),2027.48,Αναμένονται περαιτέρω αναλύσεις από το εργαστήριο.,18050675294,221
EX-00450,2024-07-07 18:34:25,ΑΝΑΙΣΘΗΣΙΑ ΓΙΑ ΕΠΕΜΒΑΣΕΙΣ ΣΧΕΤΙΚΕΣ ΜΕ ΤΗΝ ΠΛΑΣΤΙΚΗ ΔΙΟΡΘΩΣΗ ΧΕΙΛΕΟΣΧΙΣΤΙΑΣ (ΛΥΚΟΣΤΟΜΑ),2027.48,Η διαδικασία ολοκληρώθηκε ομαλά. Φυσιολογικά ευρήματα.,18118519593,222
EX-00451,2024-07-10 08:41:57,ΑΝΑΙΣΘΗΣΙΑ ΓΙΑ ΕΠΕΜΒΑΣΕΙΣ ΠΟΥ ΑΦΟΡΟΥΝ ΤΗ ΡΙΝΑ ΚΑΙ ΕΠΙΚΟΥΡΙΚΕΣ ΚΟΙΛΟΤΗΤΕΣ· ΡΙΖΙΚΗ ΕΠΕΜΒΑΣΗ,2369.80,Ολοκληρώθηκε χωρίς επιπλοκές.,09050064807,223
EX-00452,2024-07-10 00:41:57,ΑΝΑΙΣΘΗΣΙΑ ΓΙΑ ΗΛΕΚΤΡΟΣΠΑΣΜΟΘΕΡΑΠΕΙΑ,1532.75,Δεν παρατηρήθηκαν παθολογικά ευρήματα κατά τον έλεγχο.,09050064807,223
EX-00453,2024-07-08 18:41:57,ΑΝΑΙΣΘΗΣΙΑ ΓΙΑ ΕΝΔΟΚΡΑΝΙΑΚΕΣ ΕΠΕΜΒΑΣΕΙΣ· ΚΡΑΝΙΟΤΟΜΗ Ή ΚΡΑΝΙΕΚΤΟΜΗ ΓΙΑ ΤΗΝ ΠΑΡΟΧΕΤΕΥΣΗ ΑΙΜΑΤΩΜΑΤΟΣ,51.97,Αναμένονται περαιτέρω αναλύσεις από το εργαστήριο.,09050064807,223
EX-00454,2024-07-13 18:15:32,ΑΝΑΙΣΘΗΣΙΑ ΓΙΑ ΕΝΔΟΚΡΑΝΙΑΚΕΣ ΕΠΕΜΒΑΣΕΙΣ· ΚΡΑΝΙΟΤΟΜΗ Ή ΚΡΑΝΙΕΚΤΟΜΗ ΓΙΑ ΤΗΝ ΠΑΡΟΧΕΤΕΥΣΗ ΑΙΜΑΤΩΜΑΤΟΣ,51.97,Ολοκληρώθηκε χωρίς επιπλοκές.,18118519593,224
EX-00455,2024-07-11 09:15:32,ΑΝΑΙΣΘΗΣΙΑ ΓΙΑ ΕΠΕΜΒΑΣΕΙΣ ΠΟΥ ΑΦΟΡΟΥΝ ΤΟΝ ΟΦΘΑΛΜΟ· ΧΕΙΡΟΥΡΓΙΚΗ ΦΑΚΩΝ,1156.04,Αναμένονται περαιτέρω αναλύσεις από το εργαστήριο.,18118519593,224
EX-00456,2024-07-15 21:15:32,ΑΝΑΙΣΘΗΣΙΑ ΓΙΑ ΕΠΕΜΒΑΣΕΙΣ ΠΟΥ ΑΦΟΡΟΥΝ ΤΟΝ ΟΦΘΑΛΜΟ· ΧΕΙΡΟΥΡΓΙΚΗ ΦΑΚΩΝ,1156.04,Η διαδικασία ολοκληρώθηκε ομαλά. Φυσιολογικά ευρήματα.,18118519593,224
EX-00457,2024-07-18 10:34:33,ΑΝΑΙΣΘΗΣΙΑ ΓΙΑ ΕΝΔΟΚΡΑΝΙΑΚΕΣ ΕΠΕΜΒΑΣΕΙΣ· ΚΡΑΝΙΟΤΟΜΗ Ή ΚΡΑΝΙΕΚΤΟΜΗ ΓΙΑ ΤΗΝ ΠΑΡΟΧΕΤΕΥΣΗ ΑΙΜΑΤΩΜΑΤΟΣ,51.97,Ολοκληρώθηκε χωρίς επιπλοκές.,03057873936,225
EX-00458,2024-07-14 23:37:08,ΑΝΑΙΣΘΗΣΙΑ ΓΙΑ ΕΝΔΟΚΡΑΝΙΑΚΕΣ ΕΠΕΜΒΑΣΕΙΣ· ΗΛΕΚΤΡΟΚΑΥΤΗΡΙΑΣΗ ΤΟΥ ΕΝΔΟΚΡΑΝΙΑΚΟΥ ΝΕΥΡΟΥ,2173.68,Ολοκληρώθηκε χωρίς επιπλοκές.,24100569128,226
EX-00459,2024-07-22 01:37:08,"ΑΝΑΙΣΘΗΣΙΑ ΓΙΑ ΕΠΕΜΒΑΣΕΙΣ ΠΟΥ ΑΦΟΡΟΥΝ ΤΟ ΕΞΩ, ΤΟ ΜΕΣΟΝ ΚΑΙ ΤΟ ΕΣΩ ΟΥΣ, ΣΥΜΠΕΡΙΛΑΜΒΑΝΟΜΕΝΗΣ ΤΗΣ ΒΙΟΨΙΑΣ· ΩΤΟΣΚΟΠΗΣΗ",2213.35,Ήπια απόκλιση τιμών. Ενημερώθηκε ο θεράπων ιατρός.,24100569128,226
EX-00460,2024-07-22 16:37:08,ΑΝΑΙΣΘΗΣΙΑ ΓΙΑ ΗΛΕΚΤΡΟΣΠΑΣΜΟΘΕΡΑΠΕΙΑ,1532.75,Η διαδικασία ολοκληρώθηκε ομαλά. Φυσιολογικά ευρήματα.,24100569128,226
EX-00461,2024-07-16 21:12:21,"ΑΝΑΙΣΘΗΣΙΑ ΓΙΑ ΕΠΕΜΒΑΣΕΙΣ ΠΟΥ ΑΦΟΡΟΥΝ ΤΟ ΕΞΩ, ΤΟ ΜΕΣΟΝ ΚΑΙ ΤΟ ΕΣΩ ΟΥΣ, ΣΥΜΠΕΡΙΛΑΜΒΑΝΟΜΕΝΗΣ ΤΗΣ ΒΙΟΨΙΑΣ· ΤΟΜΗ ΤΥΜΠΑΝΙΚΟΥ ΥΜΕΝΑ",1283.52,Ολοκληρώθηκε χωρίς επιπλοκές.,03057873936,227
EX-00462,2024-07-19 10:19:43,ΑΝΑΙΣΘΗΣΙΑ ΓΙΑ ΗΛΕΚΤΡΟΣΠΑΣΜΟΘΕΡΑΠΕΙΑ,1532.75,Ήπια απόκλιση τιμών. Ενημερώθηκε ο θεράπων ιατρός.,19110834569,228
EX-00463,2024-07-21 00:03:56,ΑΝΑΙΣΘΗΣΙΑ ΓΙΑ ΕΠΕΜΒΑΣΕΙΣ ΕΠΑΝΟΡΘΩΤΙΚΗΣ ΧΕΙΡΟΥΡΓΙΚΗΣ ΒΛΕΦΑΡΩΝ (Π.Χ. ΒΛΕΦΑΡΟΠΛΑΣΤΙΚΗ ΕΓΧΕΙΡΗΣΗ ΒΛΕΦΑΡΟΠΤΩΣΗΣ),2236.35,Ολοκληρώθηκε χωρίς επιπλοκές.,16100868799,229
EX-00464,2024-07-21 07:13:47,ΑΝΑΙΣΘΗΣΙΑ ΓΙΑ ΕΠΕΜΒΑΣΕΙΣ ΕΠΑΝΟΡΘΩΤΙΚΗΣ ΧΕΙΡΟΥΡΓΙΚΗΣ ΒΛΕΦΑΡΩΝ (Π.Χ. ΒΛΕΦΑΡΟΠΛΑΣΤΙΚΗ ΕΓΧΕΙΡΗΣΗ ΒΛΕΦΑΡΟΠΤΩΣΗΣ),2236.35,Η διαδικασία ολοκληρώθηκε ομαλά. Φυσιολογικά ευρήματα.,15049291643,230
EX-00465,2024-07-20 18:24:52,"ΑΝΑΙΣΘΗΣΙΑ ΓΙΑ ΕΠΕΜΒΑΣΕΙΣ ΠΟΥ ΑΦΟΡΟΥΝ ΤΟ ΕΞΩ, ΤΟ ΜΕΣΟΝ ΚΑΙ ΤΟ ΕΣΩ ΟΥΣ, ΣΥΜΠΕΡΙΛΑΜΒΑΝΟΜΕΝΗΣ ΤΗΣ ΒΙΟΨΙΑΣ· ΩΤΟΣΚΟΠΗΣΗ",2213.35,Ολοκληρώθηκε χωρίς επιπλοκές.,05038348846,231
EX-00466,2024-07-23 19:26:03,"ΑΝΑΙΣΘΗΣΙΑ ΓΙΑ ΕΠΕΜΒΑΣΕΙΣ ΠΟΥ ΑΦΟΡΟΥΝ ΤΟ ΕΞΩ, ΤΟ ΜΕΣΟΝ ΚΑΙ ΤΟ ΕΣΩ ΟΥΣ, ΣΥΜΠΕΡΙΛΑΜΒΑΝΟΜΕΝΗΣ ΤΗΣ ΒΙΟΨΙΑΣ· ΔΕΝ ΠΡΟΣΔΙΟΡΙΖΕΤΑΙ ΠΕΡΑΙΤΕΡΩ",795.29,Ήπια απόκλιση τιμών. Ενημερώθηκε ο θεράπων ιατρός.,10094598570,232
EX-00467,2024-08-01 10:24:36,"ΑΝΑΙΣΘΗΣΙΑ ΓΙΑ ΕΠΕΜΒΑΣΕΙΣ ΠΟΥ ΑΦΟΡΟΥΝ ΤΟ ΕΞΩ, ΤΟ ΜΕΣΟΝ ΚΑΙ ΤΟ ΕΣΩ ΟΥΣ, ΣΥΜΠΕΡΙΛΑΜΒΑΝΟΜΕΝΗΣ ΤΗΣ ΒΙΟΨΙΑΣ· ΤΟΜΗ ΤΥΜΠΑΝΙΚΟΥ ΥΜΕΝΑ",1283.52,Η διαδικασία ολοκληρώθηκε ομαλά. Φυσιολογικά ευρήματα.,13119759342,233
EX-00468,2024-07-29 19:24:36,ΑΝΑΙΣΘΗΣΙΑ ΓΙΑ ΕΠΕΜΒΑΣΕΙΣ ΕΠΑΝΟΡΘΩΤΙΚΗΣ ΧΕΙΡΟΥΡΓΙΚΗΣ ΒΛΕΦΑΡΩΝ (Π.Χ. ΒΛΕΦΑΡΟΠΛΑΣΤΙΚΗ ΕΓΧΕΙΡΗΣΗ ΒΛΕΦΑΡΟΠΤΩΣΗΣ),2236.35,Αναμένονται περαιτέρω αναλύσεις από το εργαστήριο.,13119759342,233
EX-00469,2024-08-05 14:20:07,ΑΝΑΙΣΘΗΣΙΑ ΓΙΑ ΕΠΕΜΒΑΣΕΙΣ ΣΧΕΤΙΚΕΣ ΜΕ ΤΗΝ ΠΛΑΣΤΙΚΗ ΔΙΟΡΘΩΣΗ ΧΕΙΛΕΟΣΧΙΣΤΙΑΣ (ΛΥΚΟΣΤΟΜΑ),2027.48,Η διαδικασία ολοκληρώθηκε ομαλά. Φυσιολογικά ευρήματα.,18020449145,234
EX-00470,2024-08-08 12:20:07,ΑΝΑΙΣΘΗΣΙΑ ΓΙΑ ΗΛΕΚΤΡΟΣΠΑΣΜΟΘΕΡΑΠΕΙΑ,1532.75,Ήπια απόκλιση τιμών. Ενημερώθηκε ο θεράπων ιατρός.,18020449145,234
EX-00471,2024-08-09 06:20:07,"ΑΝΑΙΣΘΗΣΙΑ ΓΙΑ ΕΠΕΜΒΑΣΕΙΣ ΠΟΥ ΑΦΟΡΟΥΝ ΤΟΥΣ ΣΙΕΛΟΓΟΝΟΥΣ ΑΔΕΝΕΣ, ΣΥΜΠΕΡΙΛΑΜΒΑΝΟΜΕΝΗΣ ΤΗΣ ΒΙΟΨΙΑΣ",264.08,Δεν παρατηρήθηκαν παθολογικά ευρήματα κατά τον έλεγχο.,18020449145,234
EX-00472,2024-08-09 04:21:36,"ΑΝΑΙΣΘΗΣΙΑ ΓΙΑ ΕΠΕΜΒΑΣΕΙΣ ΠΟΥ ΑΦΟΡΟΥΝ ΤΟ ΕΞΩ, ΤΟ ΜΕΣΟΝ ΚΑΙ ΤΟ ΕΣΩ ΟΥΣ, ΣΥΜΠΕΡΙΛΑΜΒΑΝΟΜΕΝΗΣ ΤΗΣ ΒΙΟΨΙΑΣ· ΤΟΜΗ ΤΥΜΠΑΝΙΚΟΥ ΥΜΕΝΑ",1283.52,Ολοκληρώθηκε χωρίς επιπλοκές.,18020449145,235
EX-00473,2024-08-07 17:21:36,ΑΝΑΙΣΘΗΣΙΑ ΓΙΑ ΕΠΕΜΒΑΣΕΙΣ ΠΟΥ ΑΦΟΡΟΥΝ ΤΟΝ ΟΦΘΑΛΜΟ· ΧΕΙΡΟΥΡΓΙΚΗ ΦΑΚΩΝ,1156.04,Ολοκληρώθηκε χωρίς επιπλοκές.,18020449145,235
EX-00474,2024-08-10 16:21:36,ΑΝΑΙΣΘΗΣΙΑ ΓΙΑ ΕΠΕΜΒΑΣΕΙΣ ΕΠΑΝΟΡΘΩΤΙΚΗΣ ΧΕΙΡΟΥΡΓΙΚΗΣ ΒΛΕΦΑΡΩΝ (Π.Χ. ΒΛΕΦΑΡΟΠΛΑΣΤΙΚΗ ΕΓΧΕΙΡΗΣΗ ΒΛΕΦΑΡΟΠΤΩΣΗΣ),2236.35,Ολοκληρώθηκε χωρίς επιπλοκές.,18020449145,235
EX-00475,2024-08-12 21:22:15,ΑΝΑΙΣΘΗΣΙΑ ΓΙΑ ΕΠΕΜΒΑΣΕΙΣ ΕΠΑΝΟΡΘΩΤΙΚΗΣ ΧΕΙΡΟΥΡΓΙΚΗΣ ΒΛΕΦΑΡΩΝ (Π.Χ. ΒΛΕΦΑΡΟΠΛΑΣΤΙΚΗ ΕΓΧΕΙΡΗΣΗ ΒΛΕΦΑΡΟΠΤΩΣΗΣ),2236.35,Ολοκληρώθηκε χωρίς επιπλοκές.,16040493179,236
EX-00476,2024-08-10 00:26:11,ΑΝΑΙΣΘΗΣΙΑ ΓΙΑ ΕΠΕΜΒΑΣΕΙΣ ΠΟΥ ΑΦΟΡΟΥΝ ΤΗ ΡΙΝΑ ΚΑΙ ΕΠΙΚΟΥΡΙΚΕΣ ΚΟΙΛΟΤΗΤΕΣ· ΡΙΖΙΚΗ ΕΠΕΜΒΑΣΗ,2369.80,Αναμένονται περαιτέρω αναλύσεις από το εργαστήριο.,26099895344,237
EX-00477,2024-08-10 12:26:11,"ΑΝΑΙΣΘΗΣΙΑ ΓΙΑ ΕΠΕΜΒΑΣΕΙΣ ΠΟΥ ΑΦΟΡΟΥΝ ΤΟ ΕΞΩ, ΤΟ ΜΕΣΟΝ ΚΑΙ ΤΟ ΕΣΩ ΟΥΣ, ΣΥΜΠΕΡΙΛΑΜΒΑΝΟΜΕΝΗΣ ΤΗΣ ΒΙΟΨΙΑΣ· ΩΤΟΣΚΟΠΗΣΗ",2213.35,Η διαδικασία ολοκληρώθηκε ομαλά. Φυσιολογικά ευρήματα.,26099895344,237
EX-00478,2024-08-12 07:06:14,ΑΝΑΙΣΘΗΣΙΑ ΓΙΑ ΕΝΔΟΚΡΑΝΙΑΚΕΣ ΕΠΕΜΒΑΣΕΙΣ· ΚΡΑΝΙΟΤΟΜΗ Ή ΚΡΑΝΙΕΚΤΟΜΗ ΓΙΑ ΤΗΝ ΠΑΡΟΧΕΤΕΥΣΗ ΑΙΜΑΤΩΜΑΤΟΣ,51.97,Ολοκληρώθηκε χωρίς επιπλοκές.,06126222477,238
EX-00479,2024-08-11 05:06:14,ΑΝΑΙΣΘΗΣΙΑ ΓΙΑ ΗΛΕΚΤΡΟΣΠΑΣΜΟΘΕΡΑΠΕΙΑ,1532.75,Ήπια απόκλιση τιμών. Ενημερώθηκε ο θεράπων ιατρός.,06126222477,238
EX-00480,2024-08-15 05:56:45,ΑΝΑΙΣΘΗΣΙΑ ΓΙΑ ΕΠΕΜΒΑΣΕΙΣ ΣΧΕΤΙΚΕΣ ΜΕ ΤΗΝ ΠΛΑΣΤΙΚΗ ΔΙΟΡΘΩΣΗ ΧΕΙΛΕΟΣΧΙΣΤΙΑΣ (ΛΥΚΟΣΤΟΜΑ),2027.48,Δεν παρατηρήθηκαν παθολογικά ευρήματα κατά τον έλεγχο.,18118519593,239
EX-00481,2024-08-20 20:56:45,"ΑΝΑΙΣΘΗΣΙΑ ΓΙΑ ΕΠΕΜΒΑΣΕΙΣ ΠΟΥ ΑΦΟΡΟΥΝ ΤΟΥΣ ΣΙΕΛΟΓΟΝΟΥΣ ΑΔΕΝΕΣ, ΣΥΜΠΕΡΙΛΑΜΒΑΝΟΜΕΝΗΣ ΤΗΣ ΒΙΟΨΙΑΣ",264.08,Ήπια απόκλιση τιμών. Ενημερώθηκε ο θεράπων ιατρός.,18118519593,239
EX-00482,2024-08-19 07:56:45,ΑΝΑΙΣΘΗΣΙΑ ΓΙΑ ΕΠΕΜΒΑΣΕΙΣ ΕΠΑΝΟΡΘΩΤΙΚΗΣ ΧΕΙΡΟΥΡΓΙΚΗΣ ΒΛΕΦΑΡΩΝ (Π.Χ. ΒΛΕΦΑΡΟΠΛΑΣΤΙΚΗ ΕΓΧΕΙΡΗΣΗ ΒΛΕΦΑΡΟΠΤΩΣΗΣ),2236.35,Αναμένονται περαιτέρω αναλύσεις από το εργαστήριο.,18118519593,239
EX-00483,2024-08-12 13:13:22,ΑΝΑΙΣΘΗΣΙΑ ΓΙΑ ΕΠΕΜΒΑΣΕΙΣ ΕΠΑΝΟΡΘΩΤΙΚΗΣ ΧΕΙΡΟΥΡΓΙΚΗΣ ΒΛΕΦΑΡΩΝ (Π.Χ. ΒΛΕΦΑΡΟΠΛΑΣΤΙΚΗ ΕΓΧΕΙΡΗΣΗ ΒΛΕΦΑΡΟΠΤΩΣΗΣ),2236.35,Ολοκληρώθηκε χωρίς επιπλοκές.,19089017616,240
EX-00484,2024-08-12 18:13:22,ΑΝΑΙΣΘΗΣΙΑ ΓΙΑ ΕΠΕΜΒΑΣΕΙΣ ΠΟΥ ΑΦΟΡΟΥΝ ΤΗ ΡΙΝΑ ΚΑΙ ΕΠΙΚΟΥΡΙΚΕΣ ΚΟΙΛΟΤΗΤΕΣ· ΡΙΖΙΚΗ ΕΠΕΜΒΑΣΗ,2369.80,Αναμένονται περαιτέρω αναλύσεις από το εργαστήριο.,19089017616,240
EX-00485,2024-08-12 02:13:22,ΑΝΑΙΣΘΗΣΙΑ ΓΙΑ ΗΛΕΚΤΡΟΣΠΑΣΜΟΘΕΡΑΠΕΙΑ,1532.75,Ολοκληρώθηκε χωρίς επιπλοκές.,19089017616,240
EX-00486,2024-08-14 22:07:06,"ΑΝΑΙΣΘΗΣΙΑ ΓΙΑ ΕΠΕΜΒΑΣΕΙΣ ΠΟΥ ΑΦΟΡΟΥΝ ΤΟΥΣ ΣΙΕΛΟΓΟΝΟΥΣ ΑΔΕΝΕΣ, ΣΥΜΠΕΡΙΛΑΜΒΑΝΟΜΕΝΗΣ ΤΗΣ ΒΙΟΨΙΑΣ",264.08,Αναμένονται περαιτέρω αναλύσεις από το εργαστήριο.,07034474162,241
EX-00487,2024-09-04 05:25:41,ΑΝΑΙΣΘΗΣΙΑ ΓΙΑ ΕΝΔΟΚΡΑΝΙΑΚΕΣ ΕΠΕΜΒΑΣΕΙΣ· ΗΛΕΚΤΡΟΚΑΥΤΗΡΙΑΣΗ ΤΟΥ ΕΝΔΟΚΡΑΝΙΑΚΟΥ ΝΕΥΡΟΥ,2173.68,Ήπια απόκλιση τιμών. Ενημερώθηκε ο θεράπων ιατρός.,13119759342,242
EX-00488,2024-08-31 07:44:18,ΑΝΑΙΣΘΗΣΙΑ ΓΙΑ ΕΝΔΟΚΡΑΝΙΑΚΕΣ ΕΠΕΜΒΑΣΕΙΣ· ΚΡΑΝΙΟΤΟΜΗ Ή ΚΡΑΝΙΕΚΤΟΜΗ ΓΙΑ ΤΗΝ ΠΑΡΟΧΕΤΕΥΣΗ ΑΙΜΑΤΩΜΑΤΟΣ,51.97,Ολοκληρώθηκε χωρίς επιπλοκές.,23056691943,243
EX-00489,2024-08-29 19:44:18,ΑΝΑΙΣΘΗΣΙΑ ΓΙΑ ΕΠΕΜΒΑΣΕΙΣ ΣΧΕΤΙΚΕΣ ΜΕ ΤΗΝ ΠΛΑΣΤΙΚΗ ΔΙΟΡΘΩΣΗ ΧΕΙΛΕΟΣΧΙΣΤΙΑΣ (ΛΥΚΟΣΤΟΜΑ),2027.48,Αναμένονται περαιτέρω αναλύσεις από το εργαστήριο.,23056691943,243
EX-00490,2024-08-30 18:46:38,"ΑΝΑΙΣΘΗΣΙΑ ΓΙΑ ΕΠΕΜΒΑΣΕΙΣ ΠΟΥ ΑΦΟΡΟΥΝ ΤΟ ΕΞΩ, ΤΟ ΜΕΣΟΝ ΚΑΙ ΤΟ ΕΣΩ ΟΥΣ, ΣΥΜΠΕΡΙΛΑΜΒΑΝΟΜΕΝΗΣ ΤΗΣ ΒΙΟΨΙΑΣ· ΩΤΟΣΚΟΠΗΣΗ",2213.35,Αναμένονται περαιτέρω αναλύσεις από το εργαστήριο.,01024610365,244
EX-00491,2024-09-04 18:46:38,ΑΝΑΙΣΘΗΣΙΑ ΓΙΑ ΗΛΕΚΤΡΟΣΠΑΣΜΟΘΕΡΑΠΕΙΑ,1532.75,Ολοκληρώθηκε χωρίς επιπλοκές.,01024610365,244
EX-00492,2024-09-02 11:46:38,ΑΝΑΙΣΘΗΣΙΑ ΓΙΑ ΕΠΕΜΒΑΣΕΙΣ ΠΟΥ ΑΦΟΡΟΥΝ ΤΟΝ ΟΦΘΑΛΜΟ· ΧΕΙΡΟΥΡΓΙΚΗ ΦΑΚΩΝ,1156.04,Ήπια απόκλιση τιμών. Ενημερώθηκε ο θεράπων ιατρός.,01024610365,244
EX-00493,2024-09-03 03:27:44,"ΑΝΑΙΣΘΗΣΙΑ ΓΙΑ ΕΠΕΜΒΑΣΕΙΣ ΠΟΥ ΑΦΟΡΟΥΝ ΤΟ ΕΞΩ, ΤΟ ΜΕΣΟΝ ΚΑΙ ΤΟ ΕΣΩ ΟΥΣ, ΣΥΜΠΕΡΙΛΑΜΒΑΝΟΜΕΝΗΣ ΤΗΣ ΒΙΟΨΙΑΣ· ΩΤΟΣΚΟΠΗΣΗ",2213.35,Η διαδικασία ολοκληρώθηκε ομαλά. Φυσιολογικά ευρήματα.,06050738238,245
EX-00494,2024-09-06 01:27:44,ΑΝΑΙΣΘΗΣΙΑ ΓΙΑ ΕΝΔΟΚΡΑΝΙΑΚΕΣ ΕΠΕΜΒΑΣΕΙΣ· ΚΡΑΝΙΟΤΟΜΗ Ή ΚΡΑΝΙΕΚΤΟΜΗ ΓΙΑ ΤΗΝ ΠΑΡΟΧΕΤΕΥΣΗ ΑΙΜΑΤΩΜΑΤΟΣ,51.97,Ήπια απόκλιση τιμών. Ενημερώθηκε ο θεράπων ιατρός.,06050738238,245
EX-00495,2024-09-06 20:39:45,ΑΝΑΙΣΘΗΣΙΑ ΓΙΑ ΕΠΕΜΒΑΣΕΙΣ ΣΧΕΤΙΚΕΣ ΜΕ ΤΗΝ ΠΛΑΣΤΙΚΗ ΔΙΟΡΘΩΣΗ ΧΕΙΛΕΟΣΧΙΣΤΙΑΣ (ΛΥΚΟΣΤΟΜΑ),2027.48,Ήπια απόκλιση τιμών. Ενημερώθηκε ο θεράπων ιατρός.,19029051436,246
EX-00496,2024-09-05 12:39:45,ΑΝΑΙΣΘΗΣΙΑ ΓΙΑ ΕΠΕΜΒΑΣΕΙΣ ΠΟΥ ΑΦΟΡΟΥΝ ΤΟΝ ΟΦΘΑΛΜΟ· ΧΕΙΡΟΥΡΓΙΚΗ ΦΑΚΩΝ,1156.04,Η διαδικασία ολοκληρώθηκε ομαλά. Φυσιολογικά ευρήματα.,19029051436,246
EX-00497,2024-09-05 14:51:27,"ΑΝΑΙΣΘΗΣΙΑ ΓΙΑ ΕΠΕΜΒΑΣΕΙΣ ΠΟΥ ΑΦΟΡΟΥΝ ΤΟ ΕΞΩ, ΤΟ ΜΕΣΟΝ ΚΑΙ ΤΟ ΕΣΩ ΟΥΣ, ΣΥΜΠΕΡΙΛΑΜΒΑΝΟΜΕΝΗΣ ΤΗΣ ΒΙΟΨΙΑΣ· ΩΤΟΣΚΟΠΗΣΗ",2213.35,Δεν παρατηρήθηκαν παθολογικά ευρήματα κατά τον έλεγχο.,21119438801,247
EX-00498,2024-09-11 10:02:15,ΑΝΑΙΣΘΗΣΙΑ ΓΙΑ ΗΛΕΚΤΡΟΣΠΑΣΜΟΘΕΡΑΠΕΙΑ,1532.75,Δεν παρατηρήθηκαν παθολογικά ευρήματα κατά τον έλεγχο.,24024429583,248
EX-00499,2024-09-10 22:02:15,"ΑΝΑΙΣΘΗΣΙΑ ΓΙΑ ΕΠΕΜΒΑΣΕΙΣ ΠΟΥ ΑΦΟΡΟΥΝ ΤΟ ΕΞΩ, ΤΟ ΜΕΣΟΝ ΚΑΙ ΤΟ ΕΣΩ ΟΥΣ, ΣΥΜΠΕΡΙΛΑΜΒΑΝΟΜΕΝΗΣ ΤΗΣ ΒΙΟΨΙΑΣ· ΤΟΜΗ ΤΥΜΠΑΝΙΚΟΥ ΥΜΕΝΑ",1283.52,Η διαδικασία ολοκληρώθηκε ομαλά. Φυσιολογικά ευρήματα.,24024429583,248
EX-00500,2024-09-10 01:02:15,"ΑΝΑΙΣΘΗΣΙΑ ΓΙΑ ΕΠΕΜΒΑΣΕΙΣ ΠΟΥ ΑΦΟΡΟΥΝ ΤΟ ΕΞΩ, ΤΟ ΜΕΣΟΝ ΚΑΙ ΤΟ ΕΣΩ ΟΥΣ, ΣΥΜΠΕΡΙΛΑΜΒΑΝΟΜΕΝΗΣ ΤΗΣ ΒΙΟΨΙΑΣ· ΩΤΟΣΚΟΠΗΣΗ",2213.35,Αναμένονται περαιτέρω αναλύσεις από το εργαστήριο.,24024429583,248
EX-00501,2024-09-18 07:59:05,ΑΝΑΙΣΘΗΣΙΑ ΓΙΑ ΕΝΔΟΚΡΑΝΙΑΚΕΣ ΕΠΕΜΒΑΣΕΙΣ· ΚΡΑΝΙΟΤΟΜΗ Ή ΚΡΑΝΙΕΚΤΟΜΗ ΓΙΑ ΤΗΝ ΠΑΡΟΧΕΤΕΥΣΗ ΑΙΜΑΤΩΜΑΤΟΣ,51.97,Αναμένονται περαιτέρω αναλύσεις από το εργαστήριο.,29049732701,249
EX-00502,2024-09-18 23:36:25,"ΑΝΑΙΣΘΗΣΙΑ ΓΙΑ ΕΠΕΜΒΑΣΕΙΣ ΠΟΥ ΑΦΟΡΟΥΝ ΤΟ ΕΞΩ, ΤΟ ΜΕΣΟΝ ΚΑΙ ΤΟ ΕΣΩ ΟΥΣ, ΣΥΜΠΕΡΙΛΑΜΒΑΝΟΜΕΝΗΣ ΤΗΣ ΒΙΟΨΙΑΣ· ΩΤΟΣΚΟΠΗΣΗ",2213.35,Η διαδικασία ολοκληρώθηκε ομαλά. Φυσιολογικά ευρήματα.,18060326718,250
EX-00503,2024-09-25 12:30:56,ΑΝΑΙΣΘΗΣΙΑ ΓΙΑ ΗΛΕΚΤΡΟΣΠΑΣΜΟΘΕΡΑΠΕΙΑ,1532.75,Ολοκληρώθηκε χωρίς επιπλοκές.,19075521849,251
EX-00504,2024-09-26 13:20:45,ΑΝΑΙΣΘΗΣΙΑ ΓΙΑ ΗΛΕΚΤΡΟΣΠΑΣΜΟΘΕΡΑΠΕΙΑ,1532.75,Αναμένονται περαιτέρω αναλύσεις από το εργαστήριο.,22018235970,252
EX-00505,2024-09-25 10:43:05,ΑΝΑΙΣΘΗΣΙΑ ΓΙΑ ΕΠΕΜΒΑΣΕΙΣ ΠΟΥ ΑΦΟΡΟΥΝ ΤΟΝ ΟΦΘΑΛΜΟ· ΔΕΝ ΠΡΟΣΔΙΟΡΙΖΕΤΑΙ ΠΕΡΑΙΤΕΡΩ,574.09,Η διαδικασία ολοκληρώθηκε ομαλά. Φυσιολογικά ευρήματα.,06126222477,253
EX-00506,2024-09-28 00:43:05,"ΑΝΑΙΣΘΗΣΙΑ ΓΙΑ ΕΠΕΜΒΑΣΕΙΣ ΠΟΥ ΑΦΟΡΟΥΝ ΤΟ ΕΞΩ, ΤΟ ΜΕΣΟΝ ΚΑΙ ΤΟ ΕΣΩ ΟΥΣ, ΣΥΜΠΕΡΙΛΑΜΒΑΝΟΜΕΝΗΣ ΤΗΣ ΒΙΟΨΙΑΣ· ΩΤΟΣΚΟΠΗΣΗ",2213.35,Δεν παρατηρήθηκαν παθολογικά ευρήματα κατά τον έλεγχο.,06126222477,253
EX-00507,2024-09-26 22:31:21,ΑΝΑΙΣΘΗΣΙΑ ΓΙΑ ΕΠΕΜΒΑΣΕΙΣ ΠΟΥ ΑΦΟΡΟΥΝ ΤΟΝ ΟΦΘΑΛΜΟ· ΔΕΝ ΠΡΟΣΔΙΟΡΙΖΕΤΑΙ ΠΕΡΑΙΤΕΡΩ,574.09,Ολοκληρώθηκε χωρίς επιπλοκές.,17019537542,254
EX-00508,2024-09-27 18:31:21,"ΑΝΑΙΣΘΗΣΙΑ ΓΙΑ ΕΠΕΜΒΑΣΕΙΣ ΠΟΥ ΑΦΟΡΟΥΝ ΤΟ ΕΞΩ, ΤΟ ΜΕΣΟΝ ΚΑΙ ΤΟ ΕΣΩ ΟΥΣ, ΣΥΜΠΕΡΙΛΑΜΒΑΝΟΜΕΝΗΣ ΤΗΣ ΒΙΟΨΙΑΣ· ΤΟΜΗ ΤΥΜΠΑΝΙΚΟΥ ΥΜΕΝΑ",1283.52,Ολοκληρώθηκε χωρίς επιπλοκές.,17019537542,254
EX-00509,2024-09-29 02:31:21,"ΑΝΑΙΣΘΗΣΙΑ ΓΙΑ ΕΠΕΜΒΑΣΕΙΣ ΠΟΥ ΑΦΟΡΟΥΝ ΤΟ ΕΞΩ, ΤΟ ΜΕΣΟΝ ΚΑΙ ΤΟ ΕΣΩ ΟΥΣ, ΣΥΜΠΕΡΙΛΑΜΒΑΝΟΜΕΝΗΣ ΤΗΣ ΒΙΟΨΙΑΣ· ΤΟΜΗ ΤΥΜΠΑΝΙΚΟΥ ΥΜΕΝΑ",1283.52,Ήπια απόκλιση τιμών. Ενημερώθηκε ο θεράπων ιατρός.,17019537542,254
EX-00510,2024-10-01 01:49:13,ΑΝΑΙΣΘΗΣΙΑ ΓΙΑ ΕΝΔΟΚΡΑΝΙΑΚΕΣ ΕΠΕΜΒΑΣΕΙΣ· ΗΛΕΚΤΡΟΚΑΥΤΗΡΙΑΣΗ ΤΟΥ ΕΝΔΟΚΡΑΝΙΑΚΟΥ ΝΕΥΡΟΥ,2173.68,Ήπια απόκλιση τιμών. Ενημερώθηκε ο θεράπων ιατρός.,08119651767,255
EX-00511,2024-09-29 22:49:13,"ΑΝΑΙΣΘΗΣΙΑ ΓΙΑ ΕΠΕΜΒΑΣΕΙΣ ΠΟΥ ΑΦΟΡΟΥΝ ΤΟ ΕΞΩ, ΤΟ ΜΕΣΟΝ ΚΑΙ ΤΟ ΕΣΩ ΟΥΣ, ΣΥΜΠΕΡΙΛΑΜΒΑΝΟΜΕΝΗΣ ΤΗΣ ΒΙΟΨΙΑΣ· ΤΟΜΗ ΤΥΜΠΑΝΙΚΟΥ ΥΜΕΝΑ",1283.52,Αναμένονται περαιτέρω αναλύσεις από το εργαστήριο.,08119651767,255
EX-00512,2024-10-10 00:27:22,"ΑΝΑΙΣΘΗΣΙΑ ΓΙΑ ΕΠΕΜΒΑΣΕΙΣ ΠΟΥ ΑΦΟΡΟΥΝ ΤΟ ΕΞΩ, ΤΟ ΜΕΣΟΝ ΚΑΙ ΤΟ ΕΣΩ ΟΥΣ, ΣΥΜΠΕΡΙΛΑΜΒΑΝΟΜΕΝΗΣ ΤΗΣ ΒΙΟΨΙΑΣ· ΤΟΜΗ ΤΥΜΠΑΝΙΚΟΥ ΥΜΕΝΑ",1283.52,Ήπια απόκλιση τιμών. Ενημερώθηκε ο θεράπων ιατρός.,05038348846,256
EX-00513,2024-10-07 17:21:18,ΑΝΑΙΣΘΗΣΙΑ ΓΙΑ ΕΠΕΜΒΑΣΕΙΣ ΠΟΥ ΑΦΟΡΟΥΝ ΤΗ ΡΙΝΑ ΚΑΙ ΕΠΙΚΟΥΡΙΚΕΣ ΚΟΙΛΟΤΗΤΕΣ· ΡΙΖΙΚΗ ΕΠΕΜΒΑΣΗ,2369.80,Ολοκληρώθηκε χωρίς επιπλοκές.,02078042045,257
EX-00514,2024-10-11 08:21:18,"ΑΝΑΙΣΘΗΣΙΑ ΓΙΑ ΕΠΕΜΒΑΣΕΙΣ ΠΟΥ ΑΦΟΡΟΥΝ ΤΟ ΕΞΩ, ΤΟ ΜΕΣΟΝ ΚΑΙ ΤΟ ΕΣΩ ΟΥΣ, ΣΥΜΠΕΡΙΛΑΜΒΑΝΟΜΕΝΗΣ ΤΗΣ ΒΙΟΨΙΑΣ· ΩΤΟΣΚΟΠΗΣΗ",2213.35,Ολοκληρώθηκε χωρίς επιπλοκές.,02078042045,257
EX-00515,2024-10-11 20:10:03,ΑΝΑΙΣΘΗΣΙΑ ΓΙΑ ΕΠΕΜΒΑΣΕΙΣ ΠΟΥ ΑΦΟΡΟΥΝ ΤΗ ΡΙΝΑ ΚΑΙ ΕΠΙΚΟΥΡΙΚΕΣ ΚΟΙΛΟΤΗΤΕΣ· ΡΙΖΙΚΗ ΕΠΕΜΒΑΣΗ,2369.80,Αναμένονται περαιτέρω αναλύσεις από το εργαστήριο.,21017437016,258
EX-00516,2024-10-11 18:37:55,"ΑΝΑΙΣΘΗΣΙΑ ΓΙΑ ΕΠΕΜΒΑΣΕΙΣ ΠΟΥ ΑΦΟΡΟΥΝ ΤΟ ΕΞΩ, ΤΟ ΜΕΣΟΝ ΚΑΙ ΤΟ ΕΣΩ ΟΥΣ, ΣΥΜΠΕΡΙΛΑΜΒΑΝΟΜΕΝΗΣ ΤΗΣ ΒΙΟΨΙΑΣ· ΩΤΟΣΚΟΠΗΣΗ",2213.35,Ολοκληρώθηκε χωρίς επιπλοκές.,28120467810,259
EX-00517,2024-10-08 20:37:55,"ΑΝΑΙΣΘΗΣΙΑ ΓΙΑ ΕΠΕΜΒΑΣΕΙΣ ΠΟΥ ΑΦΟΡΟΥΝ ΤΟ ΕΞΩ, ΤΟ ΜΕΣΟΝ ΚΑΙ ΤΟ ΕΣΩ ΟΥΣ, ΣΥΜΠΕΡΙΛΑΜΒΑΝΟΜΕΝΗΣ ΤΗΣ ΒΙΟΨΙΑΣ· ΔΕΝ ΠΡΟΣΔΙΟΡΙΖΕΤΑΙ ΠΕΡΑΙΤΕΡΩ",795.29,Ήπια απόκλιση τιμών. Ενημερώθηκε ο θεράπων ιατρός.,28120467810,259
EX-00518,2024-10-07 11:03:06,ΑΝΑΙΣΘΗΣΙΑ ΓΙΑ ΕΠΕΜΒΑΣΕΙΣ ΠΟΥ ΑΦΟΡΟΥΝ ΤΟΝ ΟΦΘΑΛΜΟ· ΧΕΙΡΟΥΡΓΙΚΗ ΦΑΚΩΝ,1156.04,Ολοκληρώθηκε χωρίς επιπλοκές.,24088546021,260
EX-00519,2024-10-09 02:43:52,"ΑΝΑΙΣΘΗΣΙΑ ΓΙΑ ΕΠΕΜΒΑΣΕΙΣ ΠΟΥ ΑΦΟΡΟΥΝ ΤΟ ΕΞΩ, ΤΟ ΜΕΣΟΝ ΚΑΙ ΤΟ ΕΣΩ ΟΥΣ, ΣΥΜΠΕΡΙΛΑΜΒΑΝΟΜΕΝΗΣ ΤΗΣ ΒΙΟΨΙΑΣ· ΩΤΟΣΚΟΠΗΣΗ",2213.35,Η διαδικασία ολοκληρώθηκε ομαλά. Φυσιολογικά ευρήματα.,03056595064,261
EX-00520,2024-10-08 17:43:52,ΑΝΑΙΣΘΗΣΙΑ ΓΙΑ ΕΝΔΟΚΡΑΝΙΑΚΕΣ ΕΠΕΜΒΑΣΕΙΣ· ΗΛΕΚΤΡΟΚΑΥΤΗΡΙΑΣΗ ΤΟΥ ΕΝΔΟΚΡΑΝΙΑΚΟΥ ΝΕΥΡΟΥ,2173.68,Αναμένονται περαιτέρω αναλύσεις από το εργαστήριο.,03056595064,261
EX-00521,2024-10-10 16:11:00,"ΑΝΑΙΣΘΗΣΙΑ ΓΙΑ ΕΠΕΜΒΑΣΕΙΣ ΠΟΥ ΑΦΟΡΟΥΝ ΤΟ ΕΞΩ, ΤΟ ΜΕΣΟΝ ΚΑΙ ΤΟ ΕΣΩ ΟΥΣ, ΣΥΜΠΕΡΙΛΑΜΒΑΝΟΜΕΝΗΣ ΤΗΣ ΒΙΟΨΙΑΣ· ΔΕΝ ΠΡΟΣΔΙΟΡΙΖΕΤΑΙ ΠΕΡΑΙΤΕΡΩ",795.29,Αναμένονται περαιτέρω αναλύσεις από το εργαστήριο.,22120477375,262
EX-00522,2024-10-10 22:11:00,ΑΝΑΙΣΘΗΣΙΑ ΓΙΑ ΕΠΕΜΒΑΣΕΙΣ ΣΧΕΤΙΚΕΣ ΜΕ ΤΗΝ ΠΛΑΣΤΙΚΗ ΔΙΟΡΘΩΣΗ ΧΕΙΛΕΟΣΧΙΣΤΙΑΣ (ΛΥΚΟΣΤΟΜΑ),2027.48,Ολοκληρώθηκε χωρίς επιπλοκές.,22120477375,262
EX-00523,2024-10-09 10:11:00,ΑΝΑΙΣΘΗΣΙΑ ΓΙΑ ΕΠΕΜΒΑΣΕΙΣ ΕΠΑΝΟΡΘΩΤΙΚΗΣ ΧΕΙΡΟΥΡΓΙΚΗΣ ΒΛΕΦΑΡΩΝ (Π.Χ. ΒΛΕΦΑΡΟΠΛΑΣΤΙΚΗ ΕΓΧΕΙΡΗΣΗ ΒΛΕΦΑΡΟΠΤΩΣΗΣ),2236.35,Ολοκληρώθηκε χωρίς επιπλοκές.,22120477375,262
EX-00524,2024-10-14 01:38:27,"ΑΝΑΙΣΘΗΣΙΑ ΓΙΑ ΕΠΕΜΒΑΣΕΙΣ ΠΟΥ ΑΦΟΡΟΥΝ ΤΟΥΣ ΣΙΕΛΟΓΟΝΟΥΣ ΑΔΕΝΕΣ, ΣΥΜΠΕΡΙΛΑΜΒΑΝΟΜΕΝΗΣ ΤΗΣ ΒΙΟΨΙΑΣ",264.08,Ήπια απόκλιση τιμών. Ενημερώθηκε ο θεράπων ιατρός.,15089851983,263
EX-00525,2024-10-15 15:38:27,"ΑΝΑΙΣΘΗΣΙΑ ΓΙΑ ΕΠΕΜΒΑΣΕΙΣ ΠΟΥ ΑΦΟΡΟΥΝ ΤΟ ΕΞΩ, ΤΟ ΜΕΣΟΝ ΚΑΙ ΤΟ ΕΣΩ ΟΥΣ, ΣΥΜΠΕΡΙΛΑΜΒΑΝΟΜΕΝΗΣ ΤΗΣ ΒΙΟΨΙΑΣ· ΤΟΜΗ ΤΥΜΠΑΝΙΚΟΥ ΥΜΕΝΑ",1283.52,Ήπια απόκλιση τιμών. Ενημερώθηκε ο θεράπων ιατρός.,15089851983,263
EX-00526,2024-10-12 19:38:27,"ΑΝΑΙΣΘΗΣΙΑ ΓΙΑ ΕΠΕΜΒΑΣΕΙΣ ΠΟΥ ΑΦΟΡΟΥΝ ΤΟ ΕΞΩ, ΤΟ ΜΕΣΟΝ ΚΑΙ ΤΟ ΕΣΩ ΟΥΣ, ΣΥΜΠΕΡΙΛΑΜΒΑΝΟΜΕΝΗΣ ΤΗΣ ΒΙΟΨΙΑΣ· ΩΤΟΣΚΟΠΗΣΗ",2213.35,Δεν παρατηρήθηκαν παθολογικά ευρήματα κατά τον έλεγχο.,15089851983,263
EX-00527,2024-10-21 18:05:50,ΑΝΑΙΣΘΗΣΙΑ ΓΙΑ ΕΝΔΟΚΡΑΝΙΑΚΕΣ ΕΠΕΜΒΑΣΕΙΣ· ΚΡΑΝΙΟΤΟΜΗ Ή ΚΡΑΝΙΕΚΤΟΜΗ ΓΙΑ ΤΗΝ ΠΑΡΟΧΕΤΕΥΣΗ ΑΙΜΑΤΩΜΑΤΟΣ,51.97,Ήπια απόκλιση τιμών. Ενημερώθηκε ο θεράπων ιατρός.,22040585135,264
EX-00528,2024-10-16 10:16:19,"ΑΝΑΙΣΘΗΣΙΑ ΓΙΑ ΕΠΕΜΒΑΣΕΙΣ ΠΟΥ ΑΦΟΡΟΥΝ ΤΟΥΣ ΣΙΕΛΟΓΟΝΟΥΣ ΑΔΕΝΕΣ, ΣΥΜΠΕΡΙΛΑΜΒΑΝΟΜΕΝΗΣ ΤΗΣ ΒΙΟΨΙΑΣ",264.08,Η διαδικασία ολοκληρώθηκε ομαλά. Φυσιολογικά ευρήματα.,21119438801,265
EX-00529,2024-10-15 17:16:19,ΑΝΑΙΣΘΗΣΙΑ ΓΙΑ ΕΠΕΜΒΑΣΕΙΣ ΠΟΥ ΑΦΟΡΟΥΝ ΤΗ ΡΙΝΑ ΚΑΙ ΕΠΙΚΟΥΡΙΚΕΣ ΚΟΙΛΟΤΗΤΕΣ· ΡΙΖΙΚΗ ΕΠΕΜΒΑΣΗ,2369.80,Δεν παρατηρήθηκαν παθολογικά ευρήματα κατά τον έλεγχο.,21119438801,265
EX-00530,2024-10-16 16:16:19,ΑΝΑΙΣΘΗΣΙΑ ΓΙΑ ΕΝΔΟΚΡΑΝΙΑΚΕΣ ΕΠΕΜΒΑΣΕΙΣ· ΗΛΕΚΤΡΟΚΑΥΤΗΡΙΑΣΗ ΤΟΥ ΕΝΔΟΚΡΑΝΙΑΚΟΥ ΝΕΥΡΟΥ,2173.68,Αναμένονται περαιτέρω αναλύσεις από το εργαστήριο.,21119438801,265
EX-00531,2024-10-26 05:45:50,ΑΝΑΙΣΘΗΣΙΑ ΓΙΑ ΕΠΕΜΒΑΣΕΙΣ ΠΟΥ ΑΦΟΡΟΥΝ ΤΗ ΡΙΝΑ ΚΑΙ ΕΠΙΚΟΥΡΙΚΕΣ ΚΟΙΛΟΤΗΤΕΣ· ΡΙΖΙΚΗ ΕΠΕΜΒΑΣΗ,2369.80,Ολοκληρώθηκε χωρίς επιπλοκές.,07044341149,266
EX-00532,2024-10-16 16:45:50,ΑΝΑΙΣΘΗΣΙΑ ΓΙΑ ΕΠΕΜΒΑΣΕΙΣ ΣΧΕΤΙΚΕΣ ΜΕ ΤΗΝ ΠΛΑΣΤΙΚΗ ΔΙΟΡΘΩΣΗ ΧΕΙΛΕΟΣΧΙΣΤΙΑΣ (ΛΥΚΟΣΤΟΜΑ),2027.48,Αναμένονται περαιτέρω αναλύσεις από το εργαστήριο.,07044341149,266
EX-00533,2024-10-22 02:45:50,ΑΝΑΙΣΘΗΣΙΑ ΓΙΑ ΕΝΔΟΚΡΑΝΙΑΚΕΣ ΕΠΕΜΒΑΣΕΙΣ· ΚΡΑΝΙΟΤΟΜΗ Ή ΚΡΑΝΙΕΚΤΟΜΗ ΓΙΑ ΤΗΝ ΠΑΡΟΧΕΤΕΥΣΗ ΑΙΜΑΤΩΜΑΤΟΣ,51.97,Αναμένονται περαιτέρω αναλύσεις από το εργαστήριο.,07044341149,266
EX-00534,2024-10-24 07:07:20,ΑΝΑΙΣΘΗΣΙΑ ΓΙΑ ΕΝΔΟΚΡΑΝΙΑΚΕΣ ΕΠΕΜΒΑΣΕΙΣ· ΗΛΕΚΤΡΟΚΑΥΤΗΡΙΑΣΗ ΤΟΥ ΕΝΔΟΚΡΑΝΙΑΚΟΥ ΝΕΥΡΟΥ,2173.68,Αναμένονται περαιτέρω αναλύσεις από το εργαστήριο.,20039794570,267
EX-00535,2024-10-24 12:07:20,"ΑΝΑΙΣΘΗΣΙΑ ΓΙΑ ΕΠΕΜΒΑΣΕΙΣ ΠΟΥ ΑΦΟΡΟΥΝ ΤΟ ΕΞΩ, ΤΟ ΜΕΣΟΝ ΚΑΙ ΤΟ ΕΣΩ ΟΥΣ, ΣΥΜΠΕΡΙΛΑΜΒΑΝΟΜΕΝΗΣ ΤΗΣ ΒΙΟΨΙΑΣ· ΩΤΟΣΚΟΠΗΣΗ",2213.35,Αναμένονται περαιτέρω αναλύσεις από το εργαστήριο.,20039794570,267
EX-00536,2024-10-25 17:40:24,"ΑΝΑΙΣΘΗΣΙΑ ΓΙΑ ΕΠΕΜΒΑΣΕΙΣ ΠΟΥ ΑΦΟΡΟΥΝ ΤΟ ΕΞΩ, ΤΟ ΜΕΣΟΝ ΚΑΙ ΤΟ ΕΣΩ ΟΥΣ, ΣΥΜΠΕΡΙΛΑΜΒΑΝΟΜΕΝΗΣ ΤΗΣ ΒΙΟΨΙΑΣ· ΩΤΟΣΚΟΠΗΣΗ",2213.35,Ήπια απόκλιση τιμών. Ενημερώθηκε ο θεράπων ιατρός.,03056595064,268
EX-00537,2024-10-28 21:52:58,ΑΝΑΙΣΘΗΣΙΑ ΓΙΑ ΕΝΔΟΚΡΑΝΙΑΚΕΣ ΕΠΕΜΒΑΣΕΙΣ· ΗΛΕΚΤΡΟΚΑΥΤΗΡΙΑΣΗ ΤΟΥ ΕΝΔΟΚΡΑΝΙΑΚΟΥ ΝΕΥΡΟΥ,2173.68,Ήπια απόκλιση τιμών. Ενημερώθηκε ο θεράπων ιατρός.,23026866049,269
EX-00538,2024-10-29 15:44:32,"ΑΝΑΙΣΘΗΣΙΑ ΓΙΑ ΕΠΕΜΒΑΣΕΙΣ ΠΟΥ ΑΦΟΡΟΥΝ ΤΟΥΣ ΣΙΕΛΟΓΟΝΟΥΣ ΑΔΕΝΕΣ, ΣΥΜΠΕΡΙΛΑΜΒΑΝΟΜΕΝΗΣ ΤΗΣ ΒΙΟΨΙΑΣ",264.08,Αναμένονται περαιτέρω αναλύσεις από το εργαστήριο.,19029051436,270
EX-00539,2024-10-28 17:44:32,"ΑΝΑΙΣΘΗΣΙΑ ΓΙΑ ΕΠΕΜΒΑΣΕΙΣ ΠΟΥ ΑΦΟΡΟΥΝ ΤΟ ΕΞΩ, ΤΟ ΜΕΣΟΝ ΚΑΙ ΤΟ ΕΣΩ ΟΥΣ, ΣΥΜΠΕΡΙΛΑΜΒΑΝΟΜΕΝΗΣ ΤΗΣ ΒΙΟΨΙΑΣ· ΤΟΜΗ ΤΥΜΠΑΝΙΚΟΥ ΥΜΕΝΑ",1283.52,Ήπια απόκλιση τιμών. Ενημερώθηκε ο θεράπων ιατρός.,19029051436,270
EX-00540,2024-10-27 20:44:32,ΑΝΑΙΣΘΗΣΙΑ ΓΙΑ ΗΛΕΚΤΡΟΣΠΑΣΜΟΘΕΡΑΠΕΙΑ,1532.75,Δεν παρατηρήθηκαν παθολογικά ευρήματα κατά τον έλεγχο.,19029051436,270
EX-00541,2024-11-06 01:18:22,ΑΝΑΙΣΘΗΣΙΑ ΓΙΑ ΕΠΕΜΒΑΣΕΙΣ ΠΟΥ ΑΦΟΡΟΥΝ ΤΟΝ ΟΦΘΑΛΜΟ· ΔΕΝ ΠΡΟΣΔΙΟΡΙΖΕΤΑΙ ΠΕΡΑΙΤΕΡΩ,574.09,Αναμένονται περαιτέρω αναλύσεις από το εργαστήριο.,19075521849,271
EX-00542,2024-11-11 15:24:46,ΑΝΑΙΣΘΗΣΙΑ ΓΙΑ ΕΝΔΟΚΡΑΝΙΑΚΕΣ ΕΠΕΜΒΑΣΕΙΣ· ΗΛΕΚΤΡΟΚΑΥΤΗΡΙΑΣΗ ΤΟΥ ΕΝΔΟΚΡΑΝΙΑΚΟΥ ΝΕΥΡΟΥ,2173.68,Η διαδικασία ολοκληρώθηκε ομαλά. Φυσιολογικά ευρήματα.,04025648413,272
EX-00543,2024-11-04 14:24:46,"ΑΝΑΙΣΘΗΣΙΑ ΓΙΑ ΕΠΕΜΒΑΣΕΙΣ ΠΟΥ ΑΦΟΡΟΥΝ ΤΟ ΕΞΩ, ΤΟ ΜΕΣΟΝ ΚΑΙ ΤΟ ΕΣΩ ΟΥΣ, ΣΥΜΠΕΡΙΛΑΜΒΑΝΟΜΕΝΗΣ ΤΗΣ ΒΙΟΨΙΑΣ· ΩΤΟΣΚΟΠΗΣΗ",2213.35,Αναμένονται περαιτέρω αναλύσεις από το εργαστήριο.,04025648413,272
EX-00544,2024-11-13 11:41:06,ΑΝΑΙΣΘΗΣΙΑ ΓΙΑ ΗΛΕΚΤΡΟΣΠΑΣΜΟΘΕΡΑΠΕΙΑ,1532.75,Ήπια απόκλιση τιμών. Ενημερώθηκε ο θεράπων ιατρός.,02030634060,273
EX-00545,2024-11-10 07:41:06,"ΑΝΑΙΣΘΗΣΙΑ ΓΙΑ ΕΠΕΜΒΑΣΕΙΣ ΠΟΥ ΑΦΟΡΟΥΝ ΤΟΥΣ ΣΙΕΛΟΓΟΝΟΥΣ ΑΔΕΝΕΣ, ΣΥΜΠΕΡΙΛΑΜΒΑΝΟΜΕΝΗΣ ΤΗΣ ΒΙΟΨΙΑΣ",264.08,Η διαδικασία ολοκληρώθηκε ομαλά. Φυσιολογικά ευρήματα.,02030634060,273
EX-00546,2024-11-13 20:41:06,ΑΝΑΙΣΘΗΣΙΑ ΓΙΑ ΕΠΕΜΒΑΣΕΙΣ ΠΟΥ ΑΦΟΡΟΥΝ ΤΗ ΡΙΝΑ ΚΑΙ ΕΠΙΚΟΥΡΙΚΕΣ ΚΟΙΛΟΤΗΤΕΣ· ΡΙΖΙΚΗ ΕΠΕΜΒΑΣΗ,2369.80,Αναμένονται περαιτέρω αναλύσεις από το εργαστήριο.,02030634060,273
EX-00547,2024-11-07 15:11:17,ΑΝΑΙΣΘΗΣΙΑ ΓΙΑ ΕΠΕΜΒΑΣΕΙΣ ΠΟΥ ΑΦΟΡΟΥΝ ΤΟΝ ΟΦΘΑΛΜΟ· ΔΕΝ ΠΡΟΣΔΙΟΡΙΖΕΤΑΙ ΠΕΡΑΙΤΕΡΩ,574.09,Η διαδικασία ολοκληρώθηκε ομαλά. Φυσιολογικά ευρήματα.,23026866049,274
EX-00548,2024-11-09 15:11:17,"ΑΝΑΙΣΘΗΣΙΑ ΓΙΑ ΕΠΕΜΒΑΣΕΙΣ ΠΟΥ ΑΦΟΡΟΥΝ ΤΟΥΣ ΣΙΕΛΟΓΟΝΟΥΣ ΑΔΕΝΕΣ, ΣΥΜΠΕΡΙΛΑΜΒΑΝΟΜΕΝΗΣ ΤΗΣ ΒΙΟΨΙΑΣ",264.08,Ήπια απόκλιση τιμών. Ενημερώθηκε ο θεράπων ιατρός.,23026866049,274
EX-00549,2024-11-14 08:11:17,ΑΝΑΙΣΘΗΣΙΑ ΓΙΑ ΕΠΕΜΒΑΣΕΙΣ ΠΟΥ ΑΦΟΡΟΥΝ ΤΟΝ ΟΦΘΑΛΜΟ· ΔΕΝ ΠΡΟΣΔΙΟΡΙΖΕΤΑΙ ΠΕΡΑΙΤΕΡΩ,574.09,Δεν παρατηρήθηκαν παθολογικά ευρήματα κατά τον έλεγχο.,23026866049,274
EX-00550,2024-11-09 00:52:19,"ΑΝΑΙΣΘΗΣΙΑ ΓΙΑ ΕΠΕΜΒΑΣΕΙΣ ΠΟΥ ΑΦΟΡΟΥΝ ΤΟ ΕΞΩ, ΤΟ ΜΕΣΟΝ ΚΑΙ ΤΟ ΕΣΩ ΟΥΣ, ΣΥΜΠΕΡΙΛΑΜΒΑΝΟΜΕΝΗΣ ΤΗΣ ΒΙΟΨΙΑΣ· ΤΟΜΗ ΤΥΜΠΑΝΙΚΟΥ ΥΜΕΝΑ",1283.52,Δεν παρατηρήθηκαν παθολογικά ευρήματα κατά τον έλεγχο.,08119651767,275
EX-00551,2024-11-12 21:59:06,"ΑΝΑΙΣΘΗΣΙΑ ΓΙΑ ΕΠΕΜΒΑΣΕΙΣ ΠΟΥ ΑΦΟΡΟΥΝ ΤΟ ΕΞΩ, ΤΟ ΜΕΣΟΝ ΚΑΙ ΤΟ ΕΣΩ ΟΥΣ, ΣΥΜΠΕΡΙΛΑΜΒΑΝΟΜΕΝΗΣ ΤΗΣ ΒΙΟΨΙΑΣ· ΔΕΝ ΠΡΟΣΔΙΟΡΙΖΕΤΑΙ ΠΕΡΑΙΤΕΡΩ",795.29,Η διαδικασία ολοκληρώθηκε ομαλά. Φυσιολογικά ευρήματα.,06126222477,276
EX-00552,2024-11-11 12:32:41,ΑΝΑΙΣΘΗΣΙΑ ΓΙΑ ΕΠΕΜΒΑΣΕΙΣ ΕΠΑΝΟΡΘΩΤΙΚΗΣ ΧΕΙΡΟΥΡΓΙΚΗΣ ΒΛΕΦΑΡΩΝ (Π.Χ. ΒΛΕΦΑΡΟΠΛΑΣΤΙΚΗ ΕΓΧΕΙΡΗΣΗ ΒΛΕΦΑΡΟΠΤΩΣΗΣ),2236.35,Ήπια απόκλιση τιμών. Ενημερώθηκε ο θεράπων ιατρός.,19029051436,277
EX-00553,2024-11-12 11:39:00,"ΑΝΑΙΣΘΗΣΙΑ ΓΙΑ ΕΠΕΜΒΑΣΕΙΣ ΠΟΥ ΑΦΟΡΟΥΝ ΤΟΥΣ ΣΙΕΛΟΓΟΝΟΥΣ ΑΔΕΝΕΣ, ΣΥΜΠΕΡΙΛΑΜΒΑΝΟΜΕΝΗΣ ΤΗΣ ΒΙΟΨΙΑΣ",264.08,Δεν παρατηρήθηκαν παθολογικά ευρήματα κατά τον έλεγχο.,13060666813,278
EX-00554,2024-11-13 07:39:00,"ΑΝΑΙΣΘΗΣΙΑ ΓΙΑ ΕΠΕΜΒΑΣΕΙΣ ΠΟΥ ΑΦΟΡΟΥΝ ΤΟ ΕΞΩ, ΤΟ ΜΕΣΟΝ ΚΑΙ ΤΟ ΕΣΩ ΟΥΣ, ΣΥΜΠΕΡΙΛΑΜΒΑΝΟΜΕΝΗΣ ΤΗΣ ΒΙΟΨΙΑΣ· ΤΟΜΗ ΤΥΜΠΑΝΙΚΟΥ ΥΜΕΝΑ",1283.52,Ήπια απόκλιση τιμών. Ενημερώθηκε ο θεράπων ιατρός.,13060666813,278
EX-00555,2024-11-22 03:14:47,"ΑΝΑΙΣΘΗΣΙΑ ΓΙΑ ΕΠΕΜΒΑΣΕΙΣ ΠΟΥ ΑΦΟΡΟΥΝ ΤΟ ΕΞΩ, ΤΟ ΜΕΣΟΝ ΚΑΙ ΤΟ ΕΣΩ ΟΥΣ, ΣΥΜΠΕΡΙΛΑΜΒΑΝΟΜΕΝΗΣ ΤΗΣ ΒΙΟΨΙΑΣ· ΔΕΝ ΠΡΟΣΔΙΟΡΙΖΕΤΑΙ ΠΕΡΑΙΤΕΡΩ",795.29,Ήπια απόκλιση τιμών. Ενημερώθηκε ο θεράπων ιατρός.,16068107499,279
EX-00556,2024-11-25 07:14:47,"ΑΝΑΙΣΘΗΣΙΑ ΓΙΑ ΕΠΕΜΒΑΣΕΙΣ ΠΟΥ ΑΦΟΡΟΥΝ ΤΟ ΕΞΩ, ΤΟ ΜΕΣΟΝ ΚΑΙ ΤΟ ΕΣΩ ΟΥΣ, ΣΥΜΠΕΡΙΛΑΜΒΑΝΟΜΕΝΗΣ ΤΗΣ ΒΙΟΨΙΑΣ· ΩΤΟΣΚΟΠΗΣΗ",2213.35,Δεν παρατηρήθηκαν παθολογικά ευρήματα κατά τον έλεγχο.,16068107499,279
EX-00557,2024-11-24 15:14:47,ΑΝΑΙΣΘΗΣΙΑ ΓΙΑ ΕΠΕΜΒΑΣΕΙΣ ΕΠΑΝΟΡΘΩΤΙΚΗΣ ΧΕΙΡΟΥΡΓΙΚΗΣ ΒΛΕΦΑΡΩΝ (Π.Χ. ΒΛΕΦΑΡΟΠΛΑΣΤΙΚΗ ΕΓΧΕΙΡΗΣΗ ΒΛΕΦΑΡΟΠΤΩΣΗΣ),2236.35,Η διαδικασία ολοκληρώθηκε ομαλά. Φυσιολογικά ευρήματα.,16068107499,279
EX-00558,2024-11-20 15:41:01,ΑΝΑΙΣΘΗΣΙΑ ΓΙΑ ΕΠΕΜΒΑΣΕΙΣ ΠΟΥ ΑΦΟΡΟΥΝ ΤΟΝ ΟΦΘΑΛΜΟ· ΔΕΝ ΠΡΟΣΔΙΟΡΙΖΕΤΑΙ ΠΕΡΑΙΤΕΡΩ,574.09,Η διαδικασία ολοκληρώθηκε ομαλά. Φυσιολογικά ευρήματα.,13119759342,280
EX-00559,2024-11-19 13:41:01,"ΑΝΑΙΣΘΗΣΙΑ ΓΙΑ ΕΠΕΜΒΑΣΕΙΣ ΠΟΥ ΑΦΟΡΟΥΝ ΤΟ ΕΞΩ, ΤΟ ΜΕΣΟΝ ΚΑΙ ΤΟ ΕΣΩ ΟΥΣ, ΣΥΜΠΕΡΙΛΑΜΒΑΝΟΜΕΝΗΣ ΤΗΣ ΒΙΟΨΙΑΣ· ΔΕΝ ΠΡΟΣΔΙΟΡΙΖΕΤΑΙ ΠΕΡΑΙΤΕΡΩ",795.29,Δεν παρατηρήθηκαν παθολογικά ευρήματα κατά τον έλεγχο.,13119759342,280
EX-00560,2024-11-19 00:41:01,"ΑΝΑΙΣΘΗΣΙΑ ΓΙΑ ΕΠΕΜΒΑΣΕΙΣ ΠΟΥ ΑΦΟΡΟΥΝ ΤΟ ΕΞΩ, ΤΟ ΜΕΣΟΝ ΚΑΙ ΤΟ ΕΣΩ ΟΥΣ, ΣΥΜΠΕΡΙΛΑΜΒΑΝΟΜΕΝΗΣ ΤΗΣ ΒΙΟΨΙΑΣ· ΩΤΟΣΚΟΠΗΣΗ",2213.35,Αναμένονται περαιτέρω αναλύσεις από το εργαστήριο.,13119759342,280
EX-00561,2024-11-26 15:49:57,ΑΝΑΙΣΘΗΣΙΑ ΓΙΑ ΕΝΔΟΚΡΑΝΙΑΚΕΣ ΕΠΕΜΒΑΣΕΙΣ· ΗΛΕΚΤΡΟΚΑΥΤΗΡΙΑΣΗ ΤΟΥ ΕΝΔΟΚΡΑΝΙΑΚΟΥ ΝΕΥΡΟΥ,2173.68,Η διαδικασία ολοκληρώθηκε ομαλά. Φυσιολογικά ευρήματα.,17075032006,281
EX-00562,2024-11-24 11:49:57,ΑΝΑΙΣΘΗΣΙΑ ΓΙΑ ΕΠΕΜΒΑΣΕΙΣ ΕΠΑΝΟΡΘΩΤΙΚΗΣ ΧΕΙΡΟΥΡΓΙΚΗΣ ΒΛΕΦΑΡΩΝ (Π.Χ. ΒΛΕΦΑΡΟΠΛΑΣΤΙΚΗ ΕΓΧΕΙΡΗΣΗ ΒΛΕΦΑΡΟΠΤΩΣΗΣ),2236.35,Δεν παρατηρήθηκαν παθολογικά ευρήματα κατά τον έλεγχο.,17075032006,281
EX-00563,2024-11-25 09:49:57,ΑΝΑΙΣΘΗΣΙΑ ΓΙΑ ΗΛΕΚΤΡΟΣΠΑΣΜΟΘΕΡΑΠΕΙΑ,1532.75,Αναμένονται περαιτέρω αναλύσεις από το εργαστήριο.,17075032006,281
EX-00564,2024-12-02 04:33:47,"ΑΝΑΙΣΘΗΣΙΑ ΓΙΑ ΕΠΕΜΒΑΣΕΙΣ ΠΟΥ ΑΦΟΡΟΥΝ ΤΟ ΕΞΩ, ΤΟ ΜΕΣΟΝ ΚΑΙ ΤΟ ΕΣΩ ΟΥΣ, ΣΥΜΠΕΡΙΛΑΜΒΑΝΟΜΕΝΗΣ ΤΗΣ ΒΙΟΨΙΑΣ· ΩΤΟΣΚΟΠΗΣΗ",2213.35,Η διαδικασία ολοκληρώθηκε ομαλά. Φυσιολογικά ευρήματα.,03056595064,282
EX-00565,2024-11-30 01:33:47,ΑΝΑΙΣΘΗΣΙΑ ΓΙΑ ΕΠΕΜΒΑΣΕΙΣ ΣΧΕΤΙΚΕΣ ΜΕ ΤΗΝ ΠΛΑΣΤΙΚΗ ΔΙΟΡΘΩΣΗ ΧΕΙΛΕΟΣΧΙΣΤΙΑΣ (ΛΥΚΟΣΤΟΜΑ),2027.48,Δεν παρατηρήθηκαν παθολογικά ευρήματα κατά τον έλεγχο.,03056595064,282
EX-00566,2024-12-06 11:36:50,ΑΝΑΙΣΘΗΣΙΑ ΓΙΑ ΕΠΕΜΒΑΣΕΙΣ ΣΧΕΤΙΚΕΣ ΜΕ ΤΗΝ ΠΛΑΣΤΙΚΗ ΔΙΟΡΘΩΣΗ ΧΕΙΛΕΟΣΧΙΣΤΙΑΣ (ΛΥΚΟΣΤΟΜΑ),2027.48,Η διαδικασία ολοκληρώθηκε ομαλά. Φυσιολογικά ευρήματα.,15089851983,283
EX-00567,2024-12-11 20:15:22,"ΑΝΑΙΣΘΗΣΙΑ ΓΙΑ ΕΠΕΜΒΑΣΕΙΣ ΠΟΥ ΑΦΟΡΟΥΝ ΤΟ ΕΞΩ, ΤΟ ΜΕΣΟΝ ΚΑΙ ΤΟ ΕΣΩ ΟΥΣ, ΣΥΜΠΕΡΙΛΑΜΒΑΝΟΜΕΝΗΣ ΤΗΣ ΒΙΟΨΙΑΣ· ΤΟΜΗ ΤΥΜΠΑΝΙΚΟΥ ΥΜΕΝΑ",1283.52,Αναμένονται περαιτέρω αναλύσεις από το εργαστήριο.,11087946135,284
EX-00568,2024-12-12 16:20:18,"ΑΝΑΙΣΘΗΣΙΑ ΓΙΑ ΕΠΕΜΒΑΣΕΙΣ ΠΟΥ ΑΦΟΡΟΥΝ ΤΟ ΕΞΩ, ΤΟ ΜΕΣΟΝ ΚΑΙ ΤΟ ΕΣΩ ΟΥΣ, ΣΥΜΠΕΡΙΛΑΜΒΑΝΟΜΕΝΗΣ ΤΗΣ ΒΙΟΨΙΑΣ· ΤΟΜΗ ΤΥΜΠΑΝΙΚΟΥ ΥΜΕΝΑ",1283.52,Ήπια απόκλιση τιμών. Ενημερώθηκε ο θεράπων ιατρός.,16068589382,285
EX-00569,2024-12-14 22:33:20,ΑΝΑΙΣΘΗΣΙΑ ΓΙΑ ΕΠΕΜΒΑΣΕΙΣ ΠΟΥ ΑΦΟΡΟΥΝ ΤΗ ΡΙΝΑ ΚΑΙ ΕΠΙΚΟΥΡΙΚΕΣ ΚΟΙΛΟΤΗΤΕΣ· ΡΙΖΙΚΗ ΕΠΕΜΒΑΣΗ,2369.80,Η διαδικασία ολοκληρώθηκε ομαλά. Φυσιολογικά ευρήματα.,01024610365,286
EX-00570,2024-12-17 03:33:20,ΑΝΑΙΣΘΗΣΙΑ ΓΙΑ ΗΛΕΚΤΡΟΣΠΑΣΜΟΘΕΡΑΠΕΙΑ,1532.75,Ήπια απόκλιση τιμών. Ενημερώθηκε ο θεράπων ιατρός.,01024610365,286
EX-00571,2024-12-14 06:33:20,ΑΝΑΙΣΘΗΣΙΑ ΓΙΑ ΕΝΔΟΚΡΑΝΙΑΚΕΣ ΕΠΕΜΒΑΣΕΙΣ· ΚΡΑΝΙΟΤΟΜΗ Ή ΚΡΑΝΙΕΚΤΟΜΗ ΓΙΑ ΤΗΝ ΠΑΡΟΧΕΤΕΥΣΗ ΑΙΜΑΤΩΜΑΤΟΣ,51.97,Ήπια απόκλιση τιμών. Ενημερώθηκε ο θεράπων ιατρός.,01024610365,286
EX-00572,2024-12-20 18:30:42,ΑΝΑΙΣΘΗΣΙΑ ΓΙΑ ΕΠΕΜΒΑΣΕΙΣ ΠΟΥ ΑΦΟΡΟΥΝ ΤΗ ΡΙΝΑ ΚΑΙ ΕΠΙΚΟΥΡΙΚΕΣ ΚΟΙΛΟΤΗΤΕΣ· ΡΙΖΙΚΗ ΕΠΕΜΒΑΣΗ,2369.80,Ολοκληρώθηκε χωρίς επιπλοκές.,01090729354,287
EX-00573,2024-12-24 12:30:42,ΑΝΑΙΣΘΗΣΙΑ ΓΙΑ ΕΠΕΜΒΑΣΕΙΣ ΣΧΕΤΙΚΕΣ ΜΕ ΤΗΝ ΠΛΑΣΤΙΚΗ ΔΙΟΡΘΩΣΗ ΧΕΙΛΕΟΣΧΙΣΤΙΑΣ (ΛΥΚΟΣΤΟΜΑ),2027.48,Η διαδικασία ολοκληρώθηκε ομαλά. Φυσιολογικά ευρήματα.,01090729354,287
EX-00574,2024-12-25 00:30:42,"ΑΝΑΙΣΘΗΣΙΑ ΓΙΑ ΕΠΕΜΒΑΣΕΙΣ ΠΟΥ ΑΦΟΡΟΥΝ ΤΟΥΣ ΣΙΕΛΟΓΟΝΟΥΣ ΑΔΕΝΕΣ, ΣΥΜΠΕΡΙΛΑΜΒΑΝΟΜΕΝΗΣ ΤΗΣ ΒΙΟΨΙΑΣ",264.08,Αναμένονται περαιτέρω αναλύσεις από το εργαστήριο.,01090729354,287
EX-00575,2024-12-20 02:20:15,ΑΝΑΙΣΘΗΣΙΑ ΓΙΑ ΗΛΕΚΤΡΟΣΠΑΣΜΟΘΕΡΑΠΕΙΑ,1532.75,Ήπια απόκλιση τιμών. Ενημερώθηκε ο θεράπων ιατρός.,01024610365,288
EX-00576,2024-12-20 20:20:15,ΑΝΑΙΣΘΗΣΙΑ ΓΙΑ ΕΝΔΟΚΡΑΝΙΑΚΕΣ ΕΠΕΜΒΑΣΕΙΣ· ΗΛΕΚΤΡΟΚΑΥΤΗΡΙΑΣΗ ΤΟΥ ΕΝΔΟΚΡΑΝΙΑΚΟΥ ΝΕΥΡΟΥ,2173.68,Δεν παρατηρήθηκαν παθολογικά ευρήματα κατά τον έλεγχο.,01024610365,288
EX-00577,2024-12-23 21:45:03,"ΑΝΑΙΣΘΗΣΙΑ ΓΙΑ ΕΠΕΜΒΑΣΕΙΣ ΠΟΥ ΑΦΟΡΟΥΝ ΤΟ ΕΞΩ, ΤΟ ΜΕΣΟΝ ΚΑΙ ΤΟ ΕΣΩ ΟΥΣ, ΣΥΜΠΕΡΙΛΑΜΒΑΝΟΜΕΝΗΣ ΤΗΣ ΒΙΟΨΙΑΣ· ΤΟΜΗ ΤΥΜΠΑΝΙΚΟΥ ΥΜΕΝΑ",1283.52,Αναμένονται περαιτέρω αναλύσεις από το εργαστήριο.,21017437016,289
EX-00578,2024-12-28 16:45:03,ΑΝΑΙΣΘΗΣΙΑ ΓΙΑ ΕΠΕΜΒΑΣΕΙΣ ΠΟΥ ΑΦΟΡΟΥΝ ΤΟΝ ΟΦΘΑΛΜΟ· ΔΕΝ ΠΡΟΣΔΙΟΡΙΖΕΤΑΙ ΠΕΡΑΙΤΕΡΩ,574.09,Δεν παρατηρήθηκαν παθολογικά ευρήματα κατά τον έλεγχο.,21017437016,289
EX-00579,2024-12-21 18:45:03,"ΑΝΑΙΣΘΗΣΙΑ ΓΙΑ ΕΠΕΜΒΑΣΕΙΣ ΠΟΥ ΑΦΟΡΟΥΝ ΤΟ ΕΞΩ, ΤΟ ΜΕΣΟΝ ΚΑΙ ΤΟ ΕΣΩ ΟΥΣ, ΣΥΜΠΕΡΙΛΑΜΒΑΝΟΜΕΝΗΣ ΤΗΣ ΒΙΟΨΙΑΣ· ΩΤΟΣΚΟΠΗΣΗ",2213.35,Δεν παρατηρήθηκαν παθολογικά ευρήματα κατά τον έλεγχο.,21017437016,289
EX-00580,2024-12-24 20:18:22,"ΑΝΑΙΣΘΗΣΙΑ ΓΙΑ ΕΠΕΜΒΑΣΕΙΣ ΠΟΥ ΑΦΟΡΟΥΝ ΤΟ ΕΞΩ, ΤΟ ΜΕΣΟΝ ΚΑΙ ΤΟ ΕΣΩ ΟΥΣ, ΣΥΜΠΕΡΙΛΑΜΒΑΝΟΜΕΝΗΣ ΤΗΣ ΒΙΟΨΙΑΣ· ΔΕΝ ΠΡΟΣΔΙΟΡΙΖΕΤΑΙ ΠΕΡΑΙΤΕΡΩ",795.29,Η διαδικασία ολοκληρώθηκε ομαλά. Φυσιολογικά ευρήματα.,03056595064,290
EX-00581,2025-01-03 15:18:22,ΑΝΑΙΣΘΗΣΙΑ ΓΙΑ ΕΝΔΟΚΡΑΝΙΑΚΕΣ ΕΠΕΜΒΑΣΕΙΣ· ΗΛΕΚΤΡΟΚΑΥΤΗΡΙΑΣΗ ΤΟΥ ΕΝΔΟΚΡΑΝΙΑΚΟΥ ΝΕΥΡΟΥ,2173.68,Αναμένονται περαιτέρω αναλύσεις από το εργαστήριο.,03056595064,290
EX-00582,2024-12-27 22:18:22,ΑΝΑΙΣΘΗΣΙΑ ΓΙΑ ΕΠΕΜΒΑΣΕΙΣ ΠΟΥ ΑΦΟΡΟΥΝ ΤΗ ΡΙΝΑ ΚΑΙ ΕΠΙΚΟΥΡΙΚΕΣ ΚΟΙΛΟΤΗΤΕΣ· ΡΙΖΙΚΗ ΕΠΕΜΒΑΣΗ,2369.80,Ήπια απόκλιση τιμών. Ενημερώθηκε ο θεράπων ιατρός.,03056595064,290
EX-00583,2025-01-04 23:54:02,ΑΝΑΙΣΘΗΣΙΑ ΓΙΑ ΕΠΕΜΒΑΣΕΙΣ ΠΟΥ ΑΦΟΡΟΥΝ ΤΗ ΡΙΝΑ ΚΑΙ ΕΠΙΚΟΥΡΙΚΕΣ ΚΟΙΛΟΤΗΤΕΣ· ΡΙΖΙΚΗ ΕΠΕΜΒΑΣΗ,2369.80,Ήπια απόκλιση τιμών. Ενημερώθηκε ο θεράπων ιατρός.,02078042045,291
EX-00584,2025-01-18 09:58:59,ΑΝΑΙΣΘΗΣΙΑ ΓΙΑ ΕΠΕΜΒΑΣΕΙΣ ΠΟΥ ΑΦΟΡΟΥΝ ΤΟΝ ΟΦΘΑΛΜΟ· ΔΕΝ ΠΡΟΣΔΙΟΡΙΖΕΤΑΙ ΠΕΡΑΙΤΕΡΩ,574.09,Ολοκληρώθηκε χωρίς επιπλοκές.,19029051436,292
EX-00585,2025-01-13 01:59:25,ΑΝΑΙΣΘΗΣΙΑ ΓΙΑ ΕΠΕΜΒΑΣΕΙΣ ΠΟΥ ΑΦΟΡΟΥΝ ΤΗ ΡΙΝΑ ΚΑΙ ΕΠΙΚΟΥΡΙΚΕΣ ΚΟΙΛΟΤΗΤΕΣ· ΡΙΖΙΚΗ ΕΠΕΜΒΑΣΗ,2369.80,Η διαδικασία ολοκληρώθηκε ομαλά. Φυσιολογικά ευρήματα.,03049296161,293
EX-00586,2025-01-12 22:59:25,ΑΝΑΙΣΘΗΣΙΑ ΓΙΑ ΕΠΕΜΒΑΣΕΙΣ ΕΠΑΝΟΡΘΩΤΙΚΗΣ ΧΕΙΡΟΥΡΓΙΚΗΣ ΒΛΕΦΑΡΩΝ (Π.Χ. ΒΛΕΦΑΡΟΠΛΑΣΤΙΚΗ ΕΓΧΕΙΡΗΣΗ ΒΛΕΦΑΡΟΠΤΩΣΗΣ),2236.35,Αναμένονται περαιτέρω αναλύσεις από το εργαστήριο.,03049296161,293
EX-00587,2025-02-06 04:15:02,"ΑΝΑΙΣΘΗΣΙΑ ΓΙΑ ΕΠΕΜΒΑΣΕΙΣ ΠΟΥ ΑΦΟΡΟΥΝ ΤΟΥΣ ΣΙΕΛΟΓΟΝΟΥΣ ΑΔΕΝΕΣ, ΣΥΜΠΕΡΙΛΑΜΒΑΝΟΜΕΝΗΣ ΤΗΣ ΒΙΟΨΙΑΣ",264.08,Δεν παρατηρήθηκαν παθολογικά ευρήματα κατά τον έλεγχο.,22040585135,294
EX-00588,2025-01-30 18:15:02,ΑΝΑΙΣΘΗΣΙΑ ΓΙΑ ΕΠΕΜΒΑΣΕΙΣ ΣΧΕΤΙΚΕΣ ΜΕ ΤΗΝ ΠΛΑΣΤΙΚΗ ΔΙΟΡΘΩΣΗ ΧΕΙΛΕΟΣΧΙΣΤΙΑΣ (ΛΥΚΟΣΤΟΜΑ),2027.48,Ήπια απόκλιση τιμών. Ενημερώθηκε ο θεράπων ιατρός.,22040585135,294
EX-00589,2025-01-28 00:15:02,ΑΝΑΙΣΘΗΣΙΑ ΓΙΑ ΗΛΕΚΤΡΟΣΠΑΣΜΟΘΕΡΑΠΕΙΑ,1532.75,Αναμένονται περαιτέρω αναλύσεις από το εργαστήριο.,22040585135,294
EX-00590,2025-02-07 15:19:29,ΑΝΑΙΣΘΗΣΙΑ ΓΙΑ ΕΠΕΜΒΑΣΕΙΣ ΠΟΥ ΑΦΟΡΟΥΝ ΤΗ ΡΙΝΑ ΚΑΙ ΕΠΙΚΟΥΡΙΚΕΣ ΚΟΙΛΟΤΗΤΕΣ· ΡΙΖΙΚΗ ΕΠΕΜΒΑΣΗ,2369.80,Η διαδικασία ολοκληρώθηκε ομαλά. Φυσιολογικά ευρήματα.,27099728378,295
EX-00591,2025-01-31 07:42:30,"ΑΝΑΙΣΘΗΣΙΑ ΓΙΑ ΕΠΕΜΒΑΣΕΙΣ ΠΟΥ ΑΦΟΡΟΥΝ ΤΟΥΣ ΣΙΕΛΟΓΟΝΟΥΣ ΑΔΕΝΕΣ, ΣΥΜΠΕΡΙΛΑΜΒΑΝΟΜΕΝΗΣ ΤΗΣ ΒΙΟΨΙΑΣ",264.08,Αναμένονται περαιτέρω αναλύσεις από το εργαστήριο.,03049296161,296
EX-00592,2025-02-07 13:31:37,ΑΝΑΙΣΘΗΣΙΑ ΓΙΑ ΕΠΕΜΒΑΣΕΙΣ ΠΟΥ ΑΦΟΡΟΥΝ ΤΟΝ ΟΦΘΑΛΜΟ· ΔΕΝ ΠΡΟΣΔΙΟΡΙΖΕΤΑΙ ΠΕΡΑΙΤΕΡΩ,574.09,Ήπια απόκλιση τιμών. Ενημερώθηκε ο θεράπων ιατρός.,06126222477,297
EX-00593,2025-02-02 22:31:37,ΑΝΑΙΣΘΗΣΙΑ ΓΙΑ ΕΠΕΜΒΑΣΕΙΣ ΠΟΥ ΑΦΟΡΟΥΝ ΤΟΝ ΟΦΘΑΛΜΟ· ΧΕΙΡΟΥΡΓΙΚΗ ΦΑΚΩΝ,1156.04,Ήπια απόκλιση τιμών. Ενημερώθηκε ο θεράπων ιατρός.,06126222477,297
EX-00594,2025-02-06 05:31:37,ΑΝΑΙΣΘΗΣΙΑ ΓΙΑ ΗΛΕΚΤΡΟΣΠΑΣΜΟΘΕΡΑΠΕΙΑ,1532.75,Ολοκληρώθηκε χωρίς επιπλοκές.,06126222477,297
EX-00595,2025-02-03 09:50:21,"ΑΝΑΙΣΘΗΣΙΑ ΓΙΑ ΕΠΕΜΒΑΣΕΙΣ ΠΟΥ ΑΦΟΡΟΥΝ ΤΟΥΣ ΣΙΕΛΟΓΟΝΟΥΣ ΑΔΕΝΕΣ, ΣΥΜΠΕΡΙΛΑΜΒΑΝΟΜΕΝΗΣ ΤΗΣ ΒΙΟΨΙΑΣ",264.08,Ήπια απόκλιση τιμών. Ενημερώθηκε ο θεράπων ιατρός.,15124501431,298
EX-00596,2025-02-06 05:36:13,ΑΝΑΙΣΘΗΣΙΑ ΓΙΑ ΕΠΕΜΒΑΣΕΙΣ ΕΠΑΝΟΡΘΩΤΙΚΗΣ ΧΕΙΡΟΥΡΓΙΚΗΣ ΒΛΕΦΑΡΩΝ (Π.Χ. ΒΛΕΦΑΡΟΠΛΑΣΤΙΚΗ ΕΓΧΕΙΡΗΣΗ ΒΛΕΦΑΡΟΠΤΩΣΗΣ),2236.35,Δεν παρατηρήθηκαν παθολογικά ευρήματα κατά τον έλεγχο.,09066167650,299
EX-00597,2025-02-06 15:36:13,ΑΝΑΙΣΘΗΣΙΑ ΓΙΑ ΕΠΕΜΒΑΣΕΙΣ ΠΟΥ ΑΦΟΡΟΥΝ ΤΟΝ ΟΦΘΑΛΜΟ· ΧΕΙΡΟΥΡΓΙΚΗ ΦΑΚΩΝ,1156.04,Ολοκληρώθηκε χωρίς επιπλοκές.,09066167650,299
EX-00598,2025-02-09 20:35:41,ΑΝΑΙΣΘΗΣΙΑ ΓΙΑ ΕΠΕΜΒΑΣΕΙΣ ΣΧΕΤΙΚΕΣ ΜΕ ΤΗΝ ΠΛΑΣΤΙΚΗ ΔΙΟΡΘΩΣΗ ΧΕΙΛΕΟΣΧΙΣΤΙΑΣ (ΛΥΚΟΣΤΟΜΑ),2027.48,Ήπια απόκλιση τιμών. Ενημερώθηκε ο θεράπων ιατρός.,04025648413,300
EX-00599,2025-02-09 12:35:41,ΑΝΑΙΣΘΗΣΙΑ ΓΙΑ ΕΠΕΜΒΑΣΕΙΣ ΕΠΑΝΟΡΘΩΤΙΚΗΣ ΧΕΙΡΟΥΡΓΙΚΗΣ ΒΛΕΦΑΡΩΝ (Π.Χ. ΒΛΕΦΑΡΟΠΛΑΣΤΙΚΗ ΕΓΧΕΙΡΗΣΗ ΒΛΕΦΑΡΟΠΤΩΣΗΣ),2236.35,Ήπια απόκλιση τιμών. Ενημερώθηκε ο θεράπων ιατρός.,04025648413,300
EX-00600,2025-02-11 06:35:41,ΑΝΑΙΣΘΗΣΙΑ ΓΙΑ ΕΠΕΜΒΑΣΕΙΣ ΠΟΥ ΑΦΟΡΟΥΝ ΤΗ ΡΙΝΑ ΚΑΙ ΕΠΙΚΟΥΡΙΚΕΣ ΚΟΙΛΟΤΗΤΕΣ· ΡΙΖΙΚΗ ΕΠΕΜΒΑΣΗ,2369.80,Αναμένονται περαιτέρω αναλύσεις από το εργαστήριο.,04025648413,300
EX-00601,2025-02-25 03:18:47,"ΑΝΑΙΣΘΗΣΙΑ ΓΙΑ ΕΠΕΜΒΑΣΕΙΣ ΠΟΥ ΑΦΟΡΟΥΝ ΤΟ ΕΞΩ, ΤΟ ΜΕΣΟΝ ΚΑΙ ΤΟ ΕΣΩ ΟΥΣ, ΣΥΜΠΕΡΙΛΑΜΒΑΝΟΜΕΝΗΣ ΤΗΣ ΒΙΟΨΙΑΣ· ΔΕΝ ΠΡΟΣΔΙΟΡΙΖΕΤΑΙ ΠΕΡΑΙΤΕΡΩ",795.29,Η διαδικασία ολοκληρώθηκε ομαλά. Φυσιολογικά ευρήματα.,07044341149,301
EX-00602,2025-02-24 23:18:47,ΑΝΑΙΣΘΗΣΙΑ ΓΙΑ ΕΠΕΜΒΑΣΕΙΣ ΣΧΕΤΙΚΕΣ ΜΕ ΤΗΝ ΠΛΑΣΤΙΚΗ ΔΙΟΡΘΩΣΗ ΧΕΙΛΕΟΣΧΙΣΤΙΑΣ (ΛΥΚΟΣΤΟΜΑ),2027.48,Αναμένονται περαιτέρω αναλύσεις από το εργαστήριο.,07044341149,301
EX-00603,2025-02-22 01:54:01,ΑΝΑΙΣΘΗΣΙΑ ΓΙΑ ΕΠΕΜΒΑΣΕΙΣ ΠΟΥ ΑΦΟΡΟΥΝ ΤΟΝ ΟΦΘΑΛΜΟ· ΔΕΝ ΠΡΟΣΔΙΟΡΙΖΕΤΑΙ ΠΕΡΑΙΤΕΡΩ,574.09,Αναμένονται περαιτέρω αναλύσεις από το εργαστήριο.,28026692058,302
EX-00604,2025-02-23 11:54:01,ΑΝΑΙΣΘΗΣΙΑ ΓΙΑ ΕΝΔΟΚΡΑΝΙΑΚΕΣ ΕΠΕΜΒΑΣΕΙΣ· ΗΛΕΚΤΡΟΚΑΥΤΗΡΙΑΣΗ ΤΟΥ ΕΝΔΟΚΡΑΝΙΑΚΟΥ ΝΕΥΡΟΥ,2173.68,Αναμένονται περαιτέρω αναλύσεις από το εργαστήριο.,28026692058,302
EX-00605,2025-02-20 21:54:01,"ΑΝΑΙΣΘΗΣΙΑ ΓΙΑ ΕΠΕΜΒΑΣΕΙΣ ΠΟΥ ΑΦΟΡΟΥΝ ΤΟΥΣ ΣΙΕΛΟΓΟΝΟΥΣ ΑΔΕΝΕΣ, ΣΥΜΠΕΡΙΛΑΜΒΑΝΟΜΕΝΗΣ ΤΗΣ ΒΙΟΨΙΑΣ",264.08,Η διαδικασία ολοκληρώθηκε ομαλά. Φυσιολογικά ευρήματα.,28026692058,302
EX-00606,2025-02-23 09:06:28,ΑΝΑΙΣΘΗΣΙΑ ΓΙΑ ΕΝΔΟΚΡΑΝΙΑΚΕΣ ΕΠΕΜΒΑΣΕΙΣ· ΚΡΑΝΙΟΤΟΜΗ Ή ΚΡΑΝΙΕΚΤΟΜΗ ΓΙΑ ΤΗΝ ΠΑΡΟΧΕΤΕΥΣΗ ΑΙΜΑΤΩΜΑΤΟΣ,51.97,Δεν παρατηρήθηκαν παθολογικά ευρήματα κατά τον έλεγχο.,17075032006,303
EX-00607,2025-02-25 05:06:28,ΑΝΑΙΣΘΗΣΙΑ ΓΙΑ ΕΝΔΟΚΡΑΝΙΑΚΕΣ ΕΠΕΜΒΑΣΕΙΣ· ΚΡΑΝΙΟΤΟΜΗ Ή ΚΡΑΝΙΕΚΤΟΜΗ ΓΙΑ ΤΗΝ ΠΑΡΟΧΕΤΕΥΣΗ ΑΙΜΑΤΩΜΑΤΟΣ,51.97,Δεν παρατηρήθηκαν παθολογικά ευρήματα κατά τον έλεγχο.,17075032006,303
EX-00608,2025-02-25 02:06:28,"ΑΝΑΙΣΘΗΣΙΑ ΓΙΑ ΕΠΕΜΒΑΣΕΙΣ ΠΟΥ ΑΦΟΡΟΥΝ ΤΟΥΣ ΣΙΕΛΟΓΟΝΟΥΣ ΑΔΕΝΕΣ, ΣΥΜΠΕΡΙΛΑΜΒΑΝΟΜΕΝΗΣ ΤΗΣ ΒΙΟΨΙΑΣ",264.08,Αναμένονται περαιτέρω αναλύσεις από το εργαστήριο.,17075032006,303
EX-00609,2025-03-01 17:50:47,ΑΝΑΙΣΘΗΣΙΑ ΓΙΑ ΕΠΕΜΒΑΣΕΙΣ ΠΟΥ ΑΦΟΡΟΥΝ ΤΟΝ ΟΦΘΑΛΜΟ· ΔΕΝ ΠΡΟΣΔΙΟΡΙΖΕΤΑΙ ΠΕΡΑΙΤΕΡΩ,574.09,Δεν παρατηρήθηκαν παθολογικά ευρήματα κατά τον έλεγχο.,08119651767,304
EX-00610,2025-03-02 22:50:47,ΑΝΑΙΣΘΗΣΙΑ ΓΙΑ ΕΝΔΟΚΡΑΝΙΑΚΕΣ ΕΠΕΜΒΑΣΕΙΣ· ΚΡΑΝΙΟΤΟΜΗ Ή ΚΡΑΝΙΕΚΤΟΜΗ ΓΙΑ ΤΗΝ ΠΑΡΟΧΕΤΕΥΣΗ ΑΙΜΑΤΩΜΑΤΟΣ,51.97,Ολοκληρώθηκε χωρίς επιπλοκές.,08119651767,304
EX-00611,2025-03-01 11:53:47,"ΑΝΑΙΣΘΗΣΙΑ ΓΙΑ ΕΠΕΜΒΑΣΕΙΣ ΠΟΥ ΑΦΟΡΟΥΝ ΤΟΥΣ ΣΙΕΛΟΓΟΝΟΥΣ ΑΔΕΝΕΣ, ΣΥΜΠΕΡΙΛΑΜΒΑΝΟΜΕΝΗΣ ΤΗΣ ΒΙΟΨΙΑΣ",264.08,Ήπια απόκλιση τιμών. Ενημερώθηκε ο θεράπων ιατρός.,29049732701,305
EX-00612,2025-03-01 16:19:00,ΑΝΑΙΣΘΗΣΙΑ ΓΙΑ ΕΠΕΜΒΑΣΕΙΣ ΠΟΥ ΑΦΟΡΟΥΝ ΤΟΝ ΟΦΘΑΛΜΟ· ΔΕΝ ΠΡΟΣΔΙΟΡΙΖΕΤΑΙ ΠΕΡΑΙΤΕΡΩ,574.09,Η διαδικασία ολοκληρώθηκε ομαλά. Φυσιολογικά ευρήματα.,11087946135,306
EX-00613,2025-02-28 07:19:00,"ΑΝΑΙΣΘΗΣΙΑ ΓΙΑ ΕΠΕΜΒΑΣΕΙΣ ΠΟΥ ΑΦΟΡΟΥΝ ΤΟ ΕΞΩ, ΤΟ ΜΕΣΟΝ ΚΑΙ ΤΟ ΕΣΩ ΟΥΣ, ΣΥΜΠΕΡΙΛΑΜΒΑΝΟΜΕΝΗΣ ΤΗΣ ΒΙΟΨΙΑΣ· ΩΤΟΣΚΟΠΗΣΗ",2213.35,Αναμένονται περαιτέρω αναλύσεις από το εργαστήριο.,11087946135,306
EX-00614,2025-03-08 03:11:18,ΑΝΑΙΣΘΗΣΙΑ ΓΙΑ ΕΠΕΜΒΑΣΕΙΣ ΠΟΥ ΑΦΟΡΟΥΝ ΤΟΝ ΟΦΘΑΛΜΟ· ΧΕΙΡΟΥΡΓΙΚΗ ΦΑΚΩΝ,1156.04,Αναμένονται περαιτέρω αναλύσεις από το εργαστήριο.,13060666813,307
EX-00615,2025-03-06 15:11:18,ΑΝΑΙΣΘΗΣΙΑ ΓΙΑ ΕΠΕΜΒΑΣΕΙΣ ΕΠΑΝΟΡΘΩΤΙΚΗΣ ΧΕΙΡΟΥΡΓΙΚΗΣ ΒΛΕΦΑΡΩΝ (Π.Χ. ΒΛΕΦΑΡΟΠΛΑΣΤΙΚΗ ΕΓΧΕΙΡΗΣΗ ΒΛΕΦΑΡΟΠΤΩΣΗΣ),2236.35,Η διαδικασία ολοκληρώθηκε ομαλά. Φυσιολογικά ευρήματα.,13060666813,307
EX-00616,2025-03-06 19:11:18,"ΑΝΑΙΣΘΗΣΙΑ ΓΙΑ ΕΠΕΜΒΑΣΕΙΣ ΠΟΥ ΑΦΟΡΟΥΝ ΤΟΥΣ ΣΙΕΛΟΓΟΝΟΥΣ ΑΔΕΝΕΣ, ΣΥΜΠΕΡΙΛΑΜΒΑΝΟΜΕΝΗΣ ΤΗΣ ΒΙΟΨΙΑΣ",264.08,Αναμένονται περαιτέρω αναλύσεις από το εργαστήριο.,13060666813,307
EX-00617,2025-03-13 20:25:34,"ΑΝΑΙΣΘΗΣΙΑ ΓΙΑ ΕΠΕΜΒΑΣΕΙΣ ΠΟΥ ΑΦΟΡΟΥΝ ΤΟ ΕΞΩ, ΤΟ ΜΕΣΟΝ ΚΑΙ ΤΟ ΕΣΩ ΟΥΣ, ΣΥΜΠΕΡΙΛΑΜΒΑΝΟΜΕΝΗΣ ΤΗΣ ΒΙΟΨΙΑΣ· ΤΟΜΗ ΤΥΜΠΑΝΙΚΟΥ ΥΜΕΝΑ",1283.52,Αναμένονται περαιτέρω αναλύσεις από το εργαστήριο.,09066167650,308
EX-00618,2025-03-12 18:25:34,"ΑΝΑΙΣΘΗΣΙΑ ΓΙΑ ΕΠΕΜΒΑΣΕΙΣ ΠΟΥ ΑΦΟΡΟΥΝ ΤΟ ΕΞΩ, ΤΟ ΜΕΣΟΝ ΚΑΙ ΤΟ ΕΣΩ ΟΥΣ, ΣΥΜΠΕΡΙΛΑΜΒΑΝΟΜΕΝΗΣ ΤΗΣ ΒΙΟΨΙΑΣ· ΩΤΟΣΚΟΠΗΣΗ",2213.35,Η διαδικασία ολοκληρώθηκε ομαλά. Φυσιολογικά ευρήματα.,09066167650,308
EX-00619,2025-03-11 10:27:17,ΑΝΑΙΣΘΗΣΙΑ ΓΙΑ ΕΠΕΜΒΑΣΕΙΣ ΕΠΑΝΟΡΘΩΤΙΚΗΣ ΧΕΙΡΟΥΡΓΙΚΗΣ ΒΛΕΦΑΡΩΝ (Π.Χ. ΒΛΕΦΑΡΟΠΛΑΣΤΙΚΗ ΕΓΧΕΙΡΗΣΗ ΒΛΕΦΑΡΟΠΤΩΣΗΣ),2236.35,Ήπια απόκλιση τιμών. Ενημερώθηκε ο θεράπων ιατρός.,22115865680,309
EX-00620,2025-03-10 21:27:17,ΑΝΑΙΣΘΗΣΙΑ ΓΙΑ ΕΠΕΜΒΑΣΕΙΣ ΠΟΥ ΑΦΟΡΟΥΝ ΤΟΝ ΟΦΘΑΛΜΟ· ΧΕΙΡΟΥΡΓΙΚΗ ΦΑΚΩΝ,1156.04,Ήπια απόκλιση τιμών. Ενημερώθηκε ο θεράπων ιατρός.,22115865680,309
EX-00621,2025-03-19 16:38:40,"ΑΝΑΙΣΘΗΣΙΑ ΓΙΑ ΕΠΕΜΒΑΣΕΙΣ ΠΟΥ ΑΦΟΡΟΥΝ ΤΟΥΣ ΣΙΕΛΟΓΟΝΟΥΣ ΑΔΕΝΕΣ, ΣΥΜΠΕΡΙΛΑΜΒΑΝΟΜΕΝΗΣ ΤΗΣ ΒΙΟΨΙΑΣ",264.08,Αναμένονται περαιτέρω αναλύσεις από το εργαστήριο.,15124501431,310
EX-00622,2025-03-15 22:02:04,"ΑΝΑΙΣΘΗΣΙΑ ΓΙΑ ΕΠΕΜΒΑΣΕΙΣ ΠΟΥ ΑΦΟΡΟΥΝ ΤΟΥΣ ΣΙΕΛΟΓΟΝΟΥΣ ΑΔΕΝΕΣ, ΣΥΜΠΕΡΙΛΑΜΒΑΝΟΜΕΝΗΣ ΤΗΣ ΒΙΟΨΙΑΣ",264.08,Αναμένονται περαιτέρω αναλύσεις από το εργαστήριο.,21119438801,311
EX-00623,2025-03-19 17:58:58,ΑΝΑΙΣΘΗΣΙΑ ΓΙΑ ΕΠΕΜΒΑΣΕΙΣ ΠΟΥ ΑΦΟΡΟΥΝ ΤΟΝ ΟΦΘΑΛΜΟ· ΔΕΝ ΠΡΟΣΔΙΟΡΙΖΕΤΑΙ ΠΕΡΑΙΤΕΡΩ,574.09,Ήπια απόκλιση τιμών. Ενημερώθηκε ο θεράπων ιατρός.,13119759342,312
EX-00624,2025-03-19 20:15:33,ΑΝΑΙΣΘΗΣΙΑ ΓΙΑ ΕΠΕΜΒΑΣΕΙΣ ΕΠΑΝΟΡΘΩΤΙΚΗΣ ΧΕΙΡΟΥΡΓΙΚΗΣ ΒΛΕΦΑΡΩΝ (Π.Χ. ΒΛΕΦΑΡΟΠΛΑΣΤΙΚΗ ΕΓΧΕΙΡΗΣΗ ΒΛΕΦΑΡΟΠΤΩΣΗΣ),2236.35,Ολοκληρώθηκε χωρίς επιπλοκές.,22120477375,313
EX-00625,2025-03-20 23:15:33,ΑΝΑΙΣΘΗΣΙΑ ΓΙΑ ΕΠΕΜΒΑΣΕΙΣ ΣΧΕΤΙΚΕΣ ΜΕ ΤΗΝ ΠΛΑΣΤΙΚΗ ΔΙΟΡΘΩΣΗ ΧΕΙΛΕΟΣΧΙΣΤΙΑΣ (ΛΥΚΟΣΤΟΜΑ),2027.48,Δεν παρατηρήθηκαν παθολογικά ευρήματα κατά τον έλεγχο.,22120477375,313
EX-00626,2025-03-20 23:16:36,ΑΝΑΙΣΘΗΣΙΑ ΓΙΑ ΕΠΕΜΒΑΣΕΙΣ ΠΟΥ ΑΦΟΡΟΥΝ ΤΟΝ ΟΦΘΑΛΜΟ· ΧΕΙΡΟΥΡΓΙΚΗ ΦΑΚΩΝ,1156.04,Ήπια απόκλιση τιμών. Ενημερώθηκε ο θεράπων ιατρός.,10089737527,314
EX-00627,2025-03-20 23:06:52,ΑΝΑΙΣΘΗΣΙΑ ΓΙΑ ΕΠΕΜΒΑΣΕΙΣ ΕΠΑΝΟΡΘΩΤΙΚΗΣ ΧΕΙΡΟΥΡΓΙΚΗΣ ΒΛΕΦΑΡΩΝ (Π.Χ. ΒΛΕΦΑΡΟΠΛΑΣΤΙΚΗ ΕΓΧΕΙΡΗΣΗ ΒΛΕΦΑΡΟΠΤΩΣΗΣ),2236.35,Δεν παρατηρήθηκαν παθολογικά ευρήματα κατά τον έλεγχο.,16118595442,315
EX-00628,2025-03-27 04:06:52,ΑΝΑΙΣΘΗΣΙΑ ΓΙΑ ΕΠΕΜΒΑΣΕΙΣ ΠΟΥ ΑΦΟΡΟΥΝ ΤΟΝ ΟΦΘΑΛΜΟ· ΧΕΙΡΟΥΡΓΙΚΗ ΦΑΚΩΝ,1156.04,Αναμένονται περαιτέρω αναλύσεις από το εργαστήριο.,16118595442,315
EX-00629,2025-04-03 11:51:02,"ΑΝΑΙΣΘΗΣΙΑ ΓΙΑ ΕΠΕΜΒΑΣΕΙΣ ΠΟΥ ΑΦΟΡΟΥΝ ΤΟ ΕΞΩ, ΤΟ ΜΕΣΟΝ ΚΑΙ ΤΟ ΕΣΩ ΟΥΣ, ΣΥΜΠΕΡΙΛΑΜΒΑΝΟΜΕΝΗΣ ΤΗΣ ΒΙΟΨΙΑΣ· ΩΤΟΣΚΟΠΗΣΗ",2213.35,Αναμένονται περαιτέρω αναλύσεις από το εργαστήριο.,28026692058,316
EX-00630,2025-03-27 10:51:02,ΑΝΑΙΣΘΗΣΙΑ ΓΙΑ ΕΠΕΜΒΑΣΕΙΣ ΠΟΥ ΑΦΟΡΟΥΝ ΤΗ ΡΙΝΑ ΚΑΙ ΕΠΙΚΟΥΡΙΚΕΣ ΚΟΙΛΟΤΗΤΕΣ· ΡΙΖΙΚΗ ΕΠΕΜΒΑΣΗ,2369.80,Ολοκληρώθηκε χωρίς επιπλοκές.,28026692058,316
EX-00631,2025-03-28 12:24:33,ΑΝΑΙΣΘΗΣΙΑ ΓΙΑ ΕΠΕΜΒΑΣΕΙΣ ΕΠΑΝΟΡΘΩΤΙΚΗΣ ΧΕΙΡΟΥΡΓΙΚΗΣ ΒΛΕΦΑΡΩΝ (Π.Χ. ΒΛΕΦΑΡΟΠΛΑΣΤΙΚΗ ΕΓΧΕΙΡΗΣΗ ΒΛΕΦΑΡΟΠΤΩΣΗΣ),2236.35,Δεν παρατηρήθηκαν παθολογικά ευρήματα κατά τον έλεγχο.,23056691943,317
EX-00632,2025-03-28 16:24:33,ΑΝΑΙΣΘΗΣΙΑ ΓΙΑ ΕΝΔΟΚΡΑΝΙΑΚΕΣ ΕΠΕΜΒΑΣΕΙΣ· ΗΛΕΚΤΡΟΚΑΥΤΗΡΙΑΣΗ ΤΟΥ ΕΝΔΟΚΡΑΝΙΑΚΟΥ ΝΕΥΡΟΥ,2173.68,Αναμένονται περαιτέρω αναλύσεις από το εργαστήριο.,23056691943,317
EX-00633,2025-03-30 03:24:33,ΑΝΑΙΣΘΗΣΙΑ ΓΙΑ ΕΠΕΜΒΑΣΕΙΣ ΠΟΥ ΑΦΟΡΟΥΝ ΤΟΝ ΟΦΘΑΛΜΟ· ΧΕΙΡΟΥΡΓΙΚΗ ΦΑΚΩΝ,1156.04,Δεν παρατηρήθηκαν παθολογικά ευρήματα κατά τον έλεγχο.,23056691943,317
EX-00634,2025-04-01 06:22:17,ΑΝΑΙΣΘΗΣΙΑ ΓΙΑ ΗΛΕΚΤΡΟΣΠΑΣΜΟΘΕΡΑΠΕΙΑ,1532.75,Ήπια απόκλιση τιμών. Ενημερώθηκε ο θεράπων ιατρός.,23026866049,318
EX-00635,2025-04-02 01:22:17,ΑΝΑΙΣΘΗΣΙΑ ΓΙΑ ΗΛΕΚΤΡΟΣΠΑΣΜΟΘΕΡΑΠΕΙΑ,1532.75,Αναμένονται περαιτέρω αναλύσεις από το εργαστήριο.,23026866049,318
EX-00636,2025-04-04 10:22:17,ΑΝΑΙΣΘΗΣΙΑ ΓΙΑ ΕΠΕΜΒΑΣΕΙΣ ΠΟΥ ΑΦΟΡΟΥΝ ΤΟΝ ΟΦΘΑΛΜΟ· ΧΕΙΡΟΥΡΓΙΚΗ ΦΑΚΩΝ,1156.04,Αναμένονται περαιτέρω αναλύσεις από το εργαστήριο.,23026866049,318
EX-00637,2025-04-11 17:01:42,"ΑΝΑΙΣΘΗΣΙΑ ΓΙΑ ΕΠΕΜΒΑΣΕΙΣ ΠΟΥ ΑΦΟΡΟΥΝ ΤΟ ΕΞΩ, ΤΟ ΜΕΣΟΝ ΚΑΙ ΤΟ ΕΣΩ ΟΥΣ, ΣΥΜΠΕΡΙΛΑΜΒΑΝΟΜΕΝΗΣ ΤΗΣ ΒΙΟΨΙΑΣ· ΩΤΟΣΚΟΠΗΣΗ",2213.35,Δεν παρατηρήθηκαν παθολογικά ευρήματα κατά τον έλεγχο.,17075032006,319
EX-00638,2025-04-10 03:01:42,"ΑΝΑΙΣΘΗΣΙΑ ΓΙΑ ΕΠΕΜΒΑΣΕΙΣ ΠΟΥ ΑΦΟΡΟΥΝ ΤΟΥΣ ΣΙΕΛΟΓΟΝΟΥΣ ΑΔΕΝΕΣ, ΣΥΜΠΕΡΙΛΑΜΒΑΝΟΜΕΝΗΣ ΤΗΣ ΒΙΟΨΙΑΣ",264.08,Ολοκληρώθηκε χωρίς επιπλοκές.,17075032006,319
EX-00639,2025-04-02 19:01:42,ΑΝΑΙΣΘΗΣΙΑ ΓΙΑ ΗΛΕΚΤΡΟΣΠΑΣΜΟΘΕΡΑΠΕΙΑ,1532.75,Αναμένονται περαιτέρω αναλύσεις από το εργαστήριο.,17075032006,319
EX-00640,2025-04-05 23:07:37,ΑΝΑΙΣΘΗΣΙΑ ΓΙΑ ΕΝΔΟΚΡΑΝΙΑΚΕΣ ΕΠΕΜΒΑΣΕΙΣ· ΚΡΑΝΙΟΤΟΜΗ Ή ΚΡΑΝΙΕΚΤΟΜΗ ΓΙΑ ΤΗΝ ΠΑΡΟΧΕΤΕΥΣΗ ΑΙΜΑΤΩΜΑΤΟΣ,51.97,Ολοκληρώθηκε χωρίς επιπλοκές.,05068650481,320
EX-00641,2025-04-05 04:07:37,ΑΝΑΙΣΘΗΣΙΑ ΓΙΑ ΕΠΕΜΒΑΣΕΙΣ ΠΟΥ ΑΦΟΡΟΥΝ ΤΗ ΡΙΝΑ ΚΑΙ ΕΠΙΚΟΥΡΙΚΕΣ ΚΟΙΛΟΤΗΤΕΣ· ΡΙΖΙΚΗ ΕΠΕΜΒΑΣΗ,2369.80,Ολοκληρώθηκε χωρίς επιπλοκές.,05068650481,320
EX-00642,2025-04-07 02:07:37,"ΑΝΑΙΣΘΗΣΙΑ ΓΙΑ ΕΠΕΜΒΑΣΕΙΣ ΠΟΥ ΑΦΟΡΟΥΝ ΤΟ ΕΞΩ, ΤΟ ΜΕΣΟΝ ΚΑΙ ΤΟ ΕΣΩ ΟΥΣ, ΣΥΜΠΕΡΙΛΑΜΒΑΝΟΜΕΝΗΣ ΤΗΣ ΒΙΟΨΙΑΣ· ΤΟΜΗ ΤΥΜΠΑΝΙΚΟΥ ΥΜΕΝΑ",1283.52,Ήπια απόκλιση τιμών. Ενημερώθηκε ο θεράπων ιατρός.,05068650481,320
EX-00643,2025-04-07 22:25:41,ΑΝΑΙΣΘΗΣΙΑ ΓΙΑ ΕΠΕΜΒΑΣΕΙΣ ΠΟΥ ΑΦΟΡΟΥΝ ΤΟΝ ΟΦΘΑΛΜΟ· ΔΕΝ ΠΡΟΣΔΙΟΡΙΖΕΤΑΙ ΠΕΡΑΙΤΕΡΩ,574.09,Ήπια απόκλιση τιμών. Ενημερώθηκε ο θεράπων ιατρός.,11087946135,321
EX-00644,2025-04-07 04:25:41,ΑΝΑΙΣΘΗΣΙΑ ΓΙΑ ΕΠΕΜΒΑΣΕΙΣ ΕΠΑΝΟΡΘΩΤΙΚΗΣ ΧΕΙΡΟΥΡΓΙΚΗΣ ΒΛΕΦΑΡΩΝ (Π.Χ. ΒΛΕΦΑΡΟΠΛΑΣΤΙΚΗ ΕΓΧΕΙΡΗΣΗ ΒΛΕΦΑΡΟΠΤΩΣΗΣ),2236.35,Δεν παρατηρήθηκαν παθολογικά ευρήματα κατά τον έλεγχο.,11087946135,321
EX-00645,2025-04-06 11:25:41,ΑΝΑΙΣΘΗΣΙΑ ΓΙΑ ΕΠΕΜΒΑΣΕΙΣ ΕΠΑΝΟΡΘΩΤΙΚΗΣ ΧΕΙΡΟΥΡΓΙΚΗΣ ΒΛΕΦΑΡΩΝ (Π.Χ. ΒΛΕΦΑΡΟΠΛΑΣΤΙΚΗ ΕΓΧΕΙΡΗΣΗ ΒΛΕΦΑΡΟΠΤΩΣΗΣ),2236.35,Δεν παρατηρήθηκαν παθολογικά ευρήματα κατά τον έλεγχο.,11087946135,321
EX-00646,2025-04-10 09:57:29,ΑΝΑΙΣΘΗΣΙΑ ΓΙΑ ΕΠΕΜΒΑΣΕΙΣ ΕΠΑΝΟΡΘΩΤΙΚΗΣ ΧΕΙΡΟΥΡΓΙΚΗΣ ΒΛΕΦΑΡΩΝ (Π.Χ. ΒΛΕΦΑΡΟΠΛΑΣΤΙΚΗ ΕΓΧΕΙΡΗΣΗ ΒΛΕΦΑΡΟΠΤΩΣΗΣ),2236.35,Ολοκληρώθηκε χωρίς επιπλοκές.,16118595442,322
EX-00647,2025-04-20 14:02:27,ΑΝΑΙΣΘΗΣΙΑ ΓΙΑ ΕΝΔΟΚΡΑΝΙΑΚΕΣ ΕΠΕΜΒΑΣΕΙΣ· ΗΛΕΚΤΡΟΚΑΥΤΗΡΙΑΣΗ ΤΟΥ ΕΝΔΟΚΡΑΝΙΑΚΟΥ ΝΕΥΡΟΥ,2173.68,Η διαδικασία ολοκληρώθηκε ομαλά. Φυσιολογικά ευρήματα.,02030634060,323
EX-00648,2025-04-18 04:02:27,ΑΝΑΙΣΘΗΣΙΑ ΓΙΑ ΕΠΕΜΒΑΣΕΙΣ ΠΟΥ ΑΦΟΡΟΥΝ ΤΗ ΡΙΝΑ ΚΑΙ ΕΠΙΚΟΥΡΙΚΕΣ ΚΟΙΛΟΤΗΤΕΣ· ΡΙΖΙΚΗ ΕΠΕΜΒΑΣΗ,2369.80,Η διαδικασία ολοκληρώθηκε ομαλά. Φυσιολογικά ευρήματα.,02030634060,323
EX-00649,2025-04-18 19:36:06,ΑΝΑΙΣΘΗΣΙΑ ΓΙΑ ΕΝΔΟΚΡΑΝΙΑΚΕΣ ΕΠΕΜΒΑΣΕΙΣ· ΗΛΕΚΤΡΟΚΑΥΤΗΡΙΑΣΗ ΤΟΥ ΕΝΔΟΚΡΑΝΙΑΚΟΥ ΝΕΥΡΟΥ,2173.68,Ολοκληρώθηκε χωρίς επιπλοκές.,29109569303,324
EX-00650,2025-04-13 05:32:26,ΑΝΑΙΣΘΗΣΙΑ ΓΙΑ ΕΠΕΜΒΑΣΕΙΣ ΠΟΥ ΑΦΟΡΟΥΝ ΤΟΝ ΟΦΘΑΛΜΟ· ΧΕΙΡΟΥΡΓΙΚΗ ΦΑΚΩΝ,1156.04,Αναμένονται περαιτέρω αναλύσεις από το εργαστήριο.,15089851983,325
EX-00651,2025-04-13 14:32:26,ΑΝΑΙΣΘΗΣΙΑ ΓΙΑ ΕΠΕΜΒΑΣΕΙΣ ΕΠΑΝΟΡΘΩΤΙΚΗΣ ΧΕΙΡΟΥΡΓΙΚΗΣ ΒΛΕΦΑΡΩΝ (Π.Χ. ΒΛΕΦΑΡΟΠΛΑΣΤΙΚΗ ΕΓΧΕΙΡΗΣΗ ΒΛΕΦΑΡΟΠΤΩΣΗΣ),2236.35,Ολοκληρώθηκε χωρίς επιπλοκές.,15089851983,325
EX-00652,2025-04-21 20:51:20,"ΑΝΑΙΣΘΗΣΙΑ ΓΙΑ ΕΠΕΜΒΑΣΕΙΣ ΠΟΥ ΑΦΟΡΟΥΝ ΤΟ ΕΞΩ, ΤΟ ΜΕΣΟΝ ΚΑΙ ΤΟ ΕΣΩ ΟΥΣ, ΣΥΜΠΕΡΙΛΑΜΒΑΝΟΜΕΝΗΣ ΤΗΣ ΒΙΟΨΙΑΣ· ΤΟΜΗ ΤΥΜΠΑΝΙΚΟΥ ΥΜΕΝΑ",1283.52,Δεν παρατηρήθηκαν παθολογικά ευρήματα κατά τον έλεγχο.,02030634060,326
EX-00653,2025-04-18 22:51:20,ΑΝΑΙΣΘΗΣΙΑ ΓΙΑ ΕΠΕΜΒΑΣΕΙΣ ΕΠΑΝΟΡΘΩΤΙΚΗΣ ΧΕΙΡΟΥΡΓΙΚΗΣ ΒΛΕΦΑΡΩΝ (Π.Χ. ΒΛΕΦΑΡΟΠΛΑΣΤΙΚΗ ΕΓΧΕΙΡΗΣΗ ΒΛΕΦΑΡΟΠΤΩΣΗΣ),2236.35,Η διαδικασία ολοκληρώθηκε ομαλά. Φυσιολογικά ευρήματα.,02030634060,326
EX-00654,2025-04-15 16:51:20,ΑΝΑΙΣΘΗΣΙΑ ΓΙΑ ΕΠΕΜΒΑΣΕΙΣ ΠΟΥ ΑΦΟΡΟΥΝ ΤΟΝ ΟΦΘΑΛΜΟ· ΧΕΙΡΟΥΡΓΙΚΗ ΦΑΚΩΝ,1156.04,Ήπια απόκλιση τιμών. Ενημερώθηκε ο θεράπων ιατρός.,02030634060,326
EX-00655,2025-04-24 01:42:41,ΑΝΑΙΣΘΗΣΙΑ ΓΙΑ ΕΠΕΜΒΑΣΕΙΣ ΠΟΥ ΑΦΟΡΟΥΝ ΤΟΝ ΟΦΘΑΛΜΟ· ΧΕΙΡΟΥΡΓΙΚΗ ΦΑΚΩΝ,1156.04,Η διαδικασία ολοκληρώθηκε ομαλά. Φυσιολογικά ευρήματα.,23056691943,327
EX-00656,2025-04-25 10:42:41,"ΑΝΑΙΣΘΗΣΙΑ ΓΙΑ ΕΠΕΜΒΑΣΕΙΣ ΠΟΥ ΑΦΟΡΟΥΝ ΤΟΥΣ ΣΙΕΛΟΓΟΝΟΥΣ ΑΔΕΝΕΣ, ΣΥΜΠΕΡΙΛΑΜΒΑΝΟΜΕΝΗΣ ΤΗΣ ΒΙΟΨΙΑΣ",264.08,Ολοκληρώθηκε χωρίς επιπλοκές.,23056691943,327
EX-00657,2025-04-22 05:42:41,"ΑΝΑΙΣΘΗΣΙΑ ΓΙΑ ΕΠΕΜΒΑΣΕΙΣ ΠΟΥ ΑΦΟΡΟΥΝ ΤΟ ΕΞΩ, ΤΟ ΜΕΣΟΝ ΚΑΙ ΤΟ ΕΣΩ ΟΥΣ, ΣΥΜΠΕΡΙΛΑΜΒΑΝΟΜΕΝΗΣ ΤΗΣ ΒΙΟΨΙΑΣ· ΤΟΜΗ ΤΥΜΠΑΝΙΚΟΥ ΥΜΕΝΑ",1283.52,Η διαδικασία ολοκληρώθηκε ομαλά. Φυσιολογικά ευρήματα.,23056691943,327
EX-00658,2025-04-20 00:51:34,ΑΝΑΙΣΘΗΣΙΑ ΓΙΑ ΕΠΕΜΒΑΣΕΙΣ ΕΠΑΝΟΡΘΩΤΙΚΗΣ ΧΕΙΡΟΥΡΓΙΚΗΣ ΒΛΕΦΑΡΩΝ (Π.Χ. ΒΛΕΦΑΡΟΠΛΑΣΤΙΚΗ ΕΓΧΕΙΡΗΣΗ ΒΛΕΦΑΡΟΠΤΩΣΗΣ),2236.35,Αναμένονται περαιτέρω αναλύσεις από το εργαστήριο.,06019165174,328
EX-00659,2025-04-21 02:51:34,ΑΝΑΙΣΘΗΣΙΑ ΓΙΑ ΕΠΕΜΒΑΣΕΙΣ ΠΟΥ ΑΦΟΡΟΥΝ ΤΟΝ ΟΦΘΑΛΜΟ· ΧΕΙΡΟΥΡΓΙΚΗ ΦΑΚΩΝ,1156.04,Δεν παρατηρήθηκαν παθολογικά ευρήματα κατά τον έλεγχο.,06019165174,328
EX-00660,2025-04-21 03:47:55,"ΑΝΑΙΣΘΗΣΙΑ ΓΙΑ ΕΠΕΜΒΑΣΕΙΣ ΠΟΥ ΑΦΟΡΟΥΝ ΤΟΥΣ ΣΙΕΛΟΓΟΝΟΥΣ ΑΔΕΝΕΣ, ΣΥΜΠΕΡΙΛΑΜΒΑΝΟΜΕΝΗΣ ΤΗΣ ΒΙΟΨΙΑΣ",264.08,Ολοκληρώθηκε χωρίς επιπλοκές.,11087946135,329
EX-00661,2025-04-27 12:08:22,ΑΝΑΙΣΘΗΣΙΑ ΓΙΑ ΕΠΕΜΒΑΣΕΙΣ ΠΟΥ ΑΦΟΡΟΥΝ ΤΟΝ ΟΦΘΑΛΜΟ· ΧΕΙΡΟΥΡΓΙΚΗ ΦΑΚΩΝ,1156.04,Η διαδικασία ολοκληρώθηκε ομαλά. Φυσιολογικά ευρήματα.,07109876453,330
EX-00662,2025-04-24 21:08:22,"ΑΝΑΙΣΘΗΣΙΑ ΓΙΑ ΕΠΕΜΒΑΣΕΙΣ ΠΟΥ ΑΦΟΡΟΥΝ ΤΟΥΣ ΣΙΕΛΟΓΟΝΟΥΣ ΑΔΕΝΕΣ, ΣΥΜΠΕΡΙΛΑΜΒΑΝΟΜΕΝΗΣ ΤΗΣ ΒΙΟΨΙΑΣ",264.08,Ολοκληρώθηκε χωρίς επιπλοκές.,07109876453,330
EX-00663,2025-04-30 01:29:40,ΑΝΑΙΣΘΗΣΙΑ ΓΙΑ ΕΝΔΟΚΡΑΝΙΑΚΕΣ ΕΠΕΜΒΑΣΕΙΣ· ΚΡΑΝΙΟΤΟΜΗ Ή ΚΡΑΝΙΕΚΤΟΜΗ ΓΙΑ ΤΗΝ ΠΑΡΟΧΕΤΕΥΣΗ ΑΙΜΑΤΩΜΑΤΟΣ,51.97,Δεν παρατηρήθηκαν παθολογικά ευρήματα κατά τον έλεγχο.,18020449145,331
EX-00664,2025-04-30 19:29:40,"ΑΝΑΙΣΘΗΣΙΑ ΓΙΑ ΕΠΕΜΒΑΣΕΙΣ ΠΟΥ ΑΦΟΡΟΥΝ ΤΟ ΕΞΩ, ΤΟ ΜΕΣΟΝ ΚΑΙ ΤΟ ΕΣΩ ΟΥΣ, ΣΥΜΠΕΡΙΛΑΜΒΑΝΟΜΕΝΗΣ ΤΗΣ ΒΙΟΨΙΑΣ· ΔΕΝ ΠΡΟΣΔΙΟΡΙΖΕΤΑΙ ΠΕΡΑΙΤΕΡΩ",795.29,Ολοκληρώθηκε χωρίς επιπλοκές.,18020449145,331
EX-00665,2025-05-05 15:19:20,ΑΝΑΙΣΘΗΣΙΑ ΓΙΑ ΕΠΕΜΒΑΣΕΙΣ ΠΟΥ ΑΦΟΡΟΥΝ ΤΗ ΡΙΝΑ ΚΑΙ ΕΠΙΚΟΥΡΙΚΕΣ ΚΟΙΛΟΤΗΤΕΣ· ΡΙΖΙΚΗ ΕΠΕΜΒΑΣΗ,2369.80,Ολοκληρώθηκε χωρίς επιπλοκές.,16068589382,332
EX-00666,2025-05-02 18:19:20,ΑΝΑΙΣΘΗΣΙΑ ΓΙΑ ΕΝΔΟΚΡΑΝΙΑΚΕΣ ΕΠΕΜΒΑΣΕΙΣ· ΗΛΕΚΤΡΟΚΑΥΤΗΡΙΑΣΗ ΤΟΥ ΕΝΔΟΚΡΑΝΙΑΚΟΥ ΝΕΥΡΟΥ,2173.68,Δεν παρατηρήθηκαν παθολογικά ευρήματα κατά τον έλεγχο.,16068589382,332
EX-00667,2025-05-02 22:19:20,ΑΝΑΙΣΘΗΣΙΑ ΓΙΑ ΕΠΕΜΒΑΣΕΙΣ ΕΠΑΝΟΡΘΩΤΙΚΗΣ ΧΕΙΡΟΥΡΓΙΚΗΣ ΒΛΕΦΑΡΩΝ (Π.Χ. ΒΛΕΦΑΡΟΠΛΑΣΤΙΚΗ ΕΓΧΕΙΡΗΣΗ ΒΛΕΦΑΡΟΠΤΩΣΗΣ),2236.35,Ολοκληρώθηκε χωρίς επιπλοκές.,16068589382,332
EX-00668,2025-05-08 21:50:35,ΑΝΑΙΣΘΗΣΙΑ ΓΙΑ ΕΠΕΜΒΑΣΕΙΣ ΠΟΥ ΑΦΟΡΟΥΝ ΤΟΝ ΟΦΘΑΛΜΟ· ΧΕΙΡΟΥΡΓΙΚΗ ΦΑΚΩΝ,1156.04,Δεν παρατηρήθηκαν παθολογικά ευρήματα κατά τον έλεγχο.,09045928947,333
EX-00669,2025-05-02 08:50:35,ΑΝΑΙΣΘΗΣΙΑ ΓΙΑ ΕΝΔΟΚΡΑΝΙΑΚΕΣ ΕΠΕΜΒΑΣΕΙΣ· ΗΛΕΚΤΡΟΚΑΥΤΗΡΙΑΣΗ ΤΟΥ ΕΝΔΟΚΡΑΝΙΑΚΟΥ ΝΕΥΡΟΥ,2173.68,Η διαδικασία ολοκληρώθηκε ομαλά. Φυσιολογικά ευρήματα.,09045928947,333
EX-00670,2025-05-08 03:43:39,"ΑΝΑΙΣΘΗΣΙΑ ΓΙΑ ΕΠΕΜΒΑΣΕΙΣ ΠΟΥ ΑΦΟΡΟΥΝ ΤΟ ΕΞΩ, ΤΟ ΜΕΣΟΝ ΚΑΙ ΤΟ ΕΣΩ ΟΥΣ, ΣΥΜΠΕΡΙΛΑΜΒΑΝΟΜΕΝΗΣ ΤΗΣ ΒΙΟΨΙΑΣ· ΩΤΟΣΚΟΠΗΣΗ",2213.35,Αναμένονται περαιτέρω αναλύσεις από το εργαστήριο.,21017437016,334
EX-00671,2025-05-08 19:09:54,ΑΝΑΙΣΘΗΣΙΑ ΓΙΑ ΕΠΕΜΒΑΣΕΙΣ ΣΧΕΤΙΚΕΣ ΜΕ ΤΗΝ ΠΛΑΣΤΙΚΗ ΔΙΟΡΘΩΣΗ ΧΕΙΛΕΟΣΧΙΣΤΙΑΣ (ΛΥΚΟΣΤΟΜΑ),2027.48,Ήπια απόκλιση τιμών. Ενημερώθηκε ο θεράπων ιατρός.,29049732701,335
EX-00672,2025-05-13 22:09:54,"ΑΝΑΙΣΘΗΣΙΑ ΓΙΑ ΕΠΕΜΒΑΣΕΙΣ ΠΟΥ ΑΦΟΡΟΥΝ ΤΟ ΕΞΩ, ΤΟ ΜΕΣΟΝ ΚΑΙ ΤΟ ΕΣΩ ΟΥΣ, ΣΥΜΠΕΡΙΛΑΜΒΑΝΟΜΕΝΗΣ ΤΗΣ ΒΙΟΨΙΑΣ· ΤΟΜΗ ΤΥΜΠΑΝΙΚΟΥ ΥΜΕΝΑ",1283.52,Η διαδικασία ολοκληρώθηκε ομαλά. Φυσιολογικά ευρήματα.,29049732701,335
EX-00673,2025-05-08 23:22:00,ΑΝΑΙΣΘΗΣΙΑ ΓΙΑ ΕΠΕΜΒΑΣΕΙΣ ΠΟΥ ΑΦΟΡΟΥΝ ΤΗ ΡΙΝΑ ΚΑΙ ΕΠΙΚΟΥΡΙΚΕΣ ΚΟΙΛΟΤΗΤΕΣ· ΡΙΖΙΚΗ ΕΠΕΜΒΑΣΗ,2369.80,Δεν παρατηρήθηκαν παθολογικά ευρήματα κατά τον έλεγχο.,08088799158,336
EX-00674,2025-05-13 21:40:20,ΑΝΑΙΣΘΗΣΙΑ ΓΙΑ ΕΠΕΜΒΑΣΕΙΣ ΠΟΥ ΑΦΟΡΟΥΝ ΤΟΝ ΟΦΘΑΛΜΟ· ΧΕΙΡΟΥΡΓΙΚΗ ΦΑΚΩΝ,1156.04,Ολοκληρώθηκε χωρίς επιπλοκές.,15124501431,337
EX-00675,2025-05-11 12:40:20,ΑΝΑΙΣΘΗΣΙΑ ΓΙΑ ΕΝΔΟΚΡΑΝΙΑΚΕΣ ΕΠΕΜΒΑΣΕΙΣ· ΗΛΕΚΤΡΟΚΑΥΤΗΡΙΑΣΗ ΤΟΥ ΕΝΔΟΚΡΑΝΙΑΚΟΥ ΝΕΥΡΟΥ,2173.68,Ήπια απόκλιση τιμών. Ενημερώθηκε ο θεράπων ιατρός.,15124501431,337
EX-00676,2025-05-12 07:28:08,ΑΝΑΙΣΘΗΣΙΑ ΓΙΑ ΕΝΔΟΚΡΑΝΙΑΚΕΣ ΕΠΕΜΒΑΣΕΙΣ· ΚΡΑΝΙΟΤΟΜΗ Ή ΚΡΑΝΙΕΚΤΟΜΗ ΓΙΑ ΤΗΝ ΠΑΡΟΧΕΤΕΥΣΗ ΑΙΜΑΤΩΜΑΤΟΣ,51.97,Ολοκληρώθηκε χωρίς επιπλοκές.,01090729354,338
EX-00677,2025-05-13 08:38:57,ΑΝΑΙΣΘΗΣΙΑ ΓΙΑ ΕΝΔΟΚΡΑΝΙΑΚΕΣ ΕΠΕΜΒΑΣΕΙΣ· ΚΡΑΝΙΟΤΟΜΗ Ή ΚΡΑΝΙΕΚΤΟΜΗ ΓΙΑ ΤΗΝ ΠΑΡΟΧΕΤΕΥΣΗ ΑΙΜΑΤΩΜΑΤΟΣ,51.97,Η διαδικασία ολοκληρώθηκε ομαλά. Φυσιολογικά ευρήματα.,19089017616,339
EX-00678,2025-05-15 02:38:57,ΑΝΑΙΣΘΗΣΙΑ ΓΙΑ ΕΠΕΜΒΑΣΕΙΣ ΕΠΑΝΟΡΘΩΤΙΚΗΣ ΧΕΙΡΟΥΡΓΙΚΗΣ ΒΛΕΦΑΡΩΝ (Π.Χ. ΒΛΕΦΑΡΟΠΛΑΣΤΙΚΗ ΕΓΧΕΙΡΗΣΗ ΒΛΕΦΑΡΟΠΤΩΣΗΣ),2236.35,Αναμένονται περαιτέρω αναλύσεις από το εργαστήριο.,19089017616,339
EX-00679,2025-05-16 01:50:00,"ΑΝΑΙΣΘΗΣΙΑ ΓΙΑ ΕΠΕΜΒΑΣΕΙΣ ΠΟΥ ΑΦΟΡΟΥΝ ΤΟ ΕΞΩ, ΤΟ ΜΕΣΟΝ ΚΑΙ ΤΟ ΕΣΩ ΟΥΣ, ΣΥΜΠΕΡΙΛΑΜΒΑΝΟΜΕΝΗΣ ΤΗΣ ΒΙΟΨΙΑΣ· ΤΟΜΗ ΤΥΜΠΑΝΙΚΟΥ ΥΜΕΝΑ",1283.52,Η διαδικασία ολοκληρώθηκε ομαλά. Φυσιολογικά ευρήματα.,15088743388,340
EX-00680,2025-05-25 02:05:14,"ΑΝΑΙΣΘΗΣΙΑ ΓΙΑ ΕΠΕΜΒΑΣΕΙΣ ΠΟΥ ΑΦΟΡΟΥΝ ΤΟ ΕΞΩ, ΤΟ ΜΕΣΟΝ ΚΑΙ ΤΟ ΕΣΩ ΟΥΣ, ΣΥΜΠΕΡΙΛΑΜΒΑΝΟΜΕΝΗΣ ΤΗΣ ΒΙΟΨΙΑΣ· ΤΟΜΗ ΤΥΜΠΑΝΙΚΟΥ ΥΜΕΝΑ",1283.52,Ήπια απόκλιση τιμών. Ενημερώθηκε ο θεράπων ιατρός.,09045928947,341
EX-00681,2025-05-24 19:32:32,ΑΝΑΙΣΘΗΣΙΑ ΓΙΑ ΕΠΕΜΒΑΣΕΙΣ ΕΠΑΝΟΡΘΩΤΙΚΗΣ ΧΕΙΡΟΥΡΓΙΚΗΣ ΒΛΕΦΑΡΩΝ (Π.Χ. ΒΛΕΦΑΡΟΠΛΑΣΤΙΚΗ ΕΓΧΕΙΡΗΣΗ ΒΛΕΦΑΡΟΠΤΩΣΗΣ),2236.35,Ολοκληρώθηκε χωρίς επιπλοκές.,07044341149,342
EX-00682,2025-05-26 07:32:32,ΑΝΑΙΣΘΗΣΙΑ ΓΙΑ ΕΠΕΜΒΑΣΕΙΣ ΠΟΥ ΑΦΟΡΟΥΝ ΤΟΝ ΟΦΘΑΛΜΟ· ΔΕΝ ΠΡΟΣΔΙΟΡΙΖΕΤΑΙ ΠΕΡΑΙΤΕΡΩ,574.09,Η διαδικασία ολοκληρώθηκε ομαλά. Φυσιολογικά ευρήματα.,07044341149,342
EX-00683,2025-05-22 15:32:32,ΑΝΑΙΣΘΗΣΙΑ ΓΙΑ ΕΝΔΟΚΡΑΝΙΑΚΕΣ ΕΠΕΜΒΑΣΕΙΣ· ΗΛΕΚΤΡΟΚΑΥΤΗΡΙΑΣΗ ΤΟΥ ΕΝΔΟΚΡΑΝΙΑΚΟΥ ΝΕΥΡΟΥ,2173.68,Δεν παρατηρήθηκαν παθολογικά ευρήματα κατά τον έλεγχο.,07044341149,342
EX-00684,2025-05-21 10:19:14,ΑΝΑΙΣΘΗΣΙΑ ΓΙΑ ΕΠΕΜΒΑΣΕΙΣ ΕΠΑΝΟΡΘΩΤΙΚΗΣ ΧΕΙΡΟΥΡΓΙΚΗΣ ΒΛΕΦΑΡΩΝ (Π.Χ. ΒΛΕΦΑΡΟΠΛΑΣΤΙΚΗ ΕΓΧΕΙΡΗΣΗ ΒΛΕΦΑΡΟΠΤΩΣΗΣ),2236.35,Αναμένονται περαιτέρω αναλύσεις από το εργαστήριο.,16068589382,343
EX-00685,2025-05-21 03:19:14,"ΑΝΑΙΣΘΗΣΙΑ ΓΙΑ ΕΠΕΜΒΑΣΕΙΣ ΠΟΥ ΑΦΟΡΟΥΝ ΤΟ ΕΞΩ, ΤΟ ΜΕΣΟΝ ΚΑΙ ΤΟ ΕΣΩ ΟΥΣ, ΣΥΜΠΕΡΙΛΑΜΒΑΝΟΜΕΝΗΣ ΤΗΣ ΒΙΟΨΙΑΣ· ΔΕΝ ΠΡΟΣΔΙΟΡΙΖΕΤΑΙ ΠΕΡΑΙΤΕΡΩ",795.29,Δεν παρατηρήθηκαν παθολογικά ευρήματα κατά τον έλεγχο.,16068589382,343
EX-00686,2025-05-30 05:11:23,ΑΝΑΙΣΘΗΣΙΑ ΓΙΑ ΕΠΕΜΒΑΣΕΙΣ ΕΠΑΝΟΡΘΩΤΙΚΗΣ ΧΕΙΡΟΥΡΓΙΚΗΣ ΒΛΕΦΑΡΩΝ (Π.Χ. ΒΛΕΦΑΡΟΠΛΑΣΤΙΚΗ ΕΓΧΕΙΡΗΣΗ ΒΛΕΦΑΡΟΠΤΩΣΗΣ),2236.35,Αναμένονται περαιτέρω αναλύσεις από το εργαστήριο.,09050064807,344
EX-00687,2025-05-30 08:18:38,ΑΝΑΙΣΘΗΣΙΑ ΓΙΑ ΕΠΕΜΒΑΣΕΙΣ ΣΧΕΤΙΚΕΣ ΜΕ ΤΗΝ ΠΛΑΣΤΙΚΗ ΔΙΟΡΘΩΣΗ ΧΕΙΛΕΟΣΧΙΣΤΙΑΣ (ΛΥΚΟΣΤΟΜΑ),2027.48,Ολοκληρώθηκε χωρίς επιπλοκές.,22115865680,345
EX-00688,2025-06-05 14:02:39,"ΑΝΑΙΣΘΗΣΙΑ ΓΙΑ ΕΠΕΜΒΑΣΕΙΣ ΠΟΥ ΑΦΟΡΟΥΝ ΤΟ ΕΞΩ, ΤΟ ΜΕΣΟΝ ΚΑΙ ΤΟ ΕΣΩ ΟΥΣ, ΣΥΜΠΕΡΙΛΑΜΒΑΝΟΜΕΝΗΣ ΤΗΣ ΒΙΟΨΙΑΣ· ΔΕΝ ΠΡΟΣΔΙΟΡΙΖΕΤΑΙ ΠΕΡΑΙΤΕΡΩ",795.29,Αναμένονται περαιτέρω αναλύσεις από το εργαστήριο.,23026866049,346
EX-00689,2025-06-08 10:49:19,ΑΝΑΙΣΘΗΣΙΑ ΓΙΑ ΕΠΕΜΒΑΣΕΙΣ ΠΟΥ ΑΦΟΡΟΥΝ ΤΗ ΡΙΝΑ ΚΑΙ ΕΠΙΚΟΥΡΙΚΕΣ ΚΟΙΛΟΤΗΤΕΣ· ΡΙΖΙΚΗ ΕΠΕΜΒΑΣΗ,2369.80,Ολοκληρώθηκε χωρίς επιπλοκές.,11087946135,347
EX-00690,2025-06-11 06:02:12,ΑΝΑΙΣΘΗΣΙΑ ΓΙΑ ΕΠΕΜΒΑΣΕΙΣ ΠΟΥ ΑΦΟΡΟΥΝ ΤΗ ΡΙΝΑ ΚΑΙ ΕΠΙΚΟΥΡΙΚΕΣ ΚΟΙΛΟΤΗΤΕΣ· ΡΙΖΙΚΗ ΕΠΕΜΒΑΣΗ,2369.80,Δεν παρατηρήθηκαν παθολογικά ευρήματα κατά τον έλεγχο.,24100569128,348
EX-00691,2025-06-13 04:02:12,ΑΝΑΙΣΘΗΣΙΑ ΓΙΑ ΗΛΕΚΤΡΟΣΠΑΣΜΟΘΕΡΑΠΕΙΑ,1532.75,Δεν παρατηρήθηκαν παθολογικά ευρήματα κατά τον έλεγχο.,24100569128,348
EX-00692,2025-06-13 15:02:12,ΑΝΑΙΣΘΗΣΙΑ ΓΙΑ ΕΝΔΟΚΡΑΝΙΑΚΕΣ ΕΠΕΜΒΑΣΕΙΣ· ΚΡΑΝΙΟΤΟΜΗ Ή ΚΡΑΝΙΕΚΤΟΜΗ ΓΙΑ ΤΗΝ ΠΑΡΟΧΕΤΕΥΣΗ ΑΙΜΑΤΩΜΑΤΟΣ,51.97,Ολοκληρώθηκε χωρίς επιπλοκές.,24100569128,348
EX-00693,2025-06-14 05:42:42,ΑΝΑΙΣΘΗΣΙΑ ΓΙΑ ΗΛΕΚΤΡΟΣΠΑΣΜΟΘΕΡΑΠΕΙΑ,1532.75,Η διαδικασία ολοκληρώθηκε ομαλά. Φυσιολογικά ευρήματα.,17078627586,349
EX-00694,2025-06-14 21:42:42,ΑΝΑΙΣΘΗΣΙΑ ΓΙΑ ΕΠΕΜΒΑΣΕΙΣ ΠΟΥ ΑΦΟΡΟΥΝ ΤΗ ΡΙΝΑ ΚΑΙ ΕΠΙΚΟΥΡΙΚΕΣ ΚΟΙΛΟΤΗΤΕΣ· ΡΙΖΙΚΗ ΕΠΕΜΒΑΣΗ,2369.80,Ολοκληρώθηκε χωρίς επιπλοκές.,17078627586,349
EX-00695,2025-06-19 06:25:18,ΑΝΑΙΣΘΗΣΙΑ ΓΙΑ ΕΝΔΟΚΡΑΝΙΑΚΕΣ ΕΠΕΜΒΑΣΕΙΣ· ΗΛΕΚΤΡΟΚΑΥΤΗΡΙΑΣΗ ΤΟΥ ΕΝΔΟΚΡΑΝΙΑΚΟΥ ΝΕΥΡΟΥ,2173.68,Ήπια απόκλιση τιμών. Ενημερώθηκε ο θεράπων ιατρός.,18050675294,350
EX-00696,2025-06-19 17:25:18,"ΑΝΑΙΣΘΗΣΙΑ ΓΙΑ ΕΠΕΜΒΑΣΕΙΣ ΠΟΥ ΑΦΟΡΟΥΝ ΤΟ ΕΞΩ, ΤΟ ΜΕΣΟΝ ΚΑΙ ΤΟ ΕΣΩ ΟΥΣ, ΣΥΜΠΕΡΙΛΑΜΒΑΝΟΜΕΝΗΣ ΤΗΣ ΒΙΟΨΙΑΣ· ΔΕΝ ΠΡΟΣΔΙΟΡΙΖΕΤΑΙ ΠΕΡΑΙΤΕΡΩ",795.29,Η διαδικασία ολοκληρώθηκε ομαλά. Φυσιολογικά ευρήματα.,18050675294,350
EX-00697,2025-06-23 06:25:18,ΑΝΑΙΣΘΗΣΙΑ ΓΙΑ ΕΠΕΜΒΑΣΕΙΣ ΠΟΥ ΑΦΟΡΟΥΝ ΤΟΝ ΟΦΘΑΛΜΟ· ΧΕΙΡΟΥΡΓΙΚΗ ΦΑΚΩΝ,1156.04,Ήπια απόκλιση τιμών. Ενημερώθηκε ο θεράπων ιατρός.,18050675294,350
EX-00698,2025-06-19 16:28:58,ΑΝΑΙΣΘΗΣΙΑ ΓΙΑ ΕΠΕΜΒΑΣΕΙΣ ΠΟΥ ΑΦΟΡΟΥΝ ΤΗ ΡΙΝΑ ΚΑΙ ΕΠΙΚΟΥΡΙΚΕΣ ΚΟΙΛΟΤΗΤΕΣ· ΡΙΖΙΚΗ ΕΠΕΜΒΑΣΗ,2369.80,Ήπια απόκλιση τιμών. Ενημερώθηκε ο θεράπων ιατρός.,06126222477,351
EX-00699,2025-06-23 06:28:58,"ΑΝΑΙΣΘΗΣΙΑ ΓΙΑ ΕΠΕΜΒΑΣΕΙΣ ΠΟΥ ΑΦΟΡΟΥΝ ΤΟ ΕΞΩ, ΤΟ ΜΕΣΟΝ ΚΑΙ ΤΟ ΕΣΩ ΟΥΣ, ΣΥΜΠΕΡΙΛΑΜΒΑΝΟΜΕΝΗΣ ΤΗΣ ΒΙΟΨΙΑΣ· ΤΟΜΗ ΤΥΜΠΑΝΙΚΟΥ ΥΜΕΝΑ",1283.52,Αναμένονται περαιτέρω αναλύσεις από το εργαστήριο.,06126222477,351
EX-00700,2025-06-24 03:28:58,ΑΝΑΙΣΘΗΣΙΑ ΓΙΑ ΕΠΕΜΒΑΣΕΙΣ ΠΟΥ ΑΦΟΡΟΥΝ ΤΟΝ ΟΦΘΑΛΜΟ· ΧΕΙΡΟΥΡΓΙΚΗ ΦΑΚΩΝ,1156.04,Η διαδικασία ολοκληρώθηκε ομαλά. Φυσιολογικά ευρήματα.,06126222477,351
EX-00701,2025-06-21 07:10:05,ΑΝΑΙΣΘΗΣΙΑ ΓΙΑ ΕΠΕΜΒΑΣΕΙΣ ΠΟΥ ΑΦΟΡΟΥΝ ΤΟΝ ΟΦΘΑΛΜΟ· ΔΕΝ ΠΡΟΣΔΙΟΡΙΖΕΤΑΙ ΠΕΡΑΙΤΕΡΩ,574.09,Ολοκληρώθηκε χωρίς επιπλοκές.,23056691943,352
EX-00702,2025-06-28 03:35:49,ΑΝΑΙΣΘΗΣΙΑ ΓΙΑ ΗΛΕΚΤΡΟΣΠΑΣΜΟΘΕΡΑΠΕΙΑ,1532.75,Δεν παρατηρήθηκαν παθολογικά ευρήματα κατά τον έλεγχο.,03057873936,353
EX-00703,2025-06-28 10:35:49,"ΑΝΑΙΣΘΗΣΙΑ ΓΙΑ ΕΠΕΜΒΑΣΕΙΣ ΠΟΥ ΑΦΟΡΟΥΝ ΤΟ ΕΞΩ, ΤΟ ΜΕΣΟΝ ΚΑΙ ΤΟ ΕΣΩ ΟΥΣ, ΣΥΜΠΕΡΙΛΑΜΒΑΝΟΜΕΝΗΣ ΤΗΣ ΒΙΟΨΙΑΣ· ΩΤΟΣΚΟΠΗΣΗ",2213.35,Ήπια απόκλιση τιμών. Ενημερώθηκε ο θεράπων ιατρός.,03057873936,353
EX-00704,2025-06-24 20:35:49,ΑΝΑΙΣΘΗΣΙΑ ΓΙΑ ΗΛΕΚΤΡΟΣΠΑΣΜΟΘΕΡΑΠΕΙΑ,1532.75,Η διαδικασία ολοκληρώθηκε ομαλά. Φυσιολογικά ευρήματα.,03057873936,353
EX-00705,2025-06-28 21:09:58,ΑΝΑΙΣΘΗΣΙΑ ΓΙΑ ΕΠΕΜΒΑΣΕΙΣ ΠΟΥ ΑΦΟΡΟΥΝ ΤΗ ΡΙΝΑ ΚΑΙ ΕΠΙΚΟΥΡΙΚΕΣ ΚΟΙΛΟΤΗΤΕΣ· ΡΙΖΙΚΗ ΕΠΕΜΒΑΣΗ,2369.80,Ολοκληρώθηκε χωρίς επιπλοκές.,02030634060,354
EX-00706,2025-07-04 06:09:58,ΑΝΑΙΣΘΗΣΙΑ ΓΙΑ ΕΠΕΜΒΑΣΕΙΣ ΣΧΕΤΙΚΕΣ ΜΕ ΤΗΝ ΠΛΑΣΤΙΚΗ ΔΙΟΡΘΩΣΗ ΧΕΙΛΕΟΣΧΙΣΤΙΑΣ (ΛΥΚΟΣΤΟΜΑ),2027.48,Αναμένονται περαιτέρω αναλύσεις από το εργαστήριο.,02030634060,354
EX-00707,2025-06-30 23:48:40,ΑΝΑΙΣΘΗΣΙΑ ΓΙΑ ΕΠΕΜΒΑΣΕΙΣ ΠΟΥ ΑΦΟΡΟΥΝ ΤΟΝ ΟΦΘΑΛΜΟ· ΧΕΙΡΟΥΡΓΙΚΗ ΦΑΚΩΝ,1156.04,Η διαδικασία ολοκληρώθηκε ομαλά. Φυσιολογικά ευρήματα.,07100156298,355
EX-00708,2025-06-30 14:48:40,ΑΝΑΙΣΘΗΣΙΑ ΓΙΑ ΕΝΔΟΚΡΑΝΙΑΚΕΣ ΕΠΕΜΒΑΣΕΙΣ· ΚΡΑΝΙΟΤΟΜΗ Ή ΚΡΑΝΙΕΚΤΟΜΗ ΓΙΑ ΤΗΝ ΠΑΡΟΧΕΤΕΥΣΗ ΑΙΜΑΤΩΜΑΤΟΣ,51.97,Δεν παρατηρήθηκαν παθολογικά ευρήματα κατά τον έλεγχο.,07100156298,355
EX-00709,2025-07-02 13:17:26,"ΑΝΑΙΣΘΗΣΙΑ ΓΙΑ ΕΠΕΜΒΑΣΕΙΣ ΠΟΥ ΑΦΟΡΟΥΝ ΤΟ ΕΞΩ, ΤΟ ΜΕΣΟΝ ΚΑΙ ΤΟ ΕΣΩ ΟΥΣ, ΣΥΜΠΕΡΙΛΑΜΒΑΝΟΜΕΝΗΣ ΤΗΣ ΒΙΟΨΙΑΣ· ΤΟΜΗ ΤΥΜΠΑΝΙΚΟΥ ΥΜΕΝΑ",1283.52,Δεν παρατηρήθηκαν παθολογικά ευρήματα κατά τον έλεγχο.,15124501431,356
EX-00710,2025-06-26 21:17:26,ΑΝΑΙΣΘΗΣΙΑ ΓΙΑ ΕΠΕΜΒΑΣΕΙΣ ΠΟΥ ΑΦΟΡΟΥΝ ΤΗ ΡΙΝΑ ΚΑΙ ΕΠΙΚΟΥΡΙΚΕΣ ΚΟΙΛΟΤΗΤΕΣ· ΡΙΖΙΚΗ ΕΠΕΜΒΑΣΗ,2369.80,Ήπια απόκλιση τιμών. Ενημερώθηκε ο θεράπων ιατρός.,15124501431,356
EX-00711,2025-06-30 21:47:48,ΑΝΑΙΣΘΗΣΙΑ ΓΙΑ ΕΠΕΜΒΑΣΕΙΣ ΠΟΥ ΑΦΟΡΟΥΝ ΤΟΝ ΟΦΘΑΛΜΟ· ΧΕΙΡΟΥΡΓΙΚΗ ΦΑΚΩΝ,1156.04,Η διαδικασία ολοκληρώθηκε ομαλά. Φυσιολογικά ευρήματα.,09128084347,357
EX-00712,2025-06-30 06:56:17,ΑΝΑΙΣΘΗΣΙΑ ΓΙΑ ΕΠΕΜΒΑΣΕΙΣ ΠΟΥ ΑΦΟΡΟΥΝ ΤΟΝ ΟΦΘΑΛΜΟ· ΔΕΝ ΠΡΟΣΔΙΟΡΙΖΕΤΑΙ ΠΕΡΑΙΤΕΡΩ,574.09,Ήπια απόκλιση τιμών. Ενημερώθηκε ο θεράπων ιατρός.,15049291643,358
EX-00713,2025-06-30 05:56:17,ΑΝΑΙΣΘΗΣΙΑ ΓΙΑ ΕΠΕΜΒΑΣΕΙΣ ΠΟΥ ΑΦΟΡΟΥΝ ΤΟΝ ΟΦΘΑΛΜΟ· ΔΕΝ ΠΡΟΣΔΙΟΡΙΖΕΤΑΙ ΠΕΡΑΙΤΕΡΩ,574.09,Η διαδικασία ολοκληρώθηκε ομαλά. Φυσιολογικά ευρήματα.,15049291643,358
EX-00714,2025-06-29 16:56:17,ΑΝΑΙΣΘΗΣΙΑ ΓΙΑ ΕΠΕΜΒΑΣΕΙΣ ΠΟΥ ΑΦΟΡΟΥΝ ΤΟΝ ΟΦΘΑΛΜΟ· ΧΕΙΡΟΥΡΓΙΚΗ ΦΑΚΩΝ,1156.04,Ήπια απόκλιση τιμών. Ενημερώθηκε ο θεράπων ιατρός.,15049291643,358
EX-00715,2025-07-08 21:18:54,ΑΝΑΙΣΘΗΣΙΑ ΓΙΑ ΕΠΕΜΒΑΣΕΙΣ ΣΧΕΤΙΚΕΣ ΜΕ ΤΗΝ ΠΛΑΣΤΙΚΗ ΔΙΟΡΘΩΣΗ ΧΕΙΛΕΟΣΧΙΣΤΙΑΣ (ΛΥΚΟΣΤΟΜΑ),2027.48,Η διαδικασία ολοκληρώθηκε ομαλά. Φυσιολογικά ευρήματα.,10089737527,359
EX-00716,2025-07-03 00:18:54,ΑΝΑΙΣΘΗΣΙΑ ΓΙΑ ΕΝΔΟΚΡΑΝΙΑΚΕΣ ΕΠΕΜΒΑΣΕΙΣ· ΗΛΕΚΤΡΟΚΑΥΤΗΡΙΑΣΗ ΤΟΥ ΕΝΔΟΚΡΑΝΙΑΚΟΥ ΝΕΥΡΟΥ,2173.68,Αναμένονται περαιτέρω αναλύσεις από το εργαστήριο.,10089737527,359
EX-00717,2025-07-03 02:18:54,ΑΝΑΙΣΘΗΣΙΑ ΓΙΑ ΗΛΕΚΤΡΟΣΠΑΣΜΟΘΕΡΑΠΕΙΑ,1532.75,Η διαδικασία ολοκληρώθηκε ομαλά. Φυσιολογικά ευρήματα.,10089737527,359
EX-00718,2025-07-03 00:20:18,ΑΝΑΙΣΘΗΣΙΑ ΓΙΑ ΕΠΕΜΒΑΣΕΙΣ ΕΠΑΝΟΡΘΩΤΙΚΗΣ ΧΕΙΡΟΥΡΓΙΚΗΣ ΒΛΕΦΑΡΩΝ (Π.Χ. ΒΛΕΦΑΡΟΠΛΑΣΤΙΚΗ ΕΓΧΕΙΡΗΣΗ ΒΛΕΦΑΡΟΠΤΩΣΗΣ),2236.35,Δεν παρατηρήθηκαν παθολογικά ευρήματα κατά τον έλεγχο.,06050738238,360
EX-00719,2025-07-01 13:20:18,"ΑΝΑΙΣΘΗΣΙΑ ΓΙΑ ΕΠΕΜΒΑΣΕΙΣ ΠΟΥ ΑΦΟΡΟΥΝ ΤΟ ΕΞΩ, ΤΟ ΜΕΣΟΝ ΚΑΙ ΤΟ ΕΣΩ ΟΥΣ, ΣΥΜΠΕΡΙΛΑΜΒΑΝΟΜΕΝΗΣ ΤΗΣ ΒΙΟΨΙΑΣ· ΔΕΝ ΠΡΟΣΔΙΟΡΙΖΕΤΑΙ ΠΕΡΑΙΤΕΡΩ",795.29,Ολοκληρώθηκε χωρίς επιπλοκές.,06050738238,360
EX-00720,2025-07-07 04:31:23,ΑΝΑΙΣΘΗΣΙΑ ΓΙΑ ΗΛΕΚΤΡΟΣΠΑΣΜΟΘΕΡΑΠΕΙΑ,1532.75,Ολοκληρώθηκε χωρίς επιπλοκές.,17019537542,361
EX-00721,2025-07-09 04:31:23,ΑΝΑΙΣΘΗΣΙΑ ΓΙΑ ΕΠΕΜΒΑΣΕΙΣ ΠΟΥ ΑΦΟΡΟΥΝ ΤΟΝ ΟΦΘΑΛΜΟ· ΧΕΙΡΟΥΡΓΙΚΗ ΦΑΚΩΝ,1156.04,Αναμένονται περαιτέρω αναλύσεις από το εργαστήριο.,17019537542,361
EX-00722,2025-07-11 08:54:43,ΑΝΑΙΣΘΗΣΙΑ ΓΙΑ ΕΠΕΜΒΑΣΕΙΣ ΣΧΕΤΙΚΕΣ ΜΕ ΤΗΝ ΠΛΑΣΤΙΚΗ ΔΙΟΡΘΩΣΗ ΧΕΙΛΕΟΣΧΙΣΤΙΑΣ (ΛΥΚΟΣΤΟΜΑ),2027.48,Ήπια απόκλιση τιμών. Ενημερώθηκε ο θεράπων ιατρός.,14129831939,362
EX-00723,2025-07-11 23:54:43,ΑΝΑΙΣΘΗΣΙΑ ΓΙΑ ΕΠΕΜΒΑΣΕΙΣ ΠΟΥ ΑΦΟΡΟΥΝ ΤΟΝ ΟΦΘΑΛΜΟ· ΧΕΙΡΟΥΡΓΙΚΗ ΦΑΚΩΝ,1156.04,Ολοκληρώθηκε χωρίς επιπλοκές.,14129831939,362
EX-00724,2025-07-08 08:29:46,"ΑΝΑΙΣΘΗΣΙΑ ΓΙΑ ΕΠΕΜΒΑΣΕΙΣ ΠΟΥ ΑΦΟΡΟΥΝ ΤΟ ΕΞΩ, ΤΟ ΜΕΣΟΝ ΚΑΙ ΤΟ ΕΣΩ ΟΥΣ, ΣΥΜΠΕΡΙΛΑΜΒΑΝΟΜΕΝΗΣ ΤΗΣ ΒΙΟΨΙΑΣ· ΩΤΟΣΚΟΠΗΣΗ",2213.35,Δεν παρατηρήθηκαν παθολογικά ευρήματα κατά τον έλεγχο.,18060326718,363
EX-00725,2025-07-19 08:03:55,ΑΝΑΙΣΘΗΣΙΑ ΓΙΑ ΕΝΔΟΚΡΑΝΙΑΚΕΣ ΕΠΕΜΒΑΣΕΙΣ· ΗΛΕΚΤΡΟΚΑΥΤΗΡΙΑΣΗ ΤΟΥ ΕΝΔΟΚΡΑΝΙΑΚΟΥ ΝΕΥΡΟΥ,2173.68,Ήπια απόκλιση τιμών. Ενημερώθηκε ο θεράπων ιατρός.,24100569128,364
EX-00726,2025-07-17 23:01:08,ΑΝΑΙΣΘΗΣΙΑ ΓΙΑ ΕΠΕΜΒΑΣΕΙΣ ΠΟΥ ΑΦΟΡΟΥΝ ΤΟΝ ΟΦΘΑΛΜΟ· ΔΕΝ ΠΡΟΣΔΙΟΡΙΖΕΤΑΙ ΠΕΡΑΙΤΕΡΩ,574.09,Δεν παρατηρήθηκαν παθολογικά ευρήματα κατά τον έλεγχο.,14024366361,365
EX-00727,2025-07-15 08:01:08,ΑΝΑΙΣΘΗΣΙΑ ΓΙΑ ΕΠΕΜΒΑΣΕΙΣ ΣΧΕΤΙΚΕΣ ΜΕ ΤΗΝ ΠΛΑΣΤΙΚΗ ΔΙΟΡΘΩΣΗ ΧΕΙΛΕΟΣΧΙΣΤΙΑΣ (ΛΥΚΟΣΤΟΜΑ),2027.48,Αναμένονται περαιτέρω αναλύσεις από το εργαστήριο.,14024366361,365
EX-00728,2025-07-15 19:08:15,ΑΝΑΙΣΘΗΣΙΑ ΓΙΑ ΕΝΔΟΚΡΑΝΙΑΚΕΣ ΕΠΕΜΒΑΣΕΙΣ· ΗΛΕΚΤΡΟΚΑΥΤΗΡΙΑΣΗ ΤΟΥ ΕΝΔΟΚΡΑΝΙΑΚΟΥ ΝΕΥΡΟΥ,2173.68,Δεν παρατηρήθηκαν παθολογικά ευρήματα κατά τον έλεγχο.,27099728378,366
EX-00729,2025-07-17 22:01:34,ΑΝΑΙΣΘΗΣΙΑ ΓΙΑ ΗΛΕΚΤΡΟΣΠΑΣΜΟΘΕΡΑΠΕΙΑ,1532.75,Ολοκληρώθηκε χωρίς επιπλοκές.,02030634060,367
EX-00730,2025-07-19 16:01:34,"ΑΝΑΙΣΘΗΣΙΑ ΓΙΑ ΕΠΕΜΒΑΣΕΙΣ ΠΟΥ ΑΦΟΡΟΥΝ ΤΟ ΕΞΩ, ΤΟ ΜΕΣΟΝ ΚΑΙ ΤΟ ΕΣΩ ΟΥΣ, ΣΥΜΠΕΡΙΛΑΜΒΑΝΟΜΕΝΗΣ ΤΗΣ ΒΙΟΨΙΑΣ· ΤΟΜΗ ΤΥΜΠΑΝΙΚΟΥ ΥΜΕΝΑ",1283.52,Αναμένονται περαιτέρω αναλύσεις από το εργαστήριο.,02030634060,367
EX-00731,2025-07-19 13:33:01,"ΑΝΑΙΣΘΗΣΙΑ ΓΙΑ ΕΠΕΜΒΑΣΕΙΣ ΠΟΥ ΑΦΟΡΟΥΝ ΤΟ ΕΞΩ, ΤΟ ΜΕΣΟΝ ΚΑΙ ΤΟ ΕΣΩ ΟΥΣ, ΣΥΜΠΕΡΙΛΑΜΒΑΝΟΜΕΝΗΣ ΤΗΣ ΒΙΟΨΙΑΣ· ΤΟΜΗ ΤΥΜΠΑΝΙΚΟΥ ΥΜΕΝΑ",1283.52,Ολοκληρώθηκε χωρίς επιπλοκές.,16100868799,368
EX-00732,2025-07-21 07:33:01,ΑΝΑΙΣΘΗΣΙΑ ΓΙΑ ΕΝΔΟΚΡΑΝΙΑΚΕΣ ΕΠΕΜΒΑΣΕΙΣ· ΚΡΑΝΙΟΤΟΜΗ Ή ΚΡΑΝΙΕΚΤΟΜΗ ΓΙΑ ΤΗΝ ΠΑΡΟΧΕΤΕΥΣΗ ΑΙΜΑΤΩΜΑΤΟΣ,51.97,Ήπια απόκλιση τιμών. Ενημερώθηκε ο θεράπων ιατρός.,16100868799,368
EX-00733,2025-07-19 23:33:01,ΑΝΑΙΣΘΗΣΙΑ ΓΙΑ ΕΠΕΜΒΑΣΕΙΣ ΠΟΥ ΑΦΟΡΟΥΝ ΤΗ ΡΙΝΑ ΚΑΙ ΕΠΙΚΟΥΡΙΚΕΣ ΚΟΙΛΟΤΗΤΕΣ· ΡΙΖΙΚΗ ΕΠΕΜΒΑΣΗ,2369.80,Ήπια απόκλιση τιμών. Ενημερώθηκε ο θεράπων ιατρός.,16100868799,368
EX-00734,2025-07-26 08:36:12,"ΑΝΑΙΣΘΗΣΙΑ ΓΙΑ ΕΠΕΜΒΑΣΕΙΣ ΠΟΥ ΑΦΟΡΟΥΝ ΤΟ ΕΞΩ, ΤΟ ΜΕΣΟΝ ΚΑΙ ΤΟ ΕΣΩ ΟΥΣ, ΣΥΜΠΕΡΙΛΑΜΒΑΝΟΜΕΝΗΣ ΤΗΣ ΒΙΟΨΙΑΣ· ΤΟΜΗ ΤΥΜΠΑΝΙΚΟΥ ΥΜΕΝΑ",1283.52,Η διαδικασία ολοκληρώθηκε ομαλά. Φυσιολογικά ευρήματα.,17078627586,369
EX-00735,2025-07-29 16:36:12,"ΑΝΑΙΣΘΗΣΙΑ ΓΙΑ ΕΠΕΜΒΑΣΕΙΣ ΠΟΥ ΑΦΟΡΟΥΝ ΤΟ ΕΞΩ, ΤΟ ΜΕΣΟΝ ΚΑΙ ΤΟ ΕΣΩ ΟΥΣ, ΣΥΜΠΕΡΙΛΑΜΒΑΝΟΜΕΝΗΣ ΤΗΣ ΒΙΟΨΙΑΣ· ΤΟΜΗ ΤΥΜΠΑΝΙΚΟΥ ΥΜΕΝΑ",1283.52,Αναμένονται περαιτέρω αναλύσεις από το εργαστήριο.,17078627586,369
EX-00736,2025-07-31 13:36:12,ΑΝΑΙΣΘΗΣΙΑ ΓΙΑ ΕΠΕΜΒΑΣΕΙΣ ΠΟΥ ΑΦΟΡΟΥΝ ΤΟΝ ΟΦΘΑΛΜΟ· ΔΕΝ ΠΡΟΣΔΙΟΡΙΖΕΤΑΙ ΠΕΡΑΙΤΕΡΩ,574.09,Δεν παρατηρήθηκαν παθολογικά ευρήματα κατά τον έλεγχο.,17078627586,369
EX-00737,2025-07-27 16:48:32,ΑΝΑΙΣΘΗΣΙΑ ΓΙΑ ΕΠΕΜΒΑΣΕΙΣ ΣΧΕΤΙΚΕΣ ΜΕ ΤΗΝ ΠΛΑΣΤΙΚΗ ΔΙΟΡΘΩΣΗ ΧΕΙΛΕΟΣΧΙΣΤΙΑΣ (ΛΥΚΟΣΤΟΜΑ),2027.48,Ολοκληρώθηκε χωρίς επιπλοκές.,26099895344,370
EX-00738,2025-07-24 21:48:32,ΑΝΑΙΣΘΗΣΙΑ ΓΙΑ ΕΠΕΜΒΑΣΕΙΣ ΣΧΕΤΙΚΕΣ ΜΕ ΤΗΝ ΠΛΑΣΤΙΚΗ ΔΙΟΡΘΩΣΗ ΧΕΙΛΕΟΣΧΙΣΤΙΑΣ (ΛΥΚΟΣΤΟΜΑ),2027.48,Δεν παρατηρήθηκαν παθολογικά ευρήματα κατά τον έλεγχο.,26099895344,370
EX-00739,2025-07-31 07:54:03,ΑΝΑΙΣΘΗΣΙΑ ΓΙΑ ΕΠΕΜΒΑΣΕΙΣ ΠΟΥ ΑΦΟΡΟΥΝ ΤΗ ΡΙΝΑ ΚΑΙ ΕΠΙΚΟΥΡΙΚΕΣ ΚΟΙΛΟΤΗΤΕΣ· ΡΙΖΙΚΗ ΕΠΕΜΒΑΣΗ,2369.80,Ήπια απόκλιση τιμών. Ενημερώθηκε ο θεράπων ιατρός.,18050675294,371
EX-00740,2025-07-28 19:01:20,ΑΝΑΙΣΘΗΣΙΑ ΓΙΑ ΗΛΕΚΤΡΟΣΠΑΣΜΟΘΕΡΑΠΕΙΑ,1532.75,Δεν παρατηρήθηκαν παθολογικά ευρήματα κατά τον έλεγχο.,27099728378,372
EX-00741,2025-07-29 02:01:20,"ΑΝΑΙΣΘΗΣΙΑ ΓΙΑ ΕΠΕΜΒΑΣΕΙΣ ΠΟΥ ΑΦΟΡΟΥΝ ΤΟ ΕΞΩ, ΤΟ ΜΕΣΟΝ ΚΑΙ ΤΟ ΕΣΩ ΟΥΣ, ΣΥΜΠΕΡΙΛΑΜΒΑΝΟΜΕΝΗΣ ΤΗΣ ΒΙΟΨΙΑΣ· ΔΕΝ ΠΡΟΣΔΙΟΡΙΖΕΤΑΙ ΠΕΡΑΙΤΕΡΩ",795.29,Ήπια απόκλιση τιμών. Ενημερώθηκε ο θεράπων ιατρός.,27099728378,372
EX-00742,2025-07-30 11:01:20,ΑΝΑΙΣΘΗΣΙΑ ΓΙΑ ΕΠΕΜΒΑΣΕΙΣ ΣΧΕΤΙΚΕΣ ΜΕ ΤΗΝ ΠΛΑΣΤΙΚΗ ΔΙΟΡΘΩΣΗ ΧΕΙΛΕΟΣΧΙΣΤΙΑΣ (ΛΥΚΟΣΤΟΜΑ),2027.48,Η διαδικασία ολοκληρώθηκε ομαλά. Φυσιολογικά ευρήματα.,27099728378,372
EX-00743,2025-07-28 10:25:55,"ΑΝΑΙΣΘΗΣΙΑ ΓΙΑ ΕΠΕΜΒΑΣΕΙΣ ΠΟΥ ΑΦΟΡΟΥΝ ΤΟ ΕΞΩ, ΤΟ ΜΕΣΟΝ ΚΑΙ ΤΟ ΕΣΩ ΟΥΣ, ΣΥΜΠΕΡΙΛΑΜΒΑΝΟΜΕΝΗΣ ΤΗΣ ΒΙΟΨΙΑΣ· ΩΤΟΣΚΟΠΗΣΗ",2213.35,Ήπια απόκλιση τιμών. Ενημερώθηκε ο θεράπων ιατρός.,01024610365,373
EX-00744,2025-07-27 12:25:55,"ΑΝΑΙΣΘΗΣΙΑ ΓΙΑ ΕΠΕΜΒΑΣΕΙΣ ΠΟΥ ΑΦΟΡΟΥΝ ΤΟΥΣ ΣΙΕΛΟΓΟΝΟΥΣ ΑΔΕΝΕΣ, ΣΥΜΠΕΡΙΛΑΜΒΑΝΟΜΕΝΗΣ ΤΗΣ ΒΙΟΨΙΑΣ",264.08,Δεν παρατηρήθηκαν παθολογικά ευρήματα κατά τον έλεγχο.,01024610365,373
EX-00745,2025-07-28 17:25:55,"ΑΝΑΙΣΘΗΣΙΑ ΓΙΑ ΕΠΕΜΒΑΣΕΙΣ ΠΟΥ ΑΦΟΡΟΥΝ ΤΟ ΕΞΩ, ΤΟ ΜΕΣΟΝ ΚΑΙ ΤΟ ΕΣΩ ΟΥΣ, ΣΥΜΠΕΡΙΛΑΜΒΑΝΟΜΕΝΗΣ ΤΗΣ ΒΙΟΨΙΑΣ· ΩΤΟΣΚΟΠΗΣΗ",2213.35,Η διαδικασία ολοκληρώθηκε ομαλά. Φυσιολογικά ευρήματα.,01024610365,373
EX-00746,2025-08-01 08:56:40,ΑΝΑΙΣΘΗΣΙΑ ΓΙΑ ΕΠΕΜΒΑΣΕΙΣ ΠΟΥ ΑΦΟΡΟΥΝ ΤΗ ΡΙΝΑ ΚΑΙ ΕΠΙΚΟΥΡΙΚΕΣ ΚΟΙΛΟΤΗΤΕΣ· ΡΙΖΙΚΗ ΕΠΕΜΒΑΣΗ,2369.80,Αναμένονται περαιτέρω αναλύσεις από το εργαστήριο.,04025648413,374
EX-00747,2025-08-05 08:13:09,"ΑΝΑΙΣΘΗΣΙΑ ΓΙΑ ΕΠΕΜΒΑΣΕΙΣ ΠΟΥ ΑΦΟΡΟΥΝ ΤΟ ΕΞΩ, ΤΟ ΜΕΣΟΝ ΚΑΙ ΤΟ ΕΣΩ ΟΥΣ, ΣΥΜΠΕΡΙΛΑΜΒΑΝΟΜΕΝΗΣ ΤΗΣ ΒΙΟΨΙΑΣ· ΩΤΟΣΚΟΠΗΣΗ",2213.35,Αναμένονται περαιτέρω αναλύσεις από το εργαστήριο.,24100569128,375
EX-00748,2025-08-04 21:13:09,"ΑΝΑΙΣΘΗΣΙΑ ΓΙΑ ΕΠΕΜΒΑΣΕΙΣ ΠΟΥ ΑΦΟΡΟΥΝ ΤΟ ΕΞΩ, ΤΟ ΜΕΣΟΝ ΚΑΙ ΤΟ ΕΣΩ ΟΥΣ, ΣΥΜΠΕΡΙΛΑΜΒΑΝΟΜΕΝΗΣ ΤΗΣ ΒΙΟΨΙΑΣ· ΔΕΝ ΠΡΟΣΔΙΟΡΙΖΕΤΑΙ ΠΕΡΑΙΤΕΡΩ",795.29,Η διαδικασία ολοκληρώθηκε ομαλά. Φυσιολογικά ευρήματα.,24100569128,375
EX-00749,2025-08-06 04:13:09,"ΑΝΑΙΣΘΗΣΙΑ ΓΙΑ ΕΠΕΜΒΑΣΕΙΣ ΠΟΥ ΑΦΟΡΟΥΝ ΤΟΥΣ ΣΙΕΛΟΓΟΝΟΥΣ ΑΔΕΝΕΣ, ΣΥΜΠΕΡΙΛΑΜΒΑΝΟΜΕΝΗΣ ΤΗΣ ΒΙΟΨΙΑΣ",264.08,Η διαδικασία ολοκληρώθηκε ομαλά. Φυσιολογικά ευρήματα.,24100569128,375
EX-00750,2025-08-09 02:55:13,ΑΝΑΙΣΘΗΣΙΑ ΓΙΑ ΕΠΕΜΒΑΣΕΙΣ ΣΧΕΤΙΚΕΣ ΜΕ ΤΗΝ ΠΛΑΣΤΙΚΗ ΔΙΟΡΘΩΣΗ ΧΕΙΛΕΟΣΧΙΣΤΙΑΣ (ΛΥΚΟΣΤΟΜΑ),2027.48,Αναμένονται περαιτέρω αναλύσεις από το εργαστήριο.,18060326718,376
EX-00751,2025-08-08 07:55:13,ΑΝΑΙΣΘΗΣΙΑ ΓΙΑ ΕΝΔΟΚΡΑΝΙΑΚΕΣ ΕΠΕΜΒΑΣΕΙΣ· ΚΡΑΝΙΟΤΟΜΗ Ή ΚΡΑΝΙΕΚΤΟΜΗ ΓΙΑ ΤΗΝ ΠΑΡΟΧΕΤΕΥΣΗ ΑΙΜΑΤΩΜΑΤΟΣ,51.97,Ήπια απόκλιση τιμών. Ενημερώθηκε ο θεράπων ιατρός.,18060326718,376
EX-00752,2025-08-09 05:55:13,ΑΝΑΙΣΘΗΣΙΑ ΓΙΑ ΕΠΕΜΒΑΣΕΙΣ ΠΟΥ ΑΦΟΡΟΥΝ ΤΟΝ ΟΦΘΑΛΜΟ· ΔΕΝ ΠΡΟΣΔΙΟΡΙΖΕΤΑΙ ΠΕΡΑΙΤΕΡΩ,574.09,Αναμένονται περαιτέρω αναλύσεις από το εργαστήριο.,18060326718,376
EX-00753,2025-08-11 01:57:24,ΑΝΑΙΣΘΗΣΙΑ ΓΙΑ ΕΠΕΜΒΑΣΕΙΣ ΠΟΥ ΑΦΟΡΟΥΝ ΤΟΝ ΟΦΘΑΛΜΟ· ΧΕΙΡΟΥΡΓΙΚΗ ΦΑΚΩΝ,1156.04,Ολοκληρώθηκε χωρίς επιπλοκές.,26099895344,377
EX-00754,2025-08-11 01:57:24,"ΑΝΑΙΣΘΗΣΙΑ ΓΙΑ ΕΠΕΜΒΑΣΕΙΣ ΠΟΥ ΑΦΟΡΟΥΝ ΤΟ ΕΞΩ, ΤΟ ΜΕΣΟΝ ΚΑΙ ΤΟ ΕΣΩ ΟΥΣ, ΣΥΜΠΕΡΙΛΑΜΒΑΝΟΜΕΝΗΣ ΤΗΣ ΒΙΟΨΙΑΣ· ΤΟΜΗ ΤΥΜΠΑΝΙΚΟΥ ΥΜΕΝΑ",1283.52,Αναμένονται περαιτέρω αναλύσεις από το εργαστήριο.,26099895344,377
EX-00755,2025-08-12 01:31:36,ΑΝΑΙΣΘΗΣΙΑ ΓΙΑ ΕΠΕΜΒΑΣΕΙΣ ΠΟΥ ΑΦΟΡΟΥΝ ΤΟΝ ΟΦΘΑΛΜΟ· ΧΕΙΡΟΥΡΓΙΚΗ ΦΑΚΩΝ,1156.04,Ολοκληρώθηκε χωρίς επιπλοκές.,19029051436,378
EX-00756,2025-08-15 11:31:36,ΑΝΑΙΣΘΗΣΙΑ ΓΙΑ ΕΝΔΟΚΡΑΝΙΑΚΕΣ ΕΠΕΜΒΑΣΕΙΣ· ΚΡΑΝΙΟΤΟΜΗ Ή ΚΡΑΝΙΕΚΤΟΜΗ ΓΙΑ ΤΗΝ ΠΑΡΟΧΕΤΕΥΣΗ ΑΙΜΑΤΩΜΑΤΟΣ,51.97,Αναμένονται περαιτέρω αναλύσεις από το εργαστήριο.,19029051436,378
EX-00757,2025-08-10 19:02:59,"ΑΝΑΙΣΘΗΣΙΑ ΓΙΑ ΕΠΕΜΒΑΣΕΙΣ ΠΟΥ ΑΦΟΡΟΥΝ ΤΟ ΕΞΩ, ΤΟ ΜΕΣΟΝ ΚΑΙ ΤΟ ΕΣΩ ΟΥΣ, ΣΥΜΠΕΡΙΛΑΜΒΑΝΟΜΕΝΗΣ ΤΗΣ ΒΙΟΨΙΑΣ· ΩΤΟΣΚΟΠΗΣΗ",2213.35,Ολοκληρώθηκε χωρίς επιπλοκές.,01024610365,379
EX-00758,2025-08-11 21:02:59,ΑΝΑΙΣΘΗΣΙΑ ΓΙΑ ΕΠΕΜΒΑΣΕΙΣ ΠΟΥ ΑΦΟΡΟΥΝ ΤΗ ΡΙΝΑ ΚΑΙ ΕΠΙΚΟΥΡΙΚΕΣ ΚΟΙΛΟΤΗΤΕΣ· ΡΙΖΙΚΗ ΕΠΕΜΒΑΣΗ,2369.80,Ολοκληρώθηκε χωρίς επιπλοκές.,01024610365,379
EX-00759,2025-08-11 21:02:59,ΑΝΑΙΣΘΗΣΙΑ ΓΙΑ ΕΝΔΟΚΡΑΝΙΑΚΕΣ ΕΠΕΜΒΑΣΕΙΣ· ΗΛΕΚΤΡΟΚΑΥΤΗΡΙΑΣΗ ΤΟΥ ΕΝΔΟΚΡΑΝΙΑΚΟΥ ΝΕΥΡΟΥ,2173.68,Δεν παρατηρήθηκαν παθολογικά ευρήματα κατά τον έλεγχο.,01024610365,379
EX-00760,2025-08-13 10:08:58,ΑΝΑΙΣΘΗΣΙΑ ΓΙΑ ΕΠΕΜΒΑΣΕΙΣ ΣΧΕΤΙΚΕΣ ΜΕ ΤΗΝ ΠΛΑΣΤΙΚΗ ΔΙΟΡΘΩΣΗ ΧΕΙΛΕΟΣΧΙΣΤΙΑΣ (ΛΥΚΟΣΤΟΜΑ),2027.48,Δεν παρατηρήθηκαν παθολογικά ευρήματα κατά τον έλεγχο.,04010443316,380
EX-00761,2025-08-15 10:08:58,ΑΝΑΙΣΘΗΣΙΑ ΓΙΑ ΗΛΕΚΤΡΟΣΠΑΣΜΟΘΕΡΑΠΕΙΑ,1532.75,Η διαδικασία ολοκληρώθηκε ομαλά. Φυσιολογικά ευρήματα.,04010443316,380
EX-00762,2025-08-15 21:08:58,ΑΝΑΙΣΘΗΣΙΑ ΓΙΑ ΕΠΕΜΒΑΣΕΙΣ ΠΟΥ ΑΦΟΡΟΥΝ ΤΟΝ ΟΦΘΑΛΜΟ· ΧΕΙΡΟΥΡΓΙΚΗ ΦΑΚΩΝ,1156.04,Ολοκληρώθηκε χωρίς επιπλοκές.,04010443316,380
EX-00763,2025-08-16 11:06:01,"ΑΝΑΙΣΘΗΣΙΑ ΓΙΑ ΕΠΕΜΒΑΣΕΙΣ ΠΟΥ ΑΦΟΡΟΥΝ ΤΟ ΕΞΩ, ΤΟ ΜΕΣΟΝ ΚΑΙ ΤΟ ΕΣΩ ΟΥΣ, ΣΥΜΠΕΡΙΛΑΜΒΑΝΟΜΕΝΗΣ ΤΗΣ ΒΙΟΨΙΑΣ· ΩΤΟΣΚΟΠΗΣΗ",2213.35,Ήπια απόκλιση τιμών. Ενημερώθηκε ο θεράπων ιατρός.,28026692058,381
EX-00764,2025-08-18 06:06:01,"ΑΝΑΙΣΘΗΣΙΑ ΓΙΑ ΕΠΕΜΒΑΣΕΙΣ ΠΟΥ ΑΦΟΡΟΥΝ ΤΟ ΕΞΩ, ΤΟ ΜΕΣΟΝ ΚΑΙ ΤΟ ΕΣΩ ΟΥΣ, ΣΥΜΠΕΡΙΛΑΜΒΑΝΟΜΕΝΗΣ ΤΗΣ ΒΙΟΨΙΑΣ· ΔΕΝ ΠΡΟΣΔΙΟΡΙΖΕΤΑΙ ΠΕΡΑΙΤΕΡΩ",795.29,Η διαδικασία ολοκληρώθηκε ομαλά. Φυσιολογικά ευρήματα.,28026692058,381
EX-00765,2025-08-16 14:00:48,ΑΝΑΙΣΘΗΣΙΑ ΓΙΑ ΕΝΔΟΚΡΑΝΙΑΚΕΣ ΕΠΕΜΒΑΣΕΙΣ· ΚΡΑΝΙΟΤΟΜΗ Ή ΚΡΑΝΙΕΚΤΟΜΗ ΓΙΑ ΤΗΝ ΠΑΡΟΧΕΤΕΥΣΗ ΑΙΜΑΤΩΜΑΤΟΣ,51.97,Ολοκληρώθηκε χωρίς επιπλοκές.,02087077516,382
EX-00766,2025-08-19 18:22:43,ΑΝΑΙΣΘΗΣΙΑ ΓΙΑ ΕΠΕΜΒΑΣΕΙΣ ΕΠΑΝΟΡΘΩΤΙΚΗΣ ΧΕΙΡΟΥΡΓΙΚΗΣ ΒΛΕΦΑΡΩΝ (Π.Χ. ΒΛΕΦΑΡΟΠΛΑΣΤΙΚΗ ΕΓΧΕΙΡΗΣΗ ΒΛΕΦΑΡΟΠΤΩΣΗΣ),2236.35,Δεν παρατηρήθηκαν παθολογικά ευρήματα κατά τον έλεγχο.,16068107499,383
EX-00767,2025-08-21 11:22:43,ΑΝΑΙΣΘΗΣΙΑ ΓΙΑ ΕΠΕΜΒΑΣΕΙΣ ΠΟΥ ΑΦΟΡΟΥΝ ΤΟΝ ΟΦΘΑΛΜΟ· ΔΕΝ ΠΡΟΣΔΙΟΡΙΖΕΤΑΙ ΠΕΡΑΙΤΕΡΩ,574.09,Αναμένονται περαιτέρω αναλύσεις από το εργαστήριο.,16068107499,383
EX-00768,2025-08-21 00:13:16,ΑΝΑΙΣΘΗΣΙΑ ΓΙΑ ΕΝΔΟΚΡΑΝΙΑΚΕΣ ΕΠΕΜΒΑΣΕΙΣ· ΚΡΑΝΙΟΤΟΜΗ Ή ΚΡΑΝΙΕΚΤΟΜΗ ΓΙΑ ΤΗΝ ΠΑΡΟΧΕΤΕΥΣΗ ΑΙΜΑΤΩΜΑΤΟΣ,51.97,Ήπια απόκλιση τιμών. Ενημερώθηκε ο θεράπων ιατρός.,28120467810,384
EX-00769,2025-08-20 08:13:16,ΑΝΑΙΣΘΗΣΙΑ ΓΙΑ ΕΝΔΟΚΡΑΝΙΑΚΕΣ ΕΠΕΜΒΑΣΕΙΣ· ΗΛΕΚΤΡΟΚΑΥΤΗΡΙΑΣΗ ΤΟΥ ΕΝΔΟΚΡΑΝΙΑΚΟΥ ΝΕΥΡΟΥ,2173.68,Η διαδικασία ολοκληρώθηκε ομαλά. Φυσιολογικά ευρήματα.,28120467810,384
EX-00770,2025-08-22 12:03:45,ΑΝΑΙΣΘΗΣΙΑ ΓΙΑ ΕΠΕΜΒΑΣΕΙΣ ΣΧΕΤΙΚΕΣ ΜΕ ΤΗΝ ΠΛΑΣΤΙΚΗ ΔΙΟΡΘΩΣΗ ΧΕΙΛΕΟΣΧΙΣΤΙΑΣ (ΛΥΚΟΣΤΟΜΑ),2027.48,Αναμένονται περαιτέρω αναλύσεις από το εργαστήριο.,08088799158,385
EX-00771,2025-08-21 15:03:45,ΑΝΑΙΣΘΗΣΙΑ ΓΙΑ ΕΠΕΜΒΑΣΕΙΣ ΕΠΑΝΟΡΘΩΤΙΚΗΣ ΧΕΙΡΟΥΡΓΙΚΗΣ ΒΛΕΦΑΡΩΝ (Π.Χ. ΒΛΕΦΑΡΟΠΛΑΣΤΙΚΗ ΕΓΧΕΙΡΗΣΗ ΒΛΕΦΑΡΟΠΤΩΣΗΣ),2236.35,Ολοκληρώθηκε χωρίς επιπλοκές.,08088799158,385
EX-00772,2025-09-02 03:31:44,"ΑΝΑΙΣΘΗΣΙΑ ΓΙΑ ΕΠΕΜΒΑΣΕΙΣ ΠΟΥ ΑΦΟΡΟΥΝ ΤΟ ΕΞΩ, ΤΟ ΜΕΣΟΝ ΚΑΙ ΤΟ ΕΣΩ ΟΥΣ, ΣΥΜΠΕΡΙΛΑΜΒΑΝΟΜΕΝΗΣ ΤΗΣ ΒΙΟΨΙΑΣ· ΔΕΝ ΠΡΟΣΔΙΟΡΙΖΕΤΑΙ ΠΕΡΑΙΤΕΡΩ",795.29,Αναμένονται περαιτέρω αναλύσεις από το εργαστήριο.,17078627586,386
EX-00773,2025-09-03 01:31:44,ΑΝΑΙΣΘΗΣΙΑ ΓΙΑ ΕΠΕΜΒΑΣΕΙΣ ΠΟΥ ΑΦΟΡΟΥΝ ΤΟΝ ΟΦΘΑΛΜΟ· ΔΕΝ ΠΡΟΣΔΙΟΡΙΖΕΤΑΙ ΠΕΡΑΙΤΕΡΩ,574.09,Η διαδικασία ολοκληρώθηκε ομαλά. Φυσιολογικά ευρήματα.,17078627586,386
EX-00774,2025-08-31 07:31:44,ΑΝΑΙΣΘΗΣΙΑ ΓΙΑ ΕΠΕΜΒΑΣΕΙΣ ΣΧΕΤΙΚΕΣ ΜΕ ΤΗΝ ΠΛΑΣΤΙΚΗ ΔΙΟΡΘΩΣΗ ΧΕΙΛΕΟΣΧΙΣΤΙΑΣ (ΛΥΚΟΣΤΟΜΑ),2027.48,Αναμένονται περαιτέρω αναλύσεις από το εργαστήριο.,17078627586,386
EX-00775,2025-09-10 10:13:48,ΑΝΑΙΣΘΗΣΙΑ ΓΙΑ ΕΠΕΜΒΑΣΕΙΣ ΠΟΥ ΑΦΟΡΟΥΝ ΤΟΝ ΟΦΘΑΛΜΟ· ΔΕΝ ΠΡΟΣΔΙΟΡΙΖΕΤΑΙ ΠΕΡΑΙΤΕΡΩ,574.09,Ολοκληρώθηκε χωρίς επιπλοκές.,16040493179,387
EX-00776,2025-09-17 19:58:36,"ΑΝΑΙΣΘΗΣΙΑ ΓΙΑ ΕΠΕΜΒΑΣΕΙΣ ΠΟΥ ΑΦΟΡΟΥΝ ΤΟ ΕΞΩ, ΤΟ ΜΕΣΟΝ ΚΑΙ ΤΟ ΕΣΩ ΟΥΣ, ΣΥΜΠΕΡΙΛΑΜΒΑΝΟΜΕΝΗΣ ΤΗΣ ΒΙΟΨΙΑΣ· ΔΕΝ ΠΡΟΣΔΙΟΡΙΖΕΤΑΙ ΠΕΡΑΙΤΕΡΩ",795.29,Αναμένονται περαιτέρω αναλύσεις από το εργαστήριο.,28120467810,388
EX-00777,2025-09-12 05:58:36,ΑΝΑΙΣΘΗΣΙΑ ΓΙΑ ΕΠΕΜΒΑΣΕΙΣ ΣΧΕΤΙΚΕΣ ΜΕ ΤΗΝ ΠΛΑΣΤΙΚΗ ΔΙΟΡΘΩΣΗ ΧΕΙΛΕΟΣΧΙΣΤΙΑΣ (ΛΥΚΟΣΤΟΜΑ),2027.48,Ολοκληρώθηκε χωρίς επιπλοκές.,28120467810,388
EX-00778,2025-09-13 17:58:36,ΑΝΑΙΣΘΗΣΙΑ ΓΙΑ ΕΠΕΜΒΑΣΕΙΣ ΠΟΥ ΑΦΟΡΟΥΝ ΤΗ ΡΙΝΑ ΚΑΙ ΕΠΙΚΟΥΡΙΚΕΣ ΚΟΙΛΟΤΗΤΕΣ· ΡΙΖΙΚΗ ΕΠΕΜΒΑΣΗ,2369.80,Αναμένονται περαιτέρω αναλύσεις από το εργαστήριο.,28120467810,388
EX-00779,2025-09-21 10:18:37,"ΑΝΑΙΣΘΗΣΙΑ ΓΙΑ ΕΠΕΜΒΑΣΕΙΣ ΠΟΥ ΑΦΟΡΟΥΝ ΤΟ ΕΞΩ, ΤΟ ΜΕΣΟΝ ΚΑΙ ΤΟ ΕΣΩ ΟΥΣ, ΣΥΜΠΕΡΙΛΑΜΒΑΝΟΜΕΝΗΣ ΤΗΣ ΒΙΟΨΙΑΣ· ΤΟΜΗ ΤΥΜΠΑΝΙΚΟΥ ΥΜΕΝΑ",1283.52,Η διαδικασία ολοκληρώθηκε ομαλά. Φυσιολογικά ευρήματα.,11100467158,389
EX-00780,2025-09-19 21:18:37,"ΑΝΑΙΣΘΗΣΙΑ ΓΙΑ ΕΠΕΜΒΑΣΕΙΣ ΠΟΥ ΑΦΟΡΟΥΝ ΤΟ ΕΞΩ, ΤΟ ΜΕΣΟΝ ΚΑΙ ΤΟ ΕΣΩ ΟΥΣ, ΣΥΜΠΕΡΙΛΑΜΒΑΝΟΜΕΝΗΣ ΤΗΣ ΒΙΟΨΙΑΣ· ΤΟΜΗ ΤΥΜΠΑΝΙΚΟΥ ΥΜΕΝΑ",1283.52,Δεν παρατηρήθηκαν παθολογικά ευρήματα κατά τον έλεγχο.,11100467158,389
EX-00781,2025-09-20 16:18:37,ΑΝΑΙΣΘΗΣΙΑ ΓΙΑ ΕΠΕΜΒΑΣΕΙΣ ΠΟΥ ΑΦΟΡΟΥΝ ΤΗ ΡΙΝΑ ΚΑΙ ΕΠΙΚΟΥΡΙΚΕΣ ΚΟΙΛΟΤΗΤΕΣ· ΡΙΖΙΚΗ ΕΠΕΜΒΑΣΗ,2369.80,Ήπια απόκλιση τιμών. Ενημερώθηκε ο θεράπων ιατρός.,11100467158,389
EX-00782,2025-09-23 18:55:00,"ΑΝΑΙΣΘΗΣΙΑ ΓΙΑ ΕΠΕΜΒΑΣΕΙΣ ΠΟΥ ΑΦΟΡΟΥΝ ΤΟ ΕΞΩ, ΤΟ ΜΕΣΟΝ ΚΑΙ ΤΟ ΕΣΩ ΟΥΣ, ΣΥΜΠΕΡΙΛΑΜΒΑΝΟΜΕΝΗΣ ΤΗΣ ΒΙΟΨΙΑΣ· ΔΕΝ ΠΡΟΣΔΙΟΡΙΖΕΤΑΙ ΠΕΡΑΙΤΕΡΩ",795.29,Ολοκληρώθηκε χωρίς επιπλοκές.,19110834569,390
EX-00783,2025-09-23 19:55:00,ΑΝΑΙΣΘΗΣΙΑ ΓΙΑ ΕΠΕΜΒΑΣΕΙΣ ΣΧΕΤΙΚΕΣ ΜΕ ΤΗΝ ΠΛΑΣΤΙΚΗ ΔΙΟΡΘΩΣΗ ΧΕΙΛΕΟΣΧΙΣΤΙΑΣ (ΛΥΚΟΣΤΟΜΑ),2027.48,Ήπια απόκλιση τιμών. Ενημερώθηκε ο θεράπων ιατρός.,19110834569,390
EX-00784,2025-09-22 12:55:00,"ΑΝΑΙΣΘΗΣΙΑ ΓΙΑ ΕΠΕΜΒΑΣΕΙΣ ΠΟΥ ΑΦΟΡΟΥΝ ΤΟ ΕΞΩ, ΤΟ ΜΕΣΟΝ ΚΑΙ ΤΟ ΕΣΩ ΟΥΣ, ΣΥΜΠΕΡΙΛΑΜΒΑΝΟΜΕΝΗΣ ΤΗΣ ΒΙΟΨΙΑΣ· ΩΤΟΣΚΟΠΗΣΗ",2213.35,Αναμένονται περαιτέρω αναλύσεις από το εργαστήριο.,19110834569,390
EX-00785,2025-09-26 22:33:21,ΑΝΑΙΣΘΗΣΙΑ ΓΙΑ ΕΠΕΜΒΑΣΕΙΣ ΣΧΕΤΙΚΕΣ ΜΕ ΤΗΝ ΠΛΑΣΤΙΚΗ ΔΙΟΡΘΩΣΗ ΧΕΙΛΕΟΣΧΙΣΤΙΑΣ (ΛΥΚΟΣΤΟΜΑ),2027.48,Ολοκληρώθηκε χωρίς επιπλοκές.,08088799158,391
EX-00786,2025-09-28 17:28:42,ΑΝΑΙΣΘΗΣΙΑ ΓΙΑ ΕΠΕΜΒΑΣΕΙΣ ΠΟΥ ΑΦΟΡΟΥΝ ΤΟΝ ΟΦΘΑΛΜΟ· ΧΕΙΡΟΥΡΓΙΚΗ ΦΑΚΩΝ,1156.04,Ήπια απόκλιση τιμών. Ενημερώθηκε ο θεράπων ιατρός.,09066167650,392
EX-00787,2025-09-30 22:28:42,"ΑΝΑΙΣΘΗΣΙΑ ΓΙΑ ΕΠΕΜΒΑΣΕΙΣ ΠΟΥ ΑΦΟΡΟΥΝ ΤΟ ΕΞΩ, ΤΟ ΜΕΣΟΝ ΚΑΙ ΤΟ ΕΣΩ ΟΥΣ, ΣΥΜΠΕΡΙΛΑΜΒΑΝΟΜΕΝΗΣ ΤΗΣ ΒΙΟΨΙΑΣ· ΩΤΟΣΚΟΠΗΣΗ",2213.35,Ολοκληρώθηκε χωρίς επιπλοκές.,09066167650,392
EX-00788,2025-09-27 04:28:42,ΑΝΑΙΣΘΗΣΙΑ ΓΙΑ ΕΠΕΜΒΑΣΕΙΣ ΕΠΑΝΟΡΘΩΤΙΚΗΣ ΧΕΙΡΟΥΡΓΙΚΗΣ ΒΛΕΦΑΡΩΝ (Π.Χ. ΒΛΕΦΑΡΟΠΛΑΣΤΙΚΗ ΕΓΧΕΙΡΗΣΗ ΒΛΕΦΑΡΟΠΤΩΣΗΣ),2236.35,Η διαδικασία ολοκληρώθηκε ομαλά. Φυσιολογικά ευρήματα.,09066167650,392
EX-00789,2025-10-07 21:08:12,ΑΝΑΙΣΘΗΣΙΑ ΓΙΑ ΕΠΕΜΒΑΣΕΙΣ ΣΧΕΤΙΚΕΣ ΜΕ ΤΗΝ ΠΛΑΣΤΙΚΗ ΔΙΟΡΘΩΣΗ ΧΕΙΛΕΟΣΧΙΣΤΙΑΣ (ΛΥΚΟΣΤΟΜΑ),2027.48,Η διαδικασία ολοκληρώθηκε ομαλά. Φυσιολογικά ευρήματα.,27099728378,393
EX-00790,2025-10-10 13:22:29,ΑΝΑΙΣΘΗΣΙΑ ΓΙΑ ΕΝΔΟΚΡΑΝΙΑΚΕΣ ΕΠΕΜΒΑΣΕΙΣ· ΚΡΑΝΙΟΤΟΜΗ Ή ΚΡΑΝΙΕΚΤΟΜΗ ΓΙΑ ΤΗΝ ΠΑΡΟΧΕΤΕΥΣΗ ΑΙΜΑΤΩΜΑΤΟΣ,51.97,Ήπια απόκλιση τιμών. Ενημερώθηκε ο θεράπων ιατρός.,04010443316,394
EX-00791,2025-10-01 22:22:29,ΑΝΑΙΣΘΗΣΙΑ ΓΙΑ ΕΠΕΜΒΑΣΕΙΣ ΕΠΑΝΟΡΘΩΤΙΚΗΣ ΧΕΙΡΟΥΡΓΙΚΗΣ ΒΛΕΦΑΡΩΝ (Π.Χ. ΒΛΕΦΑΡΟΠΛΑΣΤΙΚΗ ΕΓΧΕΙΡΗΣΗ ΒΛΕΦΑΡΟΠΤΩΣΗΣ),2236.35,Ήπια απόκλιση τιμών. Ενημερώθηκε ο θεράπων ιατρός.,04010443316,394
EX-00792,2025-10-10 08:22:29,"ΑΝΑΙΣΘΗΣΙΑ ΓΙΑ ΕΠΕΜΒΑΣΕΙΣ ΠΟΥ ΑΦΟΡΟΥΝ ΤΟ ΕΞΩ, ΤΟ ΜΕΣΟΝ ΚΑΙ ΤΟ ΕΣΩ ΟΥΣ, ΣΥΜΠΕΡΙΛΑΜΒΑΝΟΜΕΝΗΣ ΤΗΣ ΒΙΟΨΙΑΣ· ΩΤΟΣΚΟΠΗΣΗ",2213.35,Ήπια απόκλιση τιμών. Ενημερώθηκε ο θεράπων ιατρός.,04010443316,394
EX-00793,2025-10-14 21:57:53,"ΑΝΑΙΣΘΗΣΙΑ ΓΙΑ ΕΠΕΜΒΑΣΕΙΣ ΠΟΥ ΑΦΟΡΟΥΝ ΤΟ ΕΞΩ, ΤΟ ΜΕΣΟΝ ΚΑΙ ΤΟ ΕΣΩ ΟΥΣ, ΣΥΜΠΕΡΙΛΑΜΒΑΝΟΜΕΝΗΣ ΤΗΣ ΒΙΟΨΙΑΣ· ΤΟΜΗ ΤΥΜΠΑΝΙΚΟΥ ΥΜΕΝΑ",1283.52,Η διαδικασία ολοκληρώθηκε ομαλά. Φυσιολογικά ευρήματα.,21017437016,395
EX-00794,2025-10-20 11:34:05,ΑΝΑΙΣΘΗΣΙΑ ΓΙΑ ΕΝΔΟΚΡΑΝΙΑΚΕΣ ΕΠΕΜΒΑΣΕΙΣ· ΗΛΕΚΤΡΟΚΑΥΤΗΡΙΑΣΗ ΤΟΥ ΕΝΔΟΚΡΑΝΙΑΚΟΥ ΝΕΥΡΟΥ,2173.68,Η διαδικασία ολοκληρώθηκε ομαλά. Φυσιολογικά ευρήματα.,11100467158,396
EX-00795,2025-10-17 10:28:11,ΑΝΑΙΣΘΗΣΙΑ ΓΙΑ ΕΠΕΜΒΑΣΕΙΣ ΕΠΑΝΟΡΘΩΤΙΚΗΣ ΧΕΙΡΟΥΡΓΙΚΗΣ ΒΛΕΦΑΡΩΝ (Π.Χ. ΒΛΕΦΑΡΟΠΛΑΣΤΙΚΗ ΕΓΧΕΙΡΗΣΗ ΒΛΕΦΑΡΟΠΤΩΣΗΣ),2236.35,Η διαδικασία ολοκληρώθηκε ομαλά. Φυσιολογικά ευρήματα.,19089017616,397
EX-00796,2025-10-18 12:28:11,ΑΝΑΙΣΘΗΣΙΑ ΓΙΑ ΕΠΕΜΒΑΣΕΙΣ ΕΠΑΝΟΡΘΩΤΙΚΗΣ ΧΕΙΡΟΥΡΓΙΚΗΣ ΒΛΕΦΑΡΩΝ (Π.Χ. ΒΛΕΦΑΡΟΠΛΑΣΤΙΚΗ ΕΓΧΕΙΡΗΣΗ ΒΛΕΦΑΡΟΠΤΩΣΗΣ),2236.35,Η διαδικασία ολοκληρώθηκε ομαλά. Φυσιολογικά ευρήματα.,19089017616,397
EX-00797,2025-10-18 09:28:11,ΑΝΑΙΣΘΗΣΙΑ ΓΙΑ ΗΛΕΚΤΡΟΣΠΑΣΜΟΘΕΡΑΠΕΙΑ,1532.75,Δεν παρατηρήθηκαν παθολογικά ευρήματα κατά τον έλεγχο.,19089017616,397
EX-00798,2025-10-16 14:10:11,ΑΝΑΙΣΘΗΣΙΑ ΓΙΑ ΗΛΕΚΤΡΟΣΠΑΣΜΟΘΕΡΑΠΕΙΑ,1532.75,Ήπια απόκλιση τιμών. Ενημερώθηκε ο θεράπων ιατρός.,26067425558,398
EX-00799,2025-10-20 09:10:11,"ΑΝΑΙΣΘΗΣΙΑ ΓΙΑ ΕΠΕΜΒΑΣΕΙΣ ΠΟΥ ΑΦΟΡΟΥΝ ΤΟ ΕΞΩ, ΤΟ ΜΕΣΟΝ ΚΑΙ ΤΟ ΕΣΩ ΟΥΣ, ΣΥΜΠΕΡΙΛΑΜΒΑΝΟΜΕΝΗΣ ΤΗΣ ΒΙΟΨΙΑΣ· ΩΤΟΣΚΟΠΗΣΗ",2213.35,Η διαδικασία ολοκληρώθηκε ομαλά. Φυσιολογικά ευρήματα.,26067425558,398
EX-00800,2025-10-22 00:11:42,ΑΝΑΙΣΘΗΣΙΑ ΓΙΑ ΕΠΕΜΒΑΣΕΙΣ ΕΠΑΝΟΡΘΩΤΙΚΗΣ ΧΕΙΡΟΥΡΓΙΚΗΣ ΒΛΕΦΑΡΩΝ (Π.Χ. ΒΛΕΦΑΡΟΠΛΑΣΤΙΚΗ ΕΓΧΕΙΡΗΣΗ ΒΛΕΦΑΡΟΠΤΩΣΗΣ),2236.35,Ήπια απόκλιση τιμών. Ενημερώθηκε ο θεράπων ιατρός.,14024366361,399
EX-00801,2025-10-21 03:11:42,"ΑΝΑΙΣΘΗΣΙΑ ΓΙΑ ΕΠΕΜΒΑΣΕΙΣ ΠΟΥ ΑΦΟΡΟΥΝ ΤΟ ΕΞΩ, ΤΟ ΜΕΣΟΝ ΚΑΙ ΤΟ ΕΣΩ ΟΥΣ, ΣΥΜΠΕΡΙΛΑΜΒΑΝΟΜΕΝΗΣ ΤΗΣ ΒΙΟΨΙΑΣ· ΔΕΝ ΠΡΟΣΔΙΟΡΙΖΕΤΑΙ ΠΕΡΑΙΤΕΡΩ",795.29,Ήπια απόκλιση τιμών. Ενημερώθηκε ο θεράπων ιατρός.,14024366361,399
EX-00802,2025-10-30 13:28:30,ΑΝΑΙΣΘΗΣΙΑ ΓΙΑ ΕΝΔΟΚΡΑΝΙΑΚΕΣ ΕΠΕΜΒΑΣΕΙΣ· ΗΛΕΚΤΡΟΚΑΥΤΗΡΙΑΣΗ ΤΟΥ ΕΝΔΟΚΡΑΝΙΑΚΟΥ ΝΕΥΡΟΥ,2173.68,Ολοκληρώθηκε χωρίς επιπλοκές.,07109876453,400
EX-00803,2025-11-01 09:28:30,"ΑΝΑΙΣΘΗΣΙΑ ΓΙΑ ΕΠΕΜΒΑΣΕΙΣ ΠΟΥ ΑΦΟΡΟΥΝ ΤΟΥΣ ΣΙΕΛΟΓΟΝΟΥΣ ΑΔΕΝΕΣ, ΣΥΜΠΕΡΙΛΑΜΒΑΝΟΜΕΝΗΣ ΤΗΣ ΒΙΟΨΙΑΣ",264.08,Αναμένονται περαιτέρω αναλύσεις από το εργαστήριο.,07109876453,400
EX-00804,2025-11-02 19:28:30,"ΑΝΑΙΣΘΗΣΙΑ ΓΙΑ ΕΠΕΜΒΑΣΕΙΣ ΠΟΥ ΑΦΟΡΟΥΝ ΤΟ ΕΞΩ, ΤΟ ΜΕΣΟΝ ΚΑΙ ΤΟ ΕΣΩ ΟΥΣ, ΣΥΜΠΕΡΙΛΑΜΒΑΝΟΜΕΝΗΣ ΤΗΣ ΒΙΟΨΙΑΣ· ΔΕΝ ΠΡΟΣΔΙΟΡΙΖΕΤΑΙ ΠΕΡΑΙΤΕΡΩ",795.29,Δεν παρατηρήθηκαν παθολογικά ευρήματα κατά τον έλεγχο.,07109876453,400
EX-00805,2025-11-07 10:51:38,"ΑΝΑΙΣΘΗΣΙΑ ΓΙΑ ΕΠΕΜΒΑΣΕΙΣ ΠΟΥ ΑΦΟΡΟΥΝ ΤΟ ΕΞΩ, ΤΟ ΜΕΣΟΝ ΚΑΙ ΤΟ ΕΣΩ ΟΥΣ, ΣΥΜΠΕΡΙΛΑΜΒΑΝΟΜΕΝΗΣ ΤΗΣ ΒΙΟΨΙΑΣ· ΩΤΟΣΚΟΠΗΣΗ",2213.35,Ήπια απόκλιση τιμών. Ενημερώθηκε ο θεράπων ιατρός.,03057873936,401
EX-00806,2025-11-06 03:24:31,"ΑΝΑΙΣΘΗΣΙΑ ΓΙΑ ΕΠΕΜΒΑΣΕΙΣ ΠΟΥ ΑΦΟΡΟΥΝ ΤΟ ΕΞΩ, ΤΟ ΜΕΣΟΝ ΚΑΙ ΤΟ ΕΣΩ ΟΥΣ, ΣΥΜΠΕΡΙΛΑΜΒΑΝΟΜΕΝΗΣ ΤΗΣ ΒΙΟΨΙΑΣ· ΩΤΟΣΚΟΠΗΣΗ",2213.35,Η διαδικασία ολοκληρώθηκε ομαλά. Φυσιολογικά ευρήματα.,07044341149,402
EX-00807,2025-11-02 23:24:31,ΑΝΑΙΣΘΗΣΙΑ ΓΙΑ ΕΠΕΜΒΑΣΕΙΣ ΠΟΥ ΑΦΟΡΟΥΝ ΤΗ ΡΙΝΑ ΚΑΙ ΕΠΙΚΟΥΡΙΚΕΣ ΚΟΙΛΟΤΗΤΕΣ· ΡΙΖΙΚΗ ΕΠΕΜΒΑΣΗ,2369.80,Αναμένονται περαιτέρω αναλύσεις από το εργαστήριο.,07044341149,402
EX-00808,2025-11-09 06:24:31,"ΑΝΑΙΣΘΗΣΙΑ ΓΙΑ ΕΠΕΜΒΑΣΕΙΣ ΠΟΥ ΑΦΟΡΟΥΝ ΤΟ ΕΞΩ, ΤΟ ΜΕΣΟΝ ΚΑΙ ΤΟ ΕΣΩ ΟΥΣ, ΣΥΜΠΕΡΙΛΑΜΒΑΝΟΜΕΝΗΣ ΤΗΣ ΒΙΟΨΙΑΣ· ΩΤΟΣΚΟΠΗΣΗ",2213.35,Ολοκληρώθηκε χωρίς επιπλοκές.,07044341149,402
EX-00809,2025-11-13 06:11:30,"ΑΝΑΙΣΘΗΣΙΑ ΓΙΑ ΕΠΕΜΒΑΣΕΙΣ ΠΟΥ ΑΦΟΡΟΥΝ ΤΟΥΣ ΣΙΕΛΟΓΟΝΟΥΣ ΑΔΕΝΕΣ, ΣΥΜΠΕΡΙΛΑΜΒΑΝΟΜΕΝΗΣ ΤΗΣ ΒΙΟΨΙΑΣ",264.08,Δεν παρατηρήθηκαν παθολογικά ευρήματα κατά τον έλεγχο.,02087077516,403
EX-00810,2025-11-04 19:10:46,ΑΝΑΙΣΘΗΣΙΑ ΓΙΑ ΕΠΕΜΒΑΣΕΙΣ ΠΟΥ ΑΦΟΡΟΥΝ ΤΗ ΡΙΝΑ ΚΑΙ ΕΠΙΚΟΥΡΙΚΕΣ ΚΟΙΛΟΤΗΤΕΣ· ΡΙΖΙΚΗ ΕΠΕΜΒΑΣΗ,2369.80,Ολοκληρώθηκε χωρίς επιπλοκές.,19075521849,404
EX-00811,2025-11-08 22:32:14,ΑΝΑΙΣΘΗΣΙΑ ΓΙΑ ΕΠΕΜΒΑΣΕΙΣ ΠΟΥ ΑΦΟΡΟΥΝ ΤΗ ΡΙΝΑ ΚΑΙ ΕΠΙΚΟΥΡΙΚΕΣ ΚΟΙΛΟΤΗΤΕΣ· ΡΙΖΙΚΗ ΕΠΕΜΒΑΣΗ,2369.80,Αναμένονται περαιτέρω αναλύσεις από το εργαστήριο.,28120467810,405
EX-00812,2025-11-11 08:50:09,ΑΝΑΙΣΘΗΣΙΑ ΓΙΑ ΕΠΕΜΒΑΣΕΙΣ ΣΧΕΤΙΚΕΣ ΜΕ ΤΗΝ ΠΛΑΣΤΙΚΗ ΔΙΟΡΘΩΣΗ ΧΕΙΛΕΟΣΧΙΣΤΙΑΣ (ΛΥΚΟΣΤΟΜΑ),2027.48,Ήπια απόκλιση τιμών. Ενημερώθηκε ο θεράπων ιατρός.,22048608378,406
EX-00813,2025-11-14 08:50:09,ΑΝΑΙΣΘΗΣΙΑ ΓΙΑ ΕΠΕΜΒΑΣΕΙΣ ΠΟΥ ΑΦΟΡΟΥΝ ΤΗ ΡΙΝΑ ΚΑΙ ΕΠΙΚΟΥΡΙΚΕΣ ΚΟΙΛΟΤΗΤΕΣ· ΡΙΖΙΚΗ ΕΠΕΜΒΑΣΗ,2369.80,Η διαδικασία ολοκληρώθηκε ομαλά. Φυσιολογικά ευρήματα.,22048608378,406
EX-00814,2025-11-12 03:50:09,ΑΝΑΙΣΘΗΣΙΑ ΓΙΑ ΕΠΕΜΒΑΣΕΙΣ ΠΟΥ ΑΦΟΡΟΥΝ ΤΟΝ ΟΦΘΑΛΜΟ· ΔΕΝ ΠΡΟΣΔΙΟΡΙΖΕΤΑΙ ΠΕΡΑΙΤΕΡΩ,574.09,Ολοκληρώθηκε χωρίς επιπλοκές.,22048608378,406
EX-00815,2025-11-14 19:19:53,ΑΝΑΙΣΘΗΣΙΑ ΓΙΑ ΕΠΕΜΒΑΣΕΙΣ ΠΟΥ ΑΦΟΡΟΥΝ ΤΗ ΡΙΝΑ ΚΑΙ ΕΠΙΚΟΥΡΙΚΕΣ ΚΟΙΛΟΤΗΤΕΣ· ΡΙΖΙΚΗ ΕΠΕΜΒΑΣΗ,2369.80,Ήπια απόκλιση τιμών. Ενημερώθηκε ο θεράπων ιατρός.,18060326718,407
EX-00816,2025-11-15 17:19:53,ΑΝΑΙΣΘΗΣΙΑ ΓΙΑ ΕΝΔΟΚΡΑΝΙΑΚΕΣ ΕΠΕΜΒΑΣΕΙΣ· ΗΛΕΚΤΡΟΚΑΥΤΗΡΙΑΣΗ ΤΟΥ ΕΝΔΟΚΡΑΝΙΑΚΟΥ ΝΕΥΡΟΥ,2173.68,Ολοκληρώθηκε χωρίς επιπλοκές.,18060326718,407
EX-00817,2025-11-16 00:19:53,"ΑΝΑΙΣΘΗΣΙΑ ΓΙΑ ΕΠΕΜΒΑΣΕΙΣ ΠΟΥ ΑΦΟΡΟΥΝ ΤΟ ΕΞΩ, ΤΟ ΜΕΣΟΝ ΚΑΙ ΤΟ ΕΣΩ ΟΥΣ, ΣΥΜΠΕΡΙΛΑΜΒΑΝΟΜΕΝΗΣ ΤΗΣ ΒΙΟΨΙΑΣ· ΔΕΝ ΠΡΟΣΔΙΟΡΙΖΕΤΑΙ ΠΕΡΑΙΤΕΡΩ",795.29,Δεν παρατηρήθηκαν παθολογικά ευρήματα κατά τον έλεγχο.,18060326718,407
EX-00818,2025-11-28 03:02:49,ΑΝΑΙΣΘΗΣΙΑ ΓΙΑ ΕΠΕΜΒΑΣΕΙΣ ΣΧΕΤΙΚΕΣ ΜΕ ΤΗΝ ΠΛΑΣΤΙΚΗ ΔΙΟΡΘΩΣΗ ΧΕΙΛΕΟΣΧΙΣΤΙΑΣ (ΛΥΚΟΣΤΟΜΑ),2027.48,Ήπια απόκλιση τιμών. Ενημερώθηκε ο θεράπων ιατρός.,19089017616,408
EX-00819,2025-11-24 02:02:49,"ΑΝΑΙΣΘΗΣΙΑ ΓΙΑ ΕΠΕΜΒΑΣΕΙΣ ΠΟΥ ΑΦΟΡΟΥΝ ΤΟ ΕΞΩ, ΤΟ ΜΕΣΟΝ ΚΑΙ ΤΟ ΕΣΩ ΟΥΣ, ΣΥΜΠΕΡΙΛΑΜΒΑΝΟΜΕΝΗΣ ΤΗΣ ΒΙΟΨΙΑΣ· ΔΕΝ ΠΡΟΣΔΙΟΡΙΖΕΤΑΙ ΠΕΡΑΙΤΕΡΩ",795.29,Ολοκληρώθηκε χωρίς επιπλοκές.,19089017616,408
EX-00820,2025-11-20 19:02:49,"ΑΝΑΙΣΘΗΣΙΑ ΓΙΑ ΕΠΕΜΒΑΣΕΙΣ ΠΟΥ ΑΦΟΡΟΥΝ ΤΟ ΕΞΩ, ΤΟ ΜΕΣΟΝ ΚΑΙ ΤΟ ΕΣΩ ΟΥΣ, ΣΥΜΠΕΡΙΛΑΜΒΑΝΟΜΕΝΗΣ ΤΗΣ ΒΙΟΨΙΑΣ· ΤΟΜΗ ΤΥΜΠΑΝΙΚΟΥ ΥΜΕΝΑ",1283.52,Ολοκληρώθηκε χωρίς επιπλοκές.,19089017616,408
EX-00821,2025-11-25 05:21:26,ΑΝΑΙΣΘΗΣΙΑ ΓΙΑ ΕΝΔΟΚΡΑΝΙΑΚΕΣ ΕΠΕΜΒΑΣΕΙΣ· ΚΡΑΝΙΟΤΟΜΗ Ή ΚΡΑΝΙΕΚΤΟΜΗ ΓΙΑ ΤΗΝ ΠΑΡΟΧΕΤΕΥΣΗ ΑΙΜΑΤΩΜΑΤΟΣ,51.97,Δεν παρατηρήθηκαν παθολογικά ευρήματα κατά τον έλεγχο.,05068650481,409
EX-00822,2025-11-27 13:21:26,ΑΝΑΙΣΘΗΣΙΑ ΓΙΑ ΕΠΕΜΒΑΣΕΙΣ ΠΟΥ ΑΦΟΡΟΥΝ ΤΟΝ ΟΦΘΑΛΜΟ· ΔΕΝ ΠΡΟΣΔΙΟΡΙΖΕΤΑΙ ΠΕΡΑΙΤΕΡΩ,574.09,Δεν παρατηρήθηκαν παθολογικά ευρήματα κατά τον έλεγχο.,05068650481,409
EX-00823,2025-12-03 00:21:26,ΑΝΑΙΣΘΗΣΙΑ ΓΙΑ ΕΝΔΟΚΡΑΝΙΑΚΕΣ ΕΠΕΜΒΑΣΕΙΣ· ΗΛΕΚΤΡΟΚΑΥΤΗΡΙΑΣΗ ΤΟΥ ΕΝΔΟΚΡΑΝΙΑΚΟΥ ΝΕΥΡΟΥ,2173.68,Αναμένονται περαιτέρω αναλύσεις από το εργαστήριο.,05068650481,409
EX-00824,2025-11-27 19:29:55,ΑΝΑΙΣΘΗΣΙΑ ΓΙΑ ΕΝΔΟΚΡΑΝΙΑΚΕΣ ΕΠΕΜΒΑΣΕΙΣ· ΗΛΕΚΤΡΟΚΑΥΤΗΡΙΑΣΗ ΤΟΥ ΕΝΔΟΚΡΑΝΙΑΚΟΥ ΝΕΥΡΟΥ,2173.68,Ήπια απόκλιση τιμών. Ενημερώθηκε ο θεράπων ιατρός.,16118595442,410
EX-00825,2025-11-26 21:29:55,ΑΝΑΙΣΘΗΣΙΑ ΓΙΑ ΕΝΔΟΚΡΑΝΙΑΚΕΣ ΕΠΕΜΒΑΣΕΙΣ· ΚΡΑΝΙΟΤΟΜΗ Ή ΚΡΑΝΙΕΚΤΟΜΗ ΓΙΑ ΤΗΝ ΠΑΡΟΧΕΤΕΥΣΗ ΑΙΜΑΤΩΜΑΤΟΣ,51.97,Η διαδικασία ολοκληρώθηκε ομαλά. Φυσιολογικά ευρήματα.,16118595442,410
EX-00826,2025-11-26 06:29:55,"ΑΝΑΙΣΘΗΣΙΑ ΓΙΑ ΕΠΕΜΒΑΣΕΙΣ ΠΟΥ ΑΦΟΡΟΥΝ ΤΟ ΕΞΩ, ΤΟ ΜΕΣΟΝ ΚΑΙ ΤΟ ΕΣΩ ΟΥΣ, ΣΥΜΠΕΡΙΛΑΜΒΑΝΟΜΕΝΗΣ ΤΗΣ ΒΙΟΨΙΑΣ· ΩΤΟΣΚΟΠΗΣΗ",2213.35,Δεν παρατηρήθηκαν παθολογικά ευρήματα κατά τον έλεγχο.,16118595442,410
EX-00827,2025-12-07 00:54:59,"ΑΝΑΙΣΘΗΣΙΑ ΓΙΑ ΕΠΕΜΒΑΣΕΙΣ ΠΟΥ ΑΦΟΡΟΥΝ ΤΟ ΕΞΩ, ΤΟ ΜΕΣΟΝ ΚΑΙ ΤΟ ΕΣΩ ΟΥΣ, ΣΥΜΠΕΡΙΛΑΜΒΑΝΟΜΕΝΗΣ ΤΗΣ ΒΙΟΨΙΑΣ· ΤΟΜΗ ΤΥΜΠΑΝΙΚΟΥ ΥΜΕΝΑ",1283.52,Η διαδικασία ολοκληρώθηκε ομαλά. Φυσιολογικά ευρήματα.,19029051436,411
EX-00828,2025-12-01 03:54:59,"ΑΝΑΙΣΘΗΣΙΑ ΓΙΑ ΕΠΕΜΒΑΣΕΙΣ ΠΟΥ ΑΦΟΡΟΥΝ ΤΟ ΕΞΩ, ΤΟ ΜΕΣΟΝ ΚΑΙ ΤΟ ΕΣΩ ΟΥΣ, ΣΥΜΠΕΡΙΛΑΜΒΑΝΟΜΕΝΗΣ ΤΗΣ ΒΙΟΨΙΑΣ· ΤΟΜΗ ΤΥΜΠΑΝΙΚΟΥ ΥΜΕΝΑ",1283.52,Δεν παρατηρήθηκαν παθολογικά ευρήματα κατά τον έλεγχο.,19029051436,411
EX-00829,2025-12-13 09:09:43,ΑΝΑΙΣΘΗΣΙΑ ΓΙΑ ΗΛΕΚΤΡΟΣΠΑΣΜΟΘΕΡΑΠΕΙΑ,1532.75,Η διαδικασία ολοκληρώθηκε ομαλά. Φυσιολογικά ευρήματα.,05038348846,412
EX-00830,2025-12-10 11:56:51,"ΑΝΑΙΣΘΗΣΙΑ ΓΙΑ ΕΠΕΜΒΑΣΕΙΣ ΠΟΥ ΑΦΟΡΟΥΝ ΤΟ ΕΞΩ, ΤΟ ΜΕΣΟΝ ΚΑΙ ΤΟ ΕΣΩ ΟΥΣ, ΣΥΜΠΕΡΙΛΑΜΒΑΝΟΜΕΝΗΣ ΤΗΣ ΒΙΟΨΙΑΣ· ΔΕΝ ΠΡΟΣΔΙΟΡΙΖΕΤΑΙ ΠΕΡΑΙΤΕΡΩ",795.29,Δεν παρατηρήθηκαν παθολογικά ευρήματα κατά τον έλεγχο.,23056691943,413
EX-00831,2025-12-16 00:50:45,ΑΝΑΙΣΘΗΣΙΑ ΓΙΑ ΕΝΔΟΚΡΑΝΙΑΚΕΣ ΕΠΕΜΒΑΣΕΙΣ· ΗΛΕΚΤΡΟΚΑΥΤΗΡΙΑΣΗ ΤΟΥ ΕΝΔΟΚΡΑΝΙΑΚΟΥ ΝΕΥΡΟΥ,2173.68,Δεν παρατηρήθηκαν παθολογικά ευρήματα κατά τον έλεγχο.,23056691943,414
EX-00832,2025-12-11 12:50:45,"ΑΝΑΙΣΘΗΣΙΑ ΓΙΑ ΕΠΕΜΒΑΣΕΙΣ ΠΟΥ ΑΦΟΡΟΥΝ ΤΟ ΕΞΩ, ΤΟ ΜΕΣΟΝ ΚΑΙ ΤΟ ΕΣΩ ΟΥΣ, ΣΥΜΠΕΡΙΛΑΜΒΑΝΟΜΕΝΗΣ ΤΗΣ ΒΙΟΨΙΑΣ· ΤΟΜΗ ΤΥΜΠΑΝΙΚΟΥ ΥΜΕΝΑ",1283.52,Ολοκληρώθηκε χωρίς επιπλοκές.,23056691943,414
EX-00833,2025-12-11 16:50:45,ΑΝΑΙΣΘΗΣΙΑ ΓΙΑ ΕΠΕΜΒΑΣΕΙΣ ΠΟΥ ΑΦΟΡΟΥΝ ΤΗ ΡΙΝΑ ΚΑΙ ΕΠΙΚΟΥΡΙΚΕΣ ΚΟΙΛΟΤΗΤΕΣ· ΡΙΖΙΚΗ ΕΠΕΜΒΑΣΗ,2369.80,Ολοκληρώθηκε χωρίς επιπλοκές.,23056691943,414
EX-00834,2025-12-15 08:32:01,ΑΝΑΙΣΘΗΣΙΑ ΓΙΑ ΕΠΕΜΒΑΣΕΙΣ ΕΠΑΝΟΡΘΩΤΙΚΗΣ ΧΕΙΡΟΥΡΓΙΚΗΣ ΒΛΕΦΑΡΩΝ (Π.Χ. ΒΛΕΦΑΡΟΠΛΑΣΤΙΚΗ ΕΓΧΕΙΡΗΣΗ ΒΛΕΦΑΡΟΠΤΩΣΗΣ),2236.35,Η διαδικασία ολοκληρώθηκε ομαλά. Φυσιολογικά ευρήματα.,07044341149,415
EX-00835,2025-12-20 19:21:54,ΑΝΑΙΣΘΗΣΙΑ ΓΙΑ ΕΠΕΜΒΑΣΕΙΣ ΕΠΑΝΟΡΘΩΤΙΚΗΣ ΧΕΙΡΟΥΡΓΙΚΗΣ ΒΛΕΦΑΡΩΝ (Π.Χ. ΒΛΕΦΑΡΟΠΛΑΣΤΙΚΗ ΕΓΧΕΙΡΗΣΗ ΒΛΕΦΑΡΟΠΤΩΣΗΣ),2236.35,Αναμένονται περαιτέρω αναλύσεις από το εργαστήριο.,06019165174,416
EX-00836,2025-12-20 16:21:54,ΑΝΑΙΣΘΗΣΙΑ ΓΙΑ ΗΛΕΚΤΡΟΣΠΑΣΜΟΘΕΡΑΠΕΙΑ,1532.75,Αναμένονται περαιτέρω αναλύσεις από το εργαστήριο.,06019165174,416
EX-00837,2025-12-17 01:21:54,ΑΝΑΙΣΘΗΣΙΑ ΓΙΑ ΕΠΕΜΒΑΣΕΙΣ ΣΧΕΤΙΚΕΣ ΜΕ ΤΗΝ ΠΛΑΣΤΙΚΗ ΔΙΟΡΘΩΣΗ ΧΕΙΛΕΟΣΧΙΣΤΙΑΣ (ΛΥΚΟΣΤΟΜΑ),2027.48,Ολοκληρώθηκε χωρίς επιπλοκές.,06019165174,416
EX-00838,2025-12-23 04:31:37,ΑΝΑΙΣΘΗΣΙΑ ΓΙΑ ΕΠΕΜΒΑΣΕΙΣ ΠΟΥ ΑΦΟΡΟΥΝ ΤΗ ΡΙΝΑ ΚΑΙ ΕΠΙΚΟΥΡΙΚΕΣ ΚΟΙΛΟΤΗΤΕΣ· ΡΙΖΙΚΗ ΕΠΕΜΒΑΣΗ,2369.80,Αναμένονται περαιτέρω αναλύσεις από το εργαστήριο.,02078042045,417
EX-00839,2025-12-27 20:22:24,ΑΝΑΙΣΘΗΣΙΑ ΓΙΑ ΕΠΕΜΒΑΣΕΙΣ ΠΟΥ ΑΦΟΡΟΥΝ ΤΟΝ ΟΦΘΑΛΜΟ· ΧΕΙΡΟΥΡΓΙΚΗ ΦΑΚΩΝ,1156.04,Δεν παρατηρήθηκαν παθολογικά ευρήματα κατά τον έλεγχο.,09050064807,418
EX-00840,2025-12-28 17:14:44,ΑΝΑΙΣΘΗΣΙΑ ΓΙΑ ΕΝΔΟΚΡΑΝΙΑΚΕΣ ΕΠΕΜΒΑΣΕΙΣ· ΗΛΕΚΤΡΟΚΑΥΤΗΡΙΑΣΗ ΤΟΥ ΕΝΔΟΚΡΑΝΙΑΚΟΥ ΝΕΥΡΟΥ,2173.68,Δεν παρατηρήθηκαν παθολογικά ευρήματα κατά τον έλεγχο.,05068650481,419
EX-00841,2025-12-29 21:14:44,"ΑΝΑΙΣΘΗΣΙΑ ΓΙΑ ΕΠΕΜΒΑΣΕΙΣ ΠΟΥ ΑΦΟΡΟΥΝ ΤΟ ΕΞΩ, ΤΟ ΜΕΣΟΝ ΚΑΙ ΤΟ ΕΣΩ ΟΥΣ, ΣΥΜΠΕΡΙΛΑΜΒΑΝΟΜΕΝΗΣ ΤΗΣ ΒΙΟΨΙΑΣ· ΤΟΜΗ ΤΥΜΠΑΝΙΚΟΥ ΥΜΕΝΑ",1283.52,Ολοκληρώθηκε χωρίς επιπλοκές.,05068650481,419
EX-00842,2026-01-04 01:18:31,ΑΝΑΙΣΘΗΣΙΑ ΓΙΑ ΕΠΕΜΒΑΣΕΙΣ ΠΟΥ ΑΦΟΡΟΥΝ ΤΟΝ ΟΦΘΑΛΜΟ· ΔΕΝ ΠΡΟΣΔΙΟΡΙΖΕΤΑΙ ΠΕΡΑΙΤΕΡΩ,574.09,Ολοκληρώθηκε χωρίς επιπλοκές.,22115865680,420
EX-00843,2026-01-02 08:04:46,ΑΝΑΙΣΘΗΣΙΑ ΓΙΑ ΕΠΕΜΒΑΣΕΙΣ ΠΟΥ ΑΦΟΡΟΥΝ ΤΟΝ ΟΦΘΑΛΜΟ· ΧΕΙΡΟΥΡΓΙΚΗ ΦΑΚΩΝ,1156.04,Η διαδικασία ολοκληρώθηκε ομαλά. Φυσιολογικά ευρήματα.,23026866049,421
EX-00844,2026-01-07 02:04:46,ΑΝΑΙΣΘΗΣΙΑ ΓΙΑ ΕΝΔΟΚΡΑΝΙΑΚΕΣ ΕΠΕΜΒΑΣΕΙΣ· ΚΡΑΝΙΟΤΟΜΗ Ή ΚΡΑΝΙΕΚΤΟΜΗ ΓΙΑ ΤΗΝ ΠΑΡΟΧΕΤΕΥΣΗ ΑΙΜΑΤΩΜΑΤΟΣ,51.97,Η διαδικασία ολοκληρώθηκε ομαλά. Φυσιολογικά ευρήματα.,23026866049,421
EX-00845,2025-12-31 22:04:46,"ΑΝΑΙΣΘΗΣΙΑ ΓΙΑ ΕΠΕΜΒΑΣΕΙΣ ΠΟΥ ΑΦΟΡΟΥΝ ΤΟ ΕΞΩ, ΤΟ ΜΕΣΟΝ ΚΑΙ ΤΟ ΕΣΩ ΟΥΣ, ΣΥΜΠΕΡΙΛΑΜΒΑΝΟΜΕΝΗΣ ΤΗΣ ΒΙΟΨΙΑΣ· ΔΕΝ ΠΡΟΣΔΙΟΡΙΖΕΤΑΙ ΠΕΡΑΙΤΕΡΩ",795.29,Αναμένονται περαιτέρω αναλύσεις από το εργαστήριο.,23026866049,421
EX-00846,2026-01-11 09:50:03,"ΑΝΑΙΣΘΗΣΙΑ ΓΙΑ ΕΠΕΜΒΑΣΕΙΣ ΠΟΥ ΑΦΟΡΟΥΝ ΤΟ ΕΞΩ, ΤΟ ΜΕΣΟΝ ΚΑΙ ΤΟ ΕΣΩ ΟΥΣ, ΣΥΜΠΕΡΙΛΑΜΒΑΝΟΜΕΝΗΣ ΤΗΣ ΒΙΟΨΙΑΣ· ΔΕΝ ΠΡΟΣΔΙΟΡΙΖΕΤΑΙ ΠΕΡΑΙΤΕΡΩ",795.29,Δεν παρατηρήθηκαν παθολογικά ευρήματα κατά τον έλεγχο.,11087946135,422
EX-00847,2026-01-08 09:50:03,ΑΝΑΙΣΘΗΣΙΑ ΓΙΑ ΕΠΕΜΒΑΣΕΙΣ ΣΧΕΤΙΚΕΣ ΜΕ ΤΗΝ ΠΛΑΣΤΙΚΗ ΔΙΟΡΘΩΣΗ ΧΕΙΛΕΟΣΧΙΣΤΙΑΣ (ΛΥΚΟΣΤΟΜΑ),2027.48,Ολοκληρώθηκε χωρίς επιπλοκές.,11087946135,422
EX-00848,2026-01-08 10:50:03,ΑΝΑΙΣΘΗΣΙΑ ΓΙΑ ΗΛΕΚΤΡΟΣΠΑΣΜΟΘΕΡΑΠΕΙΑ,1532.75,Η διαδικασία ολοκληρώθηκε ομαλά. Φυσιολογικά ευρήματα.,11087946135,422
EX-00849,2026-01-19 07:53:13,"ΑΝΑΙΣΘΗΣΙΑ ΓΙΑ ΕΠΕΜΒΑΣΕΙΣ ΠΟΥ ΑΦΟΡΟΥΝ ΤΟ ΕΞΩ, ΤΟ ΜΕΣΟΝ ΚΑΙ ΤΟ ΕΣΩ ΟΥΣ, ΣΥΜΠΕΡΙΛΑΜΒΑΝΟΜΕΝΗΣ ΤΗΣ ΒΙΟΨΙΑΣ· ΔΕΝ ΠΡΟΣΔΙΟΡΙΖΕΤΑΙ ΠΕΡΑΙΤΕΡΩ",795.29,Ολοκληρώθηκε χωρίς επιπλοκές.,02087077516,423
EX-00850,2026-01-20 06:21:04,ΑΝΑΙΣΘΗΣΙΑ ΓΙΑ ΕΠΕΜΒΑΣΕΙΣ ΠΟΥ ΑΦΟΡΟΥΝ ΤΗ ΡΙΝΑ ΚΑΙ ΕΠΙΚΟΥΡΙΚΕΣ ΚΟΙΛΟΤΗΤΕΣ· ΡΙΖΙΚΗ ΕΠΕΜΒΑΣΗ,2369.80,Δεν παρατηρήθηκαν παθολογικά ευρήματα κατά τον έλεγχο.,21119438801,424
EX-00851,2026-01-19 05:21:04,"ΑΝΑΙΣΘΗΣΙΑ ΓΙΑ ΕΠΕΜΒΑΣΕΙΣ ΠΟΥ ΑΦΟΡΟΥΝ ΤΟ ΕΞΩ, ΤΟ ΜΕΣΟΝ ΚΑΙ ΤΟ ΕΣΩ ΟΥΣ, ΣΥΜΠΕΡΙΛΑΜΒΑΝΟΜΕΝΗΣ ΤΗΣ ΒΙΟΨΙΑΣ· ΔΕΝ ΠΡΟΣΔΙΟΡΙΖΕΤΑΙ ΠΕΡΑΙΤΕΡΩ",795.29,Αναμένονται περαιτέρω αναλύσεις από το εργαστήριο.,21119438801,424
EX-00852,2026-01-22 08:22:06,"ΑΝΑΙΣΘΗΣΙΑ ΓΙΑ ΕΠΕΜΒΑΣΕΙΣ ΠΟΥ ΑΦΟΡΟΥΝ ΤΟ ΕΞΩ, ΤΟ ΜΕΣΟΝ ΚΑΙ ΤΟ ΕΣΩ ΟΥΣ, ΣΥΜΠΕΡΙΛΑΜΒΑΝΟΜΕΝΗΣ ΤΗΣ ΒΙΟΨΙΑΣ· ΩΤΟΣΚΟΠΗΣΗ",2213.35,Δεν παρατηρήθηκαν παθολογικά ευρήματα κατά τον έλεγχο.,06117882147,425
EX-00853,2026-01-24 06:22:06,ΑΝΑΙΣΘΗΣΙΑ ΓΙΑ ΕΠΕΜΒΑΣΕΙΣ ΕΠΑΝΟΡΘΩΤΙΚΗΣ ΧΕΙΡΟΥΡΓΙΚΗΣ ΒΛΕΦΑΡΩΝ (Π.Χ. ΒΛΕΦΑΡΟΠΛΑΣΤΙΚΗ ΕΓΧΕΙΡΗΣΗ ΒΛΕΦΑΡΟΠΤΩΣΗΣ),2236.35,Αναμένονται περαιτέρω αναλύσεις από το εργαστήριο.,06117882147,425
EX-00854,2026-01-23 08:43:11,ΑΝΑΙΣΘΗΣΙΑ ΓΙΑ ΕΠΕΜΒΑΣΕΙΣ ΣΧΕΤΙΚΕΣ ΜΕ ΤΗΝ ΠΛΑΣΤΙΚΗ ΔΙΟΡΘΩΣΗ ΧΕΙΛΕΟΣΧΙΣΤΙΑΣ (ΛΥΚΟΣΤΟΜΑ),2027.48,Ήπια απόκλιση τιμών. Ενημερώθηκε ο θεράπων ιατρός.,18060326718,426
EX-00855,2026-01-22 18:43:11,"ΑΝΑΙΣΘΗΣΙΑ ΓΙΑ ΕΠΕΜΒΑΣΕΙΣ ΠΟΥ ΑΦΟΡΟΥΝ ΤΟ ΕΞΩ, ΤΟ ΜΕΣΟΝ ΚΑΙ ΤΟ ΕΣΩ ΟΥΣ, ΣΥΜΠΕΡΙΛΑΜΒΑΝΟΜΕΝΗΣ ΤΗΣ ΒΙΟΨΙΑΣ· ΤΟΜΗ ΤΥΜΠΑΝΙΚΟΥ ΥΜΕΝΑ",1283.52,Δεν παρατηρήθηκαν παθολογικά ευρήματα κατά τον έλεγχο.,18060326718,426
EX-00856,2026-01-21 21:43:11,"ΑΝΑΙΣΘΗΣΙΑ ΓΙΑ ΕΠΕΜΒΑΣΕΙΣ ΠΟΥ ΑΦΟΡΟΥΝ ΤΟΥΣ ΣΙΕΛΟΓΟΝΟΥΣ ΑΔΕΝΕΣ, ΣΥΜΠΕΡΙΛΑΜΒΑΝΟΜΕΝΗΣ ΤΗΣ ΒΙΟΨΙΑΣ",264.08,Ολοκληρώθηκε χωρίς επιπλοκές.,18060326718,426
EX-00857,2026-01-28 14:16:11,ΑΝΑΙΣΘΗΣΙΑ ΓΙΑ ΕΝΔΟΚΡΑΝΙΑΚΕΣ ΕΠΕΜΒΑΣΕΙΣ· ΚΡΑΝΙΟΤΟΜΗ Ή ΚΡΑΝΙΕΚΤΟΜΗ ΓΙΑ ΤΗΝ ΠΑΡΟΧΕΤΕΥΣΗ ΑΙΜΑΤΩΜΑΤΟΣ,51.97,Δεν παρατηρήθηκαν παθολογικά ευρήματα κατά τον έλεγχο.,16100868799,427
EX-00858,2026-02-06 15:26:10,ΑΝΑΙΣΘΗΣΙΑ ΓΙΑ ΕΝΔΟΚΡΑΝΙΑΚΕΣ ΕΠΕΜΒΑΣΕΙΣ· ΚΡΑΝΙΟΤΟΜΗ Ή ΚΡΑΝΙΕΚΤΟΜΗ ΓΙΑ ΤΗΝ ΠΑΡΟΧΕΤΕΥΣΗ ΑΙΜΑΤΩΜΑΤΟΣ,51.97,Ήπια απόκλιση τιμών. Ενημερώθηκε ο θεράπων ιατρός.,08088799158,428
EX-00859,2026-02-03 02:26:10,ΑΝΑΙΣΘΗΣΙΑ ΓΙΑ ΕΠΕΜΒΑΣΕΙΣ ΣΧΕΤΙΚΕΣ ΜΕ ΤΗΝ ΠΛΑΣΤΙΚΗ ΔΙΟΡΘΩΣΗ ΧΕΙΛΕΟΣΧΙΣΤΙΑΣ (ΛΥΚΟΣΤΟΜΑ),2027.48,Η διαδικασία ολοκληρώθηκε ομαλά. Φυσιολογικά ευρήματα.,08088799158,428
EX-00860,2026-01-31 05:26:10,ΑΝΑΙΣΘΗΣΙΑ ΓΙΑ ΗΛΕΚΤΡΟΣΠΑΣΜΟΘΕΡΑΠΕΙΑ,1532.75,Αναμένονται περαιτέρω αναλύσεις από το εργαστήριο.,08088799158,428
EX-00861,2026-02-04 19:52:48,ΑΝΑΙΣΘΗΣΙΑ ΓΙΑ ΕΝΔΟΚΡΑΝΙΑΚΕΣ ΕΠΕΜΒΑΣΕΙΣ· ΚΡΑΝΙΟΤΟΜΗ Ή ΚΡΑΝΙΕΚΤΟΜΗ ΓΙΑ ΤΗΝ ΠΑΡΟΧΕΤΕΥΣΗ ΑΙΜΑΤΩΜΑΤΟΣ,51.97,Αναμένονται περαιτέρω αναλύσεις από το εργαστήριο.,15049291643,429
EX-00862,2026-02-04 01:52:48,ΑΝΑΙΣΘΗΣΙΑ ΓΙΑ ΕΠΕΜΒΑΣΕΙΣ ΕΠΑΝΟΡΘΩΤΙΚΗΣ ΧΕΙΡΟΥΡΓΙΚΗΣ ΒΛΕΦΑΡΩΝ (Π.Χ. ΒΛΕΦΑΡΟΠΛΑΣΤΙΚΗ ΕΓΧΕΙΡΗΣΗ ΒΛΕΦΑΡΟΠΤΩΣΗΣ),2236.35,Ολοκληρώθηκε χωρίς επιπλοκές.,15049291643,429
EX-00863,2026-02-07 12:59:20,ΑΝΑΙΣΘΗΣΙΑ ΓΙΑ ΕΠΕΜΒΑΣΕΙΣ ΠΟΥ ΑΦΟΡΟΥΝ ΤΗ ΡΙΝΑ ΚΑΙ ΕΠΙΚΟΥΡΙΚΕΣ ΚΟΙΛΟΤΗΤΕΣ· ΡΙΖΙΚΗ ΕΠΕΜΒΑΣΗ,2369.80,Δεν παρατηρήθηκαν παθολογικά ευρήματα κατά τον έλεγχο.,15089851983,430
EX-00864,2026-02-10 00:59:20,ΑΝΑΙΣΘΗΣΙΑ ΓΙΑ ΕΝΔΟΚΡΑΝΙΑΚΕΣ ΕΠΕΜΒΑΣΕΙΣ· ΗΛΕΚΤΡΟΚΑΥΤΗΡΙΑΣΗ ΤΟΥ ΕΝΔΟΚΡΑΝΙΑΚΟΥ ΝΕΥΡΟΥ,2173.68,Ήπια απόκλιση τιμών. Ενημερώθηκε ο θεράπων ιατρός.,15089851983,430
EX-00865,2026-02-13 18:59:20,"ΑΝΑΙΣΘΗΣΙΑ ΓΙΑ ΕΠΕΜΒΑΣΕΙΣ ΠΟΥ ΑΦΟΡΟΥΝ ΤΟ ΕΞΩ, ΤΟ ΜΕΣΟΝ ΚΑΙ ΤΟ ΕΣΩ ΟΥΣ, ΣΥΜΠΕΡΙΛΑΜΒΑΝΟΜΕΝΗΣ ΤΗΣ ΒΙΟΨΙΑΣ· ΤΟΜΗ ΤΥΜΠΑΝΙΚΟΥ ΥΜΕΝΑ",1283.52,Ήπια απόκλιση τιμών. Ενημερώθηκε ο θεράπων ιατρός.,15089851983,430
EX-00866,2026-02-07 14:15:44,ΑΝΑΙΣΘΗΣΙΑ ΓΙΑ ΕΠΕΜΒΑΣΕΙΣ ΠΟΥ ΑΦΟΡΟΥΝ ΤΟΝ ΟΦΘΑΛΜΟ· ΧΕΙΡΟΥΡΓΙΚΗ ΦΑΚΩΝ,1156.04,Δεν παρατηρήθηκαν παθολογικά ευρήματα κατά τον έλεγχο.,03049296161,431
EX-00867,2026-02-08 23:15:44,ΑΝΑΙΣΘΗΣΙΑ ΓΙΑ ΗΛΕΚΤΡΟΣΠΑΣΜΟΘΕΡΑΠΕΙΑ,1532.75,Δεν παρατηρήθηκαν παθολογικά ευρήματα κατά τον έλεγχο.,03049296161,431
EX-00868,2026-02-15 00:16:05,ΑΝΑΙΣΘΗΣΙΑ ΓΙΑ ΕΝΔΟΚΡΑΝΙΑΚΕΣ ΕΠΕΜΒΑΣΕΙΣ· ΗΛΕΚΤΡΟΚΑΥΤΗΡΙΑΣΗ ΤΟΥ ΕΝΔΟΚΡΑΝΙΑΚΟΥ ΝΕΥΡΟΥ,2173.68,Ολοκληρώθηκε χωρίς επιπλοκές.,18114432106,432
EX-00869,2026-02-11 16:16:05,ΑΝΑΙΣΘΗΣΙΑ ΓΙΑ ΕΠΕΜΒΑΣΕΙΣ ΠΟΥ ΑΦΟΡΟΥΝ ΤΟΝ ΟΦΘΑΛΜΟ· ΧΕΙΡΟΥΡΓΙΚΗ ΦΑΚΩΝ,1156.04,Δεν παρατηρήθηκαν παθολογικά ευρήματα κατά τον έλεγχο.,18114432106,432
EX-00870,2026-02-21 15:38:16,ΑΝΑΙΣΘΗΣΙΑ ΓΙΑ ΕΠΕΜΒΑΣΕΙΣ ΕΠΑΝΟΡΘΩΤΙΚΗΣ ΧΕΙΡΟΥΡΓΙΚΗΣ ΒΛΕΦΑΡΩΝ (Π.Χ. ΒΛΕΦΑΡΟΠΛΑΣΤΙΚΗ ΕΓΧΕΙΡΗΣΗ ΒΛΕΦΑΡΟΠΤΩΣΗΣ),2236.35,Ήπια απόκλιση τιμών. Ενημερώθηκε ο θεράπων ιατρός.,07100156298,433
EX-00871,2026-02-13 15:38:16,ΑΝΑΙΣΘΗΣΙΑ ΓΙΑ ΕΠΕΜΒΑΣΕΙΣ ΕΠΑΝΟΡΘΩΤΙΚΗΣ ΧΕΙΡΟΥΡΓΙΚΗΣ ΒΛΕΦΑΡΩΝ (Π.Χ. ΒΛΕΦΑΡΟΠΛΑΣΤΙΚΗ ΕΓΧΕΙΡΗΣΗ ΒΛΕΦΑΡΟΠΤΩΣΗΣ),2236.35,Δεν παρατηρήθηκαν παθολογικά ευρήματα κατά τον έλεγχο.,07100156298,433
EX-00872,2026-02-22 10:38:16,ΑΝΑΙΣΘΗΣΙΑ ΓΙΑ ΕΠΕΜΒΑΣΕΙΣ ΣΧΕΤΙΚΕΣ ΜΕ ΤΗΝ ΠΛΑΣΤΙΚΗ ΔΙΟΡΘΩΣΗ ΧΕΙΛΕΟΣΧΙΣΤΙΑΣ (ΛΥΚΟΣΤΟΜΑ),2027.48,Αναμένονται περαιτέρω αναλύσεις από το εργαστήριο.,07100156298,433
EX-00873,2026-02-18 12:05:40,ΑΝΑΙΣΘΗΣΙΑ ΓΙΑ ΕΠΕΜΒΑΣΕΙΣ ΣΧΕΤΙΚΕΣ ΜΕ ΤΗΝ ΠΛΑΣΤΙΚΗ ΔΙΟΡΘΩΣΗ ΧΕΙΛΕΟΣΧΙΣΤΙΑΣ (ΛΥΚΟΣΤΟΜΑ),2027.48,Δεν παρατηρήθηκαν παθολογικά ευρήματα κατά τον έλεγχο.,07034474162,434
EX-00874,2026-02-18 05:05:40,"ΑΝΑΙΣΘΗΣΙΑ ΓΙΑ ΕΠΕΜΒΑΣΕΙΣ ΠΟΥ ΑΦΟΡΟΥΝ ΤΟ ΕΞΩ, ΤΟ ΜΕΣΟΝ ΚΑΙ ΤΟ ΕΣΩ ΟΥΣ, ΣΥΜΠΕΡΙΛΑΜΒΑΝΟΜΕΝΗΣ ΤΗΣ ΒΙΟΨΙΑΣ· ΔΕΝ ΠΡΟΣΔΙΟΡΙΖΕΤΑΙ ΠΕΡΑΙΤΕΡΩ",795.29,Δεν παρατηρήθηκαν παθολογικά ευρήματα κατά τον έλεγχο.,07034474162,434
EX-00875,2026-02-18 17:34:44,ΑΝΑΙΣΘΗΣΙΑ ΓΙΑ ΕΠΕΜΒΑΣΕΙΣ ΠΟΥ ΑΦΟΡΟΥΝ ΤΗ ΡΙΝΑ ΚΑΙ ΕΠΙΚΟΥΡΙΚΕΣ ΚΟΙΛΟΤΗΤΕΣ· ΡΙΖΙΚΗ ΕΠΕΜΒΑΣΗ,2369.80,Ήπια απόκλιση τιμών. Ενημερώθηκε ο θεράπων ιατρός.,28120467810,435
EX-00876,2026-02-25 20:52:43,ΑΝΑΙΣΘΗΣΙΑ ΓΙΑ ΕΠΕΜΒΑΣΕΙΣ ΣΧΕΤΙΚΕΣ ΜΕ ΤΗΝ ΠΛΑΣΤΙΚΗ ΔΙΟΡΘΩΣΗ ΧΕΙΛΕΟΣΧΙΣΤΙΑΣ (ΛΥΚΟΣΤΟΜΑ),2027.48,Ήπια απόκλιση τιμών. Ενημερώθηκε ο θεράπων ιατρός.,11100467158,436
EX-00877,2026-02-27 20:22:06,ΑΝΑΙΣΘΗΣΙΑ ΓΙΑ ΕΠΕΜΒΑΣΕΙΣ ΠΟΥ ΑΦΟΡΟΥΝ ΤΟΝ ΟΦΘΑΛΜΟ· ΧΕΙΡΟΥΡΓΙΚΗ ΦΑΚΩΝ,1156.04,Αναμένονται περαιτέρω αναλύσεις από το εργαστήριο.,16068589382,437
EX-00878,2026-03-18 18:57:35,"ΑΝΑΙΣΘΗΣΙΑ ΓΙΑ ΕΠΕΜΒΑΣΕΙΣ ΠΟΥ ΑΦΟΡΟΥΝ ΤΟ ΕΞΩ, ΤΟ ΜΕΣΟΝ ΚΑΙ ΤΟ ΕΣΩ ΟΥΣ, ΣΥΜΠΕΡΙΛΑΜΒΑΝΟΜΕΝΗΣ ΤΗΣ ΒΙΟΨΙΑΣ· ΤΟΜΗ ΤΥΜΠΑΝΙΚΟΥ ΥΜΕΝΑ",1283.52,Αναμένονται περαιτέρω αναλύσεις από το εργαστήριο.,08119651767,438
EX-00879,2026-03-17 19:57:35,ΑΝΑΙΣΘΗΣΙΑ ΓΙΑ ΕΠΕΜΒΑΣΕΙΣ ΕΠΑΝΟΡΘΩΤΙΚΗΣ ΧΕΙΡΟΥΡΓΙΚΗΣ ΒΛΕΦΑΡΩΝ (Π.Χ. ΒΛΕΦΑΡΟΠΛΑΣΤΙΚΗ ΕΓΧΕΙΡΗΣΗ ΒΛΕΦΑΡΟΠΤΩΣΗΣ),2236.35,Η διαδικασία ολοκληρώθηκε ομαλά. Φυσιολογικά ευρήματα.,08119651767,438
EX-00880,2026-03-09 11:21:18,ΑΝΑΙΣΘΗΣΙΑ ΓΙΑ ΕΠΕΜΒΑΣΕΙΣ ΠΟΥ ΑΦΟΡΟΥΝ ΤΗ ΡΙΝΑ ΚΑΙ ΕΠΙΚΟΥΡΙΚΕΣ ΚΟΙΛΟΤΗΤΕΣ· ΡΙΖΙΚΗ ΕΠΕΜΒΑΣΗ,2369.80,Αναμένονται περαιτέρω αναλύσεις από το εργαστήριο.,18050675294,439
EX-00881,2026-03-11 10:03:49,ΑΝΑΙΣΘΗΣΙΑ ΓΙΑ ΕΝΔΟΚΡΑΝΙΑΚΕΣ ΕΠΕΜΒΑΣΕΙΣ· ΗΛΕΚΤΡΟΚΑΥΤΗΡΙΑΣΗ ΤΟΥ ΕΝΔΟΚΡΑΝΙΑΚΟΥ ΝΕΥΡΟΥ,2173.68,Ήπια απόκλιση τιμών. Ενημερώθηκε ο θεράπων ιατρός.,02078042045,440
EX-00882,2026-03-09 14:03:49,ΑΝΑΙΣΘΗΣΙΑ ΓΙΑ ΕΝΔΟΚΡΑΝΙΑΚΕΣ ΕΠΕΜΒΑΣΕΙΣ· ΚΡΑΝΙΟΤΟΜΗ Ή ΚΡΑΝΙΕΚΤΟΜΗ ΓΙΑ ΤΗΝ ΠΑΡΟΧΕΤΕΥΣΗ ΑΙΜΑΤΩΜΑΤΟΣ,51.97,Αναμένονται περαιτέρω αναλύσεις από το εργαστήριο.,02078042045,440
EX-00883,2026-03-13 07:31:00,ΑΝΑΙΣΘΗΣΙΑ ΓΙΑ ΕΠΕΜΒΑΣΕΙΣ ΕΠΑΝΟΡΘΩΤΙΚΗΣ ΧΕΙΡΟΥΡΓΙΚΗΣ ΒΛΕΦΑΡΩΝ (Π.Χ. ΒΛΕΦΑΡΟΠΛΑΣΤΙΚΗ ΕΓΧΕΙΡΗΣΗ ΒΛΕΦΑΡΟΠΤΩΣΗΣ),2236.35,Αναμένονται περαιτέρω αναλύσεις από το εργαστήριο.,28026692058,441
EX-00884,2026-03-11 22:31:00,"ΑΝΑΙΣΘΗΣΙΑ ΓΙΑ ΕΠΕΜΒΑΣΕΙΣ ΠΟΥ ΑΦΟΡΟΥΝ ΤΟ ΕΞΩ, ΤΟ ΜΕΣΟΝ ΚΑΙ ΤΟ ΕΣΩ ΟΥΣ, ΣΥΜΠΕΡΙΛΑΜΒΑΝΟΜΕΝΗΣ ΤΗΣ ΒΙΟΨΙΑΣ· ΤΟΜΗ ΤΥΜΠΑΝΙΚΟΥ ΥΜΕΝΑ",1283.52,Ήπια απόκλιση τιμών. Ενημερώθηκε ο θεράπων ιατρός.,28026692058,441
EX-00885,2026-03-12 22:15:00,"ΑΝΑΙΣΘΗΣΙΑ ΓΙΑ ΕΠΕΜΒΑΣΕΙΣ ΠΟΥ ΑΦΟΡΟΥΝ ΤΟ ΕΞΩ, ΤΟ ΜΕΣΟΝ ΚΑΙ ΤΟ ΕΣΩ ΟΥΣ, ΣΥΜΠΕΡΙΛΑΜΒΑΝΟΜΕΝΗΣ ΤΗΣ ΒΙΟΨΙΑΣ· ΔΕΝ ΠΡΟΣΔΙΟΡΙΖΕΤΑΙ ΠΕΡΑΙΤΕΡΩ",795.29,Δεν παρατηρήθηκαν παθολογικά ευρήματα κατά τον έλεγχο.,22115865680,442
EX-00886,2026-03-13 10:15:00,"ΑΝΑΙΣΘΗΣΙΑ ΓΙΑ ΕΠΕΜΒΑΣΕΙΣ ΠΟΥ ΑΦΟΡΟΥΝ ΤΟΥΣ ΣΙΕΛΟΓΟΝΟΥΣ ΑΔΕΝΕΣ, ΣΥΜΠΕΡΙΛΑΜΒΑΝΟΜΕΝΗΣ ΤΗΣ ΒΙΟΨΙΑΣ",264.08,Δεν παρατηρήθηκαν παθολογικά ευρήματα κατά τον έλεγχο.,22115865680,442
EX-00887,2026-03-11 18:15:00,ΑΝΑΙΣΘΗΣΙΑ ΓΙΑ ΕΝΔΟΚΡΑΝΙΑΚΕΣ ΕΠΕΜΒΑΣΕΙΣ· ΗΛΕΚΤΡΟΚΑΥΤΗΡΙΑΣΗ ΤΟΥ ΕΝΔΟΚΡΑΝΙΑΚΟΥ ΝΕΥΡΟΥ,2173.68,Ολοκληρώθηκε χωρίς επιπλοκές.,22115865680,442
EX-00888,2026-03-22 17:49:35,ΑΝΑΙΣΘΗΣΙΑ ΓΙΑ ΕΠΕΜΒΑΣΕΙΣ ΠΟΥ ΑΦΟΡΟΥΝ ΤΟΝ ΟΦΘΑΛΜΟ· ΔΕΝ ΠΡΟΣΔΙΟΡΙΖΕΤΑΙ ΠΕΡΑΙΤΕΡΩ,574.09,Η διαδικασία ολοκληρώθηκε ομαλά. Φυσιολογικά ευρήματα.,15088743388,443
EX-00889,2026-03-25 02:43:46,ΑΝΑΙΣΘΗΣΙΑ ΓΙΑ ΕΠΕΜΒΑΣΕΙΣ ΣΧΕΤΙΚΕΣ ΜΕ ΤΗΝ ΠΛΑΣΤΙΚΗ ΔΙΟΡΘΩΣΗ ΧΕΙΛΕΟΣΧΙΣΤΙΑΣ (ΛΥΚΟΣΤΟΜΑ),2027.48,Ήπια απόκλιση τιμών. Ενημερώθηκε ο θεράπων ιατρός.,20039794570,444
EX-00890,2026-03-29 15:43:46,"ΑΝΑΙΣΘΗΣΙΑ ΓΙΑ ΕΠΕΜΒΑΣΕΙΣ ΠΟΥ ΑΦΟΡΟΥΝ ΤΟ ΕΞΩ, ΤΟ ΜΕΣΟΝ ΚΑΙ ΤΟ ΕΣΩ ΟΥΣ, ΣΥΜΠΕΡΙΛΑΜΒΑΝΟΜΕΝΗΣ ΤΗΣ ΒΙΟΨΙΑΣ· ΔΕΝ ΠΡΟΣΔΙΟΡΙΖΕΤΑΙ ΠΕΡΑΙΤΕΡΩ",795.29,Η διαδικασία ολοκληρώθηκε ομαλά. Φυσιολογικά ευρήματα.,20039794570,444
EX-00891,2026-04-05 15:54:29,"ΑΝΑΙΣΘΗΣΙΑ ΓΙΑ ΕΠΕΜΒΑΣΕΙΣ ΠΟΥ ΑΦΟΡΟΥΝ ΤΟ ΕΞΩ, ΤΟ ΜΕΣΟΝ ΚΑΙ ΤΟ ΕΣΩ ΟΥΣ, ΣΥΜΠΕΡΙΛΑΜΒΑΝΟΜΕΝΗΣ ΤΗΣ ΒΙΟΨΙΑΣ· ΔΕΝ ΠΡΟΣΔΙΟΡΙΖΕΤΑΙ ΠΕΡΑΙΤΕΡΩ",795.29,Αναμένονται περαιτέρω αναλύσεις από το εργαστήριο.,18050675294,445
EX-00892,2026-03-28 10:54:29,"ΑΝΑΙΣΘΗΣΙΑ ΓΙΑ ΕΠΕΜΒΑΣΕΙΣ ΠΟΥ ΑΦΟΡΟΥΝ ΤΟ ΕΞΩ, ΤΟ ΜΕΣΟΝ ΚΑΙ ΤΟ ΕΣΩ ΟΥΣ, ΣΥΜΠΕΡΙΛΑΜΒΑΝΟΜΕΝΗΣ ΤΗΣ ΒΙΟΨΙΑΣ· ΤΟΜΗ ΤΥΜΠΑΝΙΚΟΥ ΥΜΕΝΑ",1283.52,Ολοκληρώθηκε χωρίς επιπλοκές.,18050675294,445
EX-00893,2026-04-03 02:57:04,ΑΝΑΙΣΘΗΣΙΑ ΓΙΑ ΗΛΕΚΤΡΟΣΠΑΣΜΟΘΕΡΑΠΕΙΑ,1532.75,Η διαδικασία ολοκληρώθηκε ομαλά. Φυσιολογικά ευρήματα.,02078042045,446
EX-00894,2026-04-03 07:46:10,ΑΝΑΙΣΘΗΣΙΑ ΓΙΑ ΕΠΕΜΒΑΣΕΙΣ ΠΟΥ ΑΦΟΡΟΥΝ ΤΗ ΡΙΝΑ ΚΑΙ ΕΠΙΚΟΥΡΙΚΕΣ ΚΟΙΛΟΤΗΤΕΣ· ΡΙΖΙΚΗ ΕΠΕΜΒΑΣΗ,2369.80,Η διαδικασία ολοκληρώθηκε ομαλά. Φυσιολογικά ευρήματα.,22115865680,447
EX-00895,2026-04-02 08:46:10,"ΑΝΑΙΣΘΗΣΙΑ ΓΙΑ ΕΠΕΜΒΑΣΕΙΣ ΠΟΥ ΑΦΟΡΟΥΝ ΤΟ ΕΞΩ, ΤΟ ΜΕΣΟΝ ΚΑΙ ΤΟ ΕΣΩ ΟΥΣ, ΣΥΜΠΕΡΙΛΑΜΒΑΝΟΜΕΝΗΣ ΤΗΣ ΒΙΟΨΙΑΣ· ΩΤΟΣΚΟΠΗΣΗ",2213.35,Ολοκληρώθηκε χωρίς επιπλοκές.,22115865680,447
EX-00896,2026-04-09 09:46:11,ΑΝΑΙΣΘΗΣΙΑ ΓΙΑ ΕΠΕΜΒΑΣΕΙΣ ΠΟΥ ΑΦΟΡΟΥΝ ΤΟΝ ΟΦΘΑΛΜΟ· ΧΕΙΡΟΥΡΓΙΚΗ ΦΑΚΩΝ,1156.04,Ολοκληρώθηκε χωρίς επιπλοκές.,02087077516,448
EX-00897,2026-04-08 07:46:11,"ΑΝΑΙΣΘΗΣΙΑ ΓΙΑ ΕΠΕΜΒΑΣΕΙΣ ΠΟΥ ΑΦΟΡΟΥΝ ΤΟ ΕΞΩ, ΤΟ ΜΕΣΟΝ ΚΑΙ ΤΟ ΕΣΩ ΟΥΣ, ΣΥΜΠΕΡΙΛΑΜΒΑΝΟΜΕΝΗΣ ΤΗΣ ΒΙΟΨΙΑΣ· ΤΟΜΗ ΤΥΜΠΑΝΙΚΟΥ ΥΜΕΝΑ",1283.52,Δεν παρατηρήθηκαν παθολογικά ευρήματα κατά τον έλεγχο.,02087077516,448
EX-00898,2026-04-03 09:20:43,ΑΝΑΙΣΘΗΣΙΑ ΓΙΑ ΕΝΔΟΚΡΑΝΙΑΚΕΣ ΕΠΕΜΒΑΣΕΙΣ· ΗΛΕΚΤΡΟΚΑΥΤΗΡΙΑΣΗ ΤΟΥ ΕΝΔΟΚΡΑΝΙΑΚΟΥ ΝΕΥΡΟΥ,2173.68,Η διαδικασία ολοκληρώθηκε ομαλά. Φυσιολογικά ευρήματα.,16100868799,449
EX-00899,2026-04-10 15:28:01,ΑΝΑΙΣΘΗΣΙΑ ΓΙΑ ΗΛΕΚΤΡΟΣΠΑΣΜΟΘΕΡΑΠΕΙΑ,1532.75,Αναμένονται περαιτέρω αναλύσεις από το εργαστήριο.,23028627654,450
EX-00900,2026-04-11 14:05:32,"ΑΝΑΙΣΘΗΣΙΑ ΓΙΑ ΕΠΕΜΒΑΣΕΙΣ ΠΟΥ ΑΦΟΡΟΥΝ ΤΟΥΣ ΣΙΕΛΟΓΟΝΟΥΣ ΑΔΕΝΕΣ, ΣΥΜΠΕΡΙΛΑΜΒΑΝΟΜΕΝΗΣ ΤΗΣ ΒΙΟΨΙΑΣ",264.08,Η διαδικασία ολοκληρώθηκε ομαλά. Φυσιολογικά ευρήματα.,13060666813,451
EX-00901,2026-04-18 19:05:32,ΑΝΑΙΣΘΗΣΙΑ ΓΙΑ ΗΛΕΚΤΡΟΣΠΑΣΜΟΘΕΡΑΠΕΙΑ,1532.75,Αναμένονται περαιτέρω αναλύσεις από το εργαστήριο.,13060666813,451
EX-00902,2026-04-15 18:05:32,"ΑΝΑΙΣΘΗΣΙΑ ΓΙΑ ΕΠΕΜΒΑΣΕΙΣ ΠΟΥ ΑΦΟΡΟΥΝ ΤΟ ΕΞΩ, ΤΟ ΜΕΣΟΝ ΚΑΙ ΤΟ ΕΣΩ ΟΥΣ, ΣΥΜΠΕΡΙΛΑΜΒΑΝΟΜΕΝΗΣ ΤΗΣ ΒΙΟΨΙΑΣ· ΤΟΜΗ ΤΥΜΠΑΝΙΚΟΥ ΥΜΕΝΑ",1283.52,Αναμένονται περαιτέρω αναλύσεις από το εργαστήριο.,13060666813,451
EX-00903,2026-04-16 05:31:15,ΑΝΑΙΣΘΗΣΙΑ ΓΙΑ ΕΠΕΜΒΑΣΕΙΣ ΕΠΑΝΟΡΘΩΤΙΚΗΣ ΧΕΙΡΟΥΡΓΙΚΗΣ ΒΛΕΦΑΡΩΝ (Π.Χ. ΒΛΕΦΑΡΟΠΛΑΣΤΙΚΗ ΕΓΧΕΙΡΗΣΗ ΒΛΕΦΑΡΟΠΤΩΣΗΣ),2236.35,Αναμένονται περαιτέρω αναλύσεις από το εργαστήριο.,22040585135,452
EX-00904,2026-04-22 11:05:11,"ΑΝΑΙΣΘΗΣΙΑ ΓΙΑ ΕΠΕΜΒΑΣΕΙΣ ΠΟΥ ΑΦΟΡΟΥΝ ΤΟ ΕΞΩ, ΤΟ ΜΕΣΟΝ ΚΑΙ ΤΟ ΕΣΩ ΟΥΣ, ΣΥΜΠΕΡΙΛΑΜΒΑΝΟΜΕΝΗΣ ΤΗΣ ΒΙΟΨΙΑΣ· ΤΟΜΗ ΤΥΜΠΑΝΙΚΟΥ ΥΜΕΝΑ",1283.52,Η διαδικασία ολοκληρώθηκε ομαλά. Φυσιολογικά ευρήματα.,16100868799,453
EX-00905,2026-04-20 13:05:11,ΑΝΑΙΣΘΗΣΙΑ ΓΙΑ ΕΠΕΜΒΑΣΕΙΣ ΠΟΥ ΑΦΟΡΟΥΝ ΤΗ ΡΙΝΑ ΚΑΙ ΕΠΙΚΟΥΡΙΚΕΣ ΚΟΙΛΟΤΗΤΕΣ· ΡΙΖΙΚΗ ΕΠΕΜΒΑΣΗ,2369.80,Δεν παρατηρήθηκαν παθολογικά ευρήματα κατά τον έλεγχο.,16100868799,453
EX-00906,2026-04-22 10:28:23,ΑΝΑΙΣΘΗΣΙΑ ΓΙΑ ΕΠΕΜΒΑΣΕΙΣ ΠΟΥ ΑΦΟΡΟΥΝ ΤΗ ΡΙΝΑ ΚΑΙ ΕΠΙΚΟΥΡΙΚΕΣ ΚΟΙΛΟΤΗΤΕΣ· ΡΙΖΙΚΗ ΕΠΕΜΒΑΣΗ,2369.80,Ολοκληρώθηκε χωρίς επιπλοκές.,08088799158,454
EX-00907,2026-04-25 07:28:23,"ΑΝΑΙΣΘΗΣΙΑ ΓΙΑ ΕΠΕΜΒΑΣΕΙΣ ΠΟΥ ΑΦΟΡΟΥΝ ΤΟΥΣ ΣΙΕΛΟΓΟΝΟΥΣ ΑΔΕΝΕΣ, ΣΥΜΠΕΡΙΛΑΜΒΑΝΟΜΕΝΗΣ ΤΗΣ ΒΙΟΨΙΑΣ",264.08,Αναμένονται περαιτέρω αναλύσεις από το εργαστήριο.,08088799158,454
EX-00908,2026-04-27 06:28:23,"ΑΝΑΙΣΘΗΣΙΑ ΓΙΑ ΕΠΕΜΒΑΣΕΙΣ ΠΟΥ ΑΦΟΡΟΥΝ ΤΟ ΕΞΩ, ΤΟ ΜΕΣΟΝ ΚΑΙ ΤΟ ΕΣΩ ΟΥΣ, ΣΥΜΠΕΡΙΛΑΜΒΑΝΟΜΕΝΗΣ ΤΗΣ ΒΙΟΨΙΑΣ· ΤΟΜΗ ΤΥΜΠΑΝΙΚΟΥ ΥΜΕΝΑ",1283.52,Ολοκληρώθηκε χωρίς επιπλοκές.,08088799158,454
EX-00909,2026-04-25 12:03:12,"ΑΝΑΙΣΘΗΣΙΑ ΓΙΑ ΕΠΕΜΒΑΣΕΙΣ ΠΟΥ ΑΦΟΡΟΥΝ ΤΟΥΣ ΣΙΕΛΟΓΟΝΟΥΣ ΑΔΕΝΕΣ, ΣΥΜΠΕΡΙΛΑΜΒΑΝΟΜΕΝΗΣ ΤΗΣ ΒΙΟΨΙΑΣ",264.08,Η διαδικασία ολοκληρώθηκε ομαλά. Φυσιολογικά ευρήματα.,10089737527,455
EX-00910,2026-04-26 07:11:02,ΑΝΑΙΣΘΗΣΙΑ ΓΙΑ ΕΠΕΜΒΑΣΕΙΣ ΠΟΥ ΑΦΟΡΟΥΝ ΤΟΝ ΟΦΘΑΛΜΟ· ΔΕΝ ΠΡΟΣΔΙΟΡΙΖΕΤΑΙ ΠΕΡΑΙΤΕΡΩ,574.09,Η διαδικασία ολοκληρώθηκε ομαλά. Φυσιολογικά ευρήματα.,04010443316,456
EX-00911,2026-04-25 06:11:02,ΑΝΑΙΣΘΗΣΙΑ ΓΙΑ ΕΠΕΜΒΑΣΕΙΣ ΣΧΕΤΙΚΕΣ ΜΕ ΤΗΝ ΠΛΑΣΤΙΚΗ ΔΙΟΡΘΩΣΗ ΧΕΙΛΕΟΣΧΙΣΤΙΑΣ (ΛΥΚΟΣΤΟΜΑ),2027.48,Ήπια απόκλιση τιμών. Ενημερώθηκε ο θεράπων ιατρός.,04010443316,456
EX-00912,2026-04-27 08:11:02,ΑΝΑΙΣΘΗΣΙΑ ΓΙΑ ΕΠΕΜΒΑΣΕΙΣ ΠΟΥ ΑΦΟΡΟΥΝ ΤΟΝ ΟΦΘΑΛΜΟ· ΧΕΙΡΟΥΡΓΙΚΗ ΦΑΚΩΝ,1156.04,Αναμένονται περαιτέρω αναλύσεις από το εργαστήριο.,04010443316,456
EX-00913,2026-04-28 16:07:25,"ΑΝΑΙΣΘΗΣΙΑ ΓΙΑ ΕΠΕΜΒΑΣΕΙΣ ΠΟΥ ΑΦΟΡΟΥΝ ΤΟ ΕΞΩ, ΤΟ ΜΕΣΟΝ ΚΑΙ ΤΟ ΕΣΩ ΟΥΣ, ΣΥΜΠΕΡΙΛΑΜΒΑΝΟΜΕΝΗΣ ΤΗΣ ΒΙΟΨΙΑΣ· ΩΤΟΣΚΟΠΗΣΗ",2213.35,Ολοκληρώθηκε χωρίς επιπλοκές.,24024429583,457
EX-00914,2026-04-29 23:07:25,ΑΝΑΙΣΘΗΣΙΑ ΓΙΑ ΕΠΕΜΒΑΣΕΙΣ ΠΟΥ ΑΦΟΡΟΥΝ ΤΟΝ ΟΦΘΑΛΜΟ· ΧΕΙΡΟΥΡΓΙΚΗ ΦΑΚΩΝ,1156.04,Ολοκληρώθηκε χωρίς επιπλοκές.,24024429583,457
EX-00915,2026-04-30 02:07:25,ΑΝΑΙΣΘΗΣΙΑ ΓΙΑ ΕΠΕΜΒΑΣΕΙΣ ΠΟΥ ΑΦΟΡΟΥΝ ΤΟΝ ΟΦΘΑΛΜΟ· ΧΕΙΡΟΥΡΓΙΚΗ ΦΑΚΩΝ,1156.04,Ήπια απόκλιση τιμών. Ενημερώθηκε ο θεράπων ιατρός.,24024429583,457
EX-00916,2026-04-30 05:17:23,ΑΝΑΙΣΘΗΣΙΑ ΓΙΑ ΕΠΕΜΒΑΣΕΙΣ ΣΧΕΤΙΚΕΣ ΜΕ ΤΗΝ ΠΛΑΣΤΙΚΗ ΔΙΟΡΘΩΣΗ ΧΕΙΛΕΟΣΧΙΣΤΙΑΣ (ΛΥΚΟΣΤΟΜΑ),2027.48,Δεν παρατηρήθηκαν παθολογικά ευρήματα κατά τον έλεγχο.,04010443316,458
EX-00917,2024-07-14 01:34:33,ΑΝΑΙΣΘΗΣΙΑ ΓΙΑ ΕΠΕΜΒΑΣΕΙΣ ΠΟΥ ΑΦΟΡΟΥΝ ΤΟΝ ΟΦΘΑΛΜΟ· ΧΕΙΡΟΥΡΓΙΚΗ ΦΑΚΩΝ,1156.04,Ήπια απόκλιση τιμών. Ενημερώθηκε ο θεράπων ιατρός.,06050738238,459
EX-00918,2024-07-13 14:34:33,ΑΝΑΙΣΘΗΣΙΑ ΓΙΑ ΕΠΕΜΒΑΣΕΙΣ ΣΧΕΤΙΚΕΣ ΜΕ ΤΗΝ ΠΛΑΣΤΙΚΗ ΔΙΟΡΘΩΣΗ ΧΕΙΛΕΟΣΧΙΣΤΙΑΣ (ΛΥΚΟΣΤΟΜΑ),2027.48,Αναμένονται περαιτέρω αναλύσεις από το εργαστήριο.,06050738238,459
EX-00919,2024-07-13 02:34:33,ΑΝΑΙΣΘΗΣΙΑ ΓΙΑ ΕΠΕΜΒΑΣΕΙΣ ΕΠΑΝΟΡΘΩΤΙΚΗΣ ΧΕΙΡΟΥΡΓΙΚΗΣ ΒΛΕΦΑΡΩΝ (Π.Χ. ΒΛΕΦΑΡΟΠΛΑΣΤΙΚΗ ΕΓΧΕΙΡΗΣΗ ΒΛΕΦΑΡΟΠΤΩΣΗΣ),2236.35,Ολοκληρώθηκε χωρίς επιπλοκές.,06050738238,459
EX-00920,2024-09-10 05:27:44,ΑΝΑΙΣΘΗΣΙΑ ΓΙΑ ΕΠΕΜΒΑΣΕΙΣ ΠΟΥ ΑΦΟΡΟΥΝ ΤΟΝ ΟΦΘΑΛΜΟ· ΧΕΙΡΟΥΡΓΙΚΗ ΦΑΚΩΝ,1156.04,Δεν παρατηρήθηκαν παθολογικά ευρήματα κατά τον έλεγχο.,01024610365,460
EX-00921,2024-09-10 15:27:44,ΑΝΑΙΣΘΗΣΙΑ ΓΙΑ ΕΠΕΜΒΑΣΕΙΣ ΠΟΥ ΑΦΟΡΟΥΝ ΤΟΝ ΟΦΘΑΛΜΟ· ΔΕΝ ΠΡΟΣΔΙΟΡΙΖΕΤΑΙ ΠΕΡΑΙΤΕΡΩ,574.09,Αναμένονται περαιτέρω αναλύσεις από το εργαστήριο.,01024610365,460
EX-00922,2024-09-07 10:27:44,ΑΝΑΙΣΘΗΣΙΑ ΓΙΑ ΕΠΕΜΒΑΣΕΙΣ ΕΠΑΝΟΡΘΩΤΙΚΗΣ ΧΕΙΡΟΥΡΓΙΚΗΣ ΒΛΕΦΑΡΩΝ (Π.Χ. ΒΛΕΦΑΡΟΠΛΑΣΤΙΚΗ ΕΓΧΕΙΡΗΣΗ ΒΛΕΦΑΡΟΠΤΩΣΗΣ),2236.35,Δεν παρατηρήθηκαν παθολογικά ευρήματα κατά τον έλεγχο.,01024610365,460
EX-00923,2024-04-23 17:08:41,ΑΝΑΙΣΘΗΣΙΑ ΓΙΑ ΕΠΕΜΒΑΣΕΙΣ ΠΟΥ ΑΦΟΡΟΥΝ ΤΟΝ ΟΦΘΑΛΜΟ· ΔΕΝ ΠΡΟΣΔΙΟΡΙΖΕΤΑΙ ΠΕΡΑΙΤΕΡΩ,574.09,Ολοκληρώθηκε χωρίς επιπλοκές.,27099728378,461
EX-00924,2024-04-21 18:08:41,"ΑΝΑΙΣΘΗΣΙΑ ΓΙΑ ΕΠΕΜΒΑΣΕΙΣ ΠΟΥ ΑΦΟΡΟΥΝ ΤΟ ΕΞΩ, ΤΟ ΜΕΣΟΝ ΚΑΙ ΤΟ ΕΣΩ ΟΥΣ, ΣΥΜΠΕΡΙΛΑΜΒΑΝΟΜΕΝΗΣ ΤΗΣ ΒΙΟΨΙΑΣ· ΔΕΝ ΠΡΟΣΔΙΟΡΙΖΕΤΑΙ ΠΕΡΑΙΤΕΡΩ",795.29,Δεν παρατηρήθηκαν παθολογικά ευρήματα κατά τον έλεγχο.,27099728378,461
EX-00925,2024-04-25 13:08:41,"ΑΝΑΙΣΘΗΣΙΑ ΓΙΑ ΕΠΕΜΒΑΣΕΙΣ ΠΟΥ ΑΦΟΡΟΥΝ ΤΟ ΕΞΩ, ΤΟ ΜΕΣΟΝ ΚΑΙ ΤΟ ΕΣΩ ΟΥΣ, ΣΥΜΠΕΡΙΛΑΜΒΑΝΟΜΕΝΗΣ ΤΗΣ ΒΙΟΨΙΑΣ· ΔΕΝ ΠΡΟΣΔΙΟΡΙΖΕΤΑΙ ΠΕΡΑΙΤΕΡΩ",795.29,Η διαδικασία ολοκληρώθηκε ομαλά. Φυσιολογικά ευρήματα.,27099728378,461
EX-00926,2025-02-11 06:35:41,"ΑΝΑΙΣΘΗΣΙΑ ΓΙΑ ΕΠΕΜΒΑΣΕΙΣ ΠΟΥ ΑΦΟΡΟΥΝ ΤΟΥΣ ΣΙΕΛΟΓΟΝΟΥΣ ΑΔΕΝΕΣ, ΣΥΜΠΕΡΙΛΑΜΒΑΝΟΜΕΝΗΣ ΤΗΣ ΒΙΟΨΙΑΣ",264.08,Ήπια απόκλιση τιμών. Ενημερώθηκε ο θεράπων ιατρός.,15089851983,462
EX-00927,2025-05-25 16:19:14,ΑΝΑΙΣΘΗΣΙΑ ΓΙΑ ΗΛΕΚΤΡΟΣΠΑΣΜΟΘΕΡΑΠΕΙΑ,1532.75,Η διαδικασία ολοκληρώθηκε ομαλά. Φυσιολογικά ευρήματα.,16068107499,463
EX-00928,2024-10-07 14:37:55,"ΑΝΑΙΣΘΗΣΙΑ ΓΙΑ ΕΠΕΜΒΑΣΕΙΣ ΠΟΥ ΑΦΟΡΟΥΝ ΤΟ ΕΞΩ, ΤΟ ΜΕΣΟΝ ΚΑΙ ΤΟ ΕΣΩ ΟΥΣ, ΣΥΜΠΕΡΙΛΑΜΒΑΝΟΜΕΝΗΣ ΤΗΣ ΒΙΟΨΙΑΣ· ΩΤΟΣΚΟΠΗΣΗ",2213.35,Αναμένονται περαιτέρω αναλύσεις από το εργαστήριο.,14024366361,464
EX-00929,2024-10-09 07:37:55,"ΑΝΑΙΣΘΗΣΙΑ ΓΙΑ ΕΠΕΜΒΑΣΕΙΣ ΠΟΥ ΑΦΟΡΟΥΝ ΤΟΥΣ ΣΙΕΛΟΓΟΝΟΥΣ ΑΔΕΝΕΣ, ΣΥΜΠΕΡΙΛΑΜΒΑΝΟΜΕΝΗΣ ΤΗΣ ΒΙΟΨΙΑΣ",264.08,Αναμένονται περαιτέρω αναλύσεις από το εργαστήριο.,14024366361,464
EX-00930,2024-10-11 21:37:55,ΑΝΑΙΣΘΗΣΙΑ ΓΙΑ ΕΝΔΟΚΡΑΝΙΑΚΕΣ ΕΠΕΜΒΑΣΕΙΣ· ΚΡΑΝΙΟΤΟΜΗ Ή ΚΡΑΝΙΕΚΤΟΜΗ ΓΙΑ ΤΗΝ ΠΑΡΟΧΕΤΕΥΣΗ ΑΙΜΑΤΩΜΑΤΟΣ,51.97,Δεν παρατηρήθηκαν παθολογικά ευρήματα κατά τον έλεγχο.,14024366361,464
EX-00931,2025-03-01 19:19:00,ΑΝΑΙΣΘΗΣΙΑ ΓΙΑ ΕΝΔΟΚΡΑΝΙΑΚΕΣ ΕΠΕΜΒΑΣΕΙΣ· ΗΛΕΚΤΡΟΚΑΥΤΗΡΙΑΣΗ ΤΟΥ ΕΝΔΟΚΡΑΝΙΑΚΟΥ ΝΕΥΡΟΥ,2173.68,Ήπια απόκλιση τιμών. Ενημερώθηκε ο θεράπων ιατρός.,21110456039,465
EX-00932,2025-03-08 18:19:00,"ΑΝΑΙΣΘΗΣΙΑ ΓΙΑ ΕΠΕΜΒΑΣΕΙΣ ΠΟΥ ΑΦΟΡΟΥΝ ΤΟ ΕΞΩ, ΤΟ ΜΕΣΟΝ ΚΑΙ ΤΟ ΕΣΩ ΟΥΣ, ΣΥΜΠΕΡΙΛΑΜΒΑΝΟΜΕΝΗΣ ΤΗΣ ΒΙΟΨΙΑΣ· ΤΟΜΗ ΤΥΜΠΑΝΙΚΟΥ ΥΜΕΝΑ",1283.52,Η διαδικασία ολοκληρώθηκε ομαλά. Φυσιολογικά ευρήματα.,21110456039,465
EX-00933,2026-02-06 02:52:48,ΑΝΑΙΣΘΗΣΙΑ ΓΙΑ ΕΠΕΜΒΑΣΕΙΣ ΠΟΥ ΑΦΟΡΟΥΝ ΤΟΝ ΟΦΘΑΛΜΟ· ΔΕΝ ΠΡΟΣΔΙΟΡΙΖΕΤΑΙ ΠΕΡΑΙΤΕΡΩ,574.09,Η διαδικασία ολοκληρώθηκε ομαλά. Φυσιολογικά ευρήματα.,16118595442,466
EX-00934,2026-02-05 18:52:48,"ΑΝΑΙΣΘΗΣΙΑ ΓΙΑ ΕΠΕΜΒΑΣΕΙΣ ΠΟΥ ΑΦΟΡΟΥΝ ΤΟ ΕΞΩ, ΤΟ ΜΕΣΟΝ ΚΑΙ ΤΟ ΕΣΩ ΟΥΣ, ΣΥΜΠΕΡΙΛΑΜΒΑΝΟΜΕΝΗΣ ΤΗΣ ΒΙΟΨΙΑΣ· ΩΤΟΣΚΟΠΗΣΗ",2213.35,Ήπια απόκλιση τιμών. Ενημερώθηκε ο θεράπων ιατρός.,16118595442,466
EX-00935,2026-02-05 12:52:48,"ΑΝΑΙΣΘΗΣΙΑ ΓΙΑ ΕΠΕΜΒΑΣΕΙΣ ΠΟΥ ΑΦΟΡΟΥΝ ΤΟ ΕΞΩ, ΤΟ ΜΕΣΟΝ ΚΑΙ ΤΟ ΕΣΩ ΟΥΣ, ΣΥΜΠΕΡΙΛΑΜΒΑΝΟΜΕΝΗΣ ΤΗΣ ΒΙΟΨΙΑΣ· ΤΟΜΗ ΤΥΜΠΑΝΙΚΟΥ ΥΜΕΝΑ",1283.52,Η διαδικασία ολοκληρώθηκε ομαλά. Φυσιολογικά ευρήματα.,16118595442,466
EX-00936,2024-04-25 16:01:52,ΑΝΑΙΣΘΗΣΙΑ ΓΙΑ ΕΠΕΜΒΑΣΕΙΣ ΣΧΕΤΙΚΕΣ ΜΕ ΤΗΝ ΠΛΑΣΤΙΚΗ ΔΙΟΡΘΩΣΗ ΧΕΙΛΕΟΣΧΙΣΤΙΑΣ (ΛΥΚΟΣΤΟΜΑ),2027.48,Αναμένονται περαιτέρω αναλύσεις από το εργαστήριο.,11087946135,467
EX-00937,2024-04-25 17:01:52,ΑΝΑΙΣΘΗΣΙΑ ΓΙΑ ΗΛΕΚΤΡΟΣΠΑΣΜΟΘΕΡΑΠΕΙΑ,1532.75,Δεν παρατηρήθηκαν παθολογικά ευρήματα κατά τον έλεγχο.,11087946135,467
EX-00938,2024-04-27 03:01:52,ΑΝΑΙΣΘΗΣΙΑ ΓΙΑ ΕΠΕΜΒΑΣΕΙΣ ΠΟΥ ΑΦΟΡΟΥΝ ΤΟΝ ΟΦΘΑΛΜΟ· ΧΕΙΡΟΥΡΓΙΚΗ ΦΑΚΩΝ,1156.04,Η διαδικασία ολοκληρώθηκε ομαλά. Φυσιολογικά ευρήματα.,11087946135,467
EX-00939,2024-11-11 00:41:06,"ΑΝΑΙΣΘΗΣΙΑ ΓΙΑ ΕΠΕΜΒΑΣΕΙΣ ΠΟΥ ΑΦΟΡΟΥΝ ΤΟΥΣ ΣΙΕΛΟΓΟΝΟΥΣ ΑΔΕΝΕΣ, ΣΥΜΠΕΡΙΛΑΜΒΑΝΟΜΕΝΗΣ ΤΗΣ ΒΙΟΨΙΑΣ",264.08,Δεν παρατηρήθηκαν παθολογικά ευρήματα κατά τον έλεγχο.,22018235970,468
EX-00940,2024-11-08 00:41:06,ΑΝΑΙΣΘΗΣΙΑ ΓΙΑ ΕΝΔΟΚΡΑΝΙΑΚΕΣ ΕΠΕΜΒΑΣΕΙΣ· ΚΡΑΝΙΟΤΟΜΗ Ή ΚΡΑΝΙΕΚΤΟΜΗ ΓΙΑ ΤΗΝ ΠΑΡΟΧΕΤΕΥΣΗ ΑΙΜΑΤΩΜΑΤΟΣ,51.97,Ολοκληρώθηκε χωρίς επιπλοκές.,22018235970,468
EX-00941,2025-05-30 04:18:38,"ΑΝΑΙΣΘΗΣΙΑ ΓΙΑ ΕΠΕΜΒΑΣΕΙΣ ΠΟΥ ΑΦΟΡΟΥΝ ΤΟ ΕΞΩ, ΤΟ ΜΕΣΟΝ ΚΑΙ ΤΟ ΕΣΩ ΟΥΣ, ΣΥΜΠΕΡΙΛΑΜΒΑΝΟΜΕΝΗΣ ΤΗΣ ΒΙΟΨΙΑΣ· ΩΤΟΣΚΟΠΗΣΗ",2213.35,Η διαδικασία ολοκληρώθηκε ομαλά. Φυσιολογικά ευρήματα.,22048608378,469
EX-00942,2025-06-01 18:18:38,"ΑΝΑΙΣΘΗΣΙΑ ΓΙΑ ΕΠΕΜΒΑΣΕΙΣ ΠΟΥ ΑΦΟΡΟΥΝ ΤΟ ΕΞΩ, ΤΟ ΜΕΣΟΝ ΚΑΙ ΤΟ ΕΣΩ ΟΥΣ, ΣΥΜΠΕΡΙΛΑΜΒΑΝΟΜΕΝΗΣ ΤΗΣ ΒΙΟΨΙΑΣ· ΤΟΜΗ ΤΥΜΠΑΝΙΚΟΥ ΥΜΕΝΑ",1283.52,Ολοκληρώθηκε χωρίς επιπλοκές.,22048608378,469
EX-00943,2023-02-26 10:44:20,"ΑΝΑΙΣΘΗΣΙΑ ΓΙΑ ΕΠΕΜΒΑΣΕΙΣ ΠΟΥ ΑΦΟΡΟΥΝ ΤΟ ΕΞΩ, ΤΟ ΜΕΣΟΝ ΚΑΙ ΤΟ ΕΣΩ ΟΥΣ, ΣΥΜΠΕΡΙΛΑΜΒΑΝΟΜΕΝΗΣ ΤΗΣ ΒΙΟΨΙΑΣ· ΤΟΜΗ ΤΥΜΠΑΝΙΚΟΥ ΥΜΕΝΑ",1283.52,Δεν παρατηρήθηκαν παθολογικά ευρήματα κατά τον έλεγχο.,18118519593,470
EX-00944,2023-05-06 12:32:42,ΑΝΑΙΣΘΗΣΙΑ ΓΙΑ ΕΠΕΜΒΑΣΕΙΣ ΠΟΥ ΑΦΟΡΟΥΝ ΤΗ ΡΙΝΑ ΚΑΙ ΕΠΙΚΟΥΡΙΚΕΣ ΚΟΙΛΟΤΗΤΕΣ· ΡΙΖΙΚΗ ΕΠΕΜΒΑΣΗ,2369.80,Ολοκληρώθηκε χωρίς επιπλοκές.,09050064807,471
EX-00945,2023-05-03 06:32:42,ΑΝΑΙΣΘΗΣΙΑ ΓΙΑ ΕΠΕΜΒΑΣΕΙΣ ΠΟΥ ΑΦΟΡΟΥΝ ΤΗ ΡΙΝΑ ΚΑΙ ΕΠΙΚΟΥΡΙΚΕΣ ΚΟΙΛΟΤΗΤΕΣ· ΡΙΖΙΚΗ ΕΠΕΜΒΑΣΗ,2369.80,Ήπια απόκλιση τιμών. Ενημερώθηκε ο θεράπων ιατρός.,09050064807,471
EX-00946,2024-07-25 05:13:47,ΑΝΑΙΣΘΗΣΙΑ ΓΙΑ ΕΠΕΜΒΑΣΕΙΣ ΠΟΥ ΑΦΟΡΟΥΝ ΤΟΝ ΟΦΘΑΛΜΟ· ΧΕΙΡΟΥΡΓΙΚΗ ΦΑΚΩΝ,1156.04,Δεν παρατηρήθηκαν παθολογικά ευρήματα κατά τον έλεγχο.,09045928947,472
EX-00947,2025-08-02 14:54:03,ΑΝΑΙΣΘΗΣΙΑ ΓΙΑ ΕΝΔΟΚΡΑΝΙΑΚΕΣ ΕΠΕΜΒΑΣΕΙΣ· ΗΛΕΚΤΡΟΚΑΥΤΗΡΙΑΣΗ ΤΟΥ ΕΝΔΟΚΡΑΝΙΑΚΟΥ ΝΕΥΡΟΥ,2173.68,Η διαδικασία ολοκληρώθηκε ομαλά. Φυσιολογικά ευρήματα.,17019537542,473
EX-00948,2025-08-02 06:54:03,ΑΝΑΙΣΘΗΣΙΑ ΓΙΑ ΕΝΔΟΚΡΑΝΙΑΚΕΣ ΕΠΕΜΒΑΣΕΙΣ· ΚΡΑΝΙΟΤΟΜΗ Ή ΚΡΑΝΙΕΚΤΟΜΗ ΓΙΑ ΤΗΝ ΠΑΡΟΧΕΤΕΥΣΗ ΑΙΜΑΤΩΜΑΤΟΣ,51.97,Ολοκληρώθηκε χωρίς επιπλοκές.,17019537542,473
EX-00949,2023-12-28 13:54:38,ΑΝΑΙΣΘΗΣΙΑ ΓΙΑ ΕΝΔΟΚΡΑΝΙΑΚΕΣ ΕΠΕΜΒΑΣΕΙΣ· ΚΡΑΝΙΟΤΟΜΗ Ή ΚΡΑΝΙΕΚΤΟΜΗ ΓΙΑ ΤΗΝ ΠΑΡΟΧΕΤΕΥΣΗ ΑΙΜΑΤΩΜΑΤΟΣ,51.97,Αναμένονται περαιτέρω αναλύσεις από το εργαστήριο.,09066167650,474
EX-00950,2023-12-26 03:54:38,ΑΝΑΙΣΘΗΣΙΑ ΓΙΑ ΕΝΔΟΚΡΑΝΙΑΚΕΣ ΕΠΕΜΒΑΣΕΙΣ· ΗΛΕΚΤΡΟΚΑΥΤΗΡΙΑΣΗ ΤΟΥ ΕΝΔΟΚΡΑΝΙΑΚΟΥ ΝΕΥΡΟΥ,2173.68,Ολοκληρώθηκε χωρίς επιπλοκές.,09066167650,474
EX-00951,2024-02-04 23:25:53,ΑΝΑΙΣΘΗΣΙΑ ΓΙΑ ΕΠΕΜΒΑΣΕΙΣ ΠΟΥ ΑΦΟΡΟΥΝ ΤΗ ΡΙΝΑ ΚΑΙ ΕΠΙΚΟΥΡΙΚΕΣ ΚΟΙΛΟΤΗΤΕΣ· ΡΙΖΙΚΗ ΕΠΕΜΒΑΣΗ,2369.80,Αναμένονται περαιτέρω αναλύσεις από το εργαστήριο.,18050675294,475
EX-00952,2024-01-28 03:25:53,ΑΝΑΙΣΘΗΣΙΑ ΓΙΑ ΕΝΔΟΚΡΑΝΙΑΚΕΣ ΕΠΕΜΒΑΣΕΙΣ· ΗΛΕΚΤΡΟΚΑΥΤΗΡΙΑΣΗ ΤΟΥ ΕΝΔΟΚΡΑΝΙΑΚΟΥ ΝΕΥΡΟΥ,2173.68,Η διαδικασία ολοκληρώθηκε ομαλά. Φυσιολογικά ευρήματα.,18050675294,475
EX-00953,2025-03-09 09:25:34,"ΑΝΑΙΣΘΗΣΙΑ ΓΙΑ ΕΠΕΜΒΑΣΕΙΣ ΠΟΥ ΑΦΟΡΟΥΝ ΤΟ ΕΞΩ, ΤΟ ΜΕΣΟΝ ΚΑΙ ΤΟ ΕΣΩ ΟΥΣ, ΣΥΜΠΕΡΙΛΑΜΒΑΝΟΜΕΝΗΣ ΤΗΣ ΒΙΟΨΙΑΣ· ΤΟΜΗ ΤΥΜΠΑΝΙΚΟΥ ΥΜΕΝΑ",1283.52,Αναμένονται περαιτέρω αναλύσεις από το εργαστήριο.,07034474162,476
EX-00954,2025-03-14 21:25:34,ΑΝΑΙΣΘΗΣΙΑ ΓΙΑ ΕΠΕΜΒΑΣΕΙΣ ΠΟΥ ΑΦΟΡΟΥΝ ΤΗ ΡΙΝΑ ΚΑΙ ΕΠΙΚΟΥΡΙΚΕΣ ΚΟΙΛΟΤΗΤΕΣ· ΡΙΖΙΚΗ ΕΠΕΜΒΑΣΗ,2369.80,Ολοκληρώθηκε χωρίς επιπλοκές.,07034474162,476
EX-00955,2025-03-13 00:25:34,ΑΝΑΙΣΘΗΣΙΑ ΓΙΑ ΕΠΕΜΒΑΣΕΙΣ ΠΟΥ ΑΦΟΡΟΥΝ ΤΟΝ ΟΦΘΑΛΜΟ· ΧΕΙΡΟΥΡΓΙΚΗ ΦΑΚΩΝ,1156.04,Αναμένονται περαιτέρω αναλύσεις από το εργαστήριο.,07034474162,476
EX-00956,2026-04-18 13:05:11,"ΑΝΑΙΣΘΗΣΙΑ ΓΙΑ ΕΠΕΜΒΑΣΕΙΣ ΠΟΥ ΑΦΟΡΟΥΝ ΤΟ ΕΞΩ, ΤΟ ΜΕΣΟΝ ΚΑΙ ΤΟ ΕΣΩ ΟΥΣ, ΣΥΜΠΕΡΙΛΑΜΒΑΝΟΜΕΝΗΣ ΤΗΣ ΒΙΟΨΙΑΣ· ΔΕΝ ΠΡΟΣΔΙΟΡΙΖΕΤΑΙ ΠΕΡΑΙΤΕΡΩ",795.29,Ολοκληρώθηκε χωρίς επιπλοκές.,22040585135,477
EX-00957,2023-02-20 17:44:20,ΑΝΑΙΣΘΗΣΙΑ ΓΙΑ ΕΝΔΟΚΡΑΝΙΑΚΕΣ ΕΠΕΜΒΑΣΕΙΣ· ΗΛΕΚΤΡΟΚΑΥΤΗΡΙΑΣΗ ΤΟΥ ΕΝΔΟΚΡΑΝΙΑΚΟΥ ΝΕΥΡΟΥ,2173.68,Αναμένονται περαιτέρω αναλύσεις από το εργαστήριο.,16100868799,478
EX-00958,2023-02-23 11:44:20,"ΑΝΑΙΣΘΗΣΙΑ ΓΙΑ ΕΠΕΜΒΑΣΕΙΣ ΠΟΥ ΑΦΟΡΟΥΝ ΤΟΥΣ ΣΙΕΛΟΓΟΝΟΥΣ ΑΔΕΝΕΣ, ΣΥΜΠΕΡΙΛΑΜΒΑΝΟΜΕΝΗΣ ΤΗΣ ΒΙΟΨΙΑΣ",264.08,Η διαδικασία ολοκληρώθηκε ομαλά. Φυσιολογικά ευρήματα.,16100868799,478
EX-00959,2023-02-19 10:44:20,ΑΝΑΙΣΘΗΣΙΑ ΓΙΑ ΕΠΕΜΒΑΣΕΙΣ ΣΧΕΤΙΚΕΣ ΜΕ ΤΗΝ ΠΛΑΣΤΙΚΗ ΔΙΟΡΘΩΣΗ ΧΕΙΛΕΟΣΧΙΣΤΙΑΣ (ΛΥΚΟΣΤΟΜΑ),2027.48,Αναμένονται περαιτέρω αναλύσεις από το εργαστήριο.,16100868799,478
EX-00960,2024-01-28 20:26:27,"ΑΝΑΙΣΘΗΣΙΑ ΓΙΑ ΕΠΕΜΒΑΣΕΙΣ ΠΟΥ ΑΦΟΡΟΥΝ ΤΟ ΕΞΩ, ΤΟ ΜΕΣΟΝ ΚΑΙ ΤΟ ΕΣΩ ΟΥΣ, ΣΥΜΠΕΡΙΛΑΜΒΑΝΟΜΕΝΗΣ ΤΗΣ ΒΙΟΨΙΑΣ· ΩΤΟΣΚΟΠΗΣΗ",2213.35,Δεν παρατηρήθηκαν παθολογικά ευρήματα κατά τον έλεγχο.,18114432106,479
EX-00961,2024-02-03 21:25:53,ΑΝΑΙΣΘΗΣΙΑ ΓΙΑ ΕΠΕΜΒΑΣΕΙΣ ΠΟΥ ΑΦΟΡΟΥΝ ΤΟΝ ΟΦΘΑΛΜΟ· ΔΕΝ ΠΡΟΣΔΙΟΡΙΖΕΤΑΙ ΠΕΡΑΙΤΕΡΩ,574.09,Αναμένονται περαιτέρω αναλύσεις από το εργαστήριο.,24024429583,480
EX-00962,2024-02-01 03:25:53,"ΑΝΑΙΣΘΗΣΙΑ ΓΙΑ ΕΠΕΜΒΑΣΕΙΣ ΠΟΥ ΑΦΟΡΟΥΝ ΤΟ ΕΞΩ, ΤΟ ΜΕΣΟΝ ΚΑΙ ΤΟ ΕΣΩ ΟΥΣ, ΣΥΜΠΕΡΙΛΑΜΒΑΝΟΜΕΝΗΣ ΤΗΣ ΒΙΟΨΙΑΣ· ΔΕΝ ΠΡΟΣΔΙΟΡΙΖΕΤΑΙ ΠΕΡΑΙΤΕΡΩ",795.29,Ολοκληρώθηκε χωρίς επιπλοκές.,24024429583,480
EX-00963,2024-02-03 11:25:53,ΑΝΑΙΣΘΗΣΙΑ ΓΙΑ ΕΠΕΜΒΑΣΕΙΣ ΠΟΥ ΑΦΟΡΟΥΝ ΤΟΝ ΟΦΘΑΛΜΟ· ΔΕΝ ΠΡΟΣΔΙΟΡΙΖΕΤΑΙ ΠΕΡΑΙΤΕΡΩ,574.09,Ήπια απόκλιση τιμών. Ενημερώθηκε ο θεράπων ιατρός.,24024429583,480
EX-00964,2023-06-09 16:06:41,ΑΝΑΙΣΘΗΣΙΑ ΓΙΑ ΕΠΕΜΒΑΣΕΙΣ ΣΧΕΤΙΚΕΣ ΜΕ ΤΗΝ ΠΛΑΣΤΙΚΗ ΔΙΟΡΘΩΣΗ ΧΕΙΛΕΟΣΧΙΣΤΙΑΣ (ΛΥΚΟΣΤΟΜΑ),2027.48,Δεν παρατηρήθηκαν παθολογικά ευρήματα κατά τον έλεγχο.,24088546021,481
EX-00965,2023-06-06 03:06:41,ΑΝΑΙΣΘΗΣΙΑ ΓΙΑ ΕΠΕΜΒΑΣΕΙΣ ΠΟΥ ΑΦΟΡΟΥΝ ΤΗ ΡΙΝΑ ΚΑΙ ΕΠΙΚΟΥΡΙΚΕΣ ΚΟΙΛΟΤΗΤΕΣ· ΡΙΖΙΚΗ ΕΠΕΜΒΑΣΗ,2369.80,Η διαδικασία ολοκληρώθηκε ομαλά. Φυσιολογικά ευρήματα.,24088546021,481
EX-00966,2023-06-13 13:06:41,ΑΝΑΙΣΘΗΣΙΑ ΓΙΑ ΕΠΕΜΒΑΣΕΙΣ ΣΧΕΤΙΚΕΣ ΜΕ ΤΗΝ ΠΛΑΣΤΙΚΗ ΔΙΟΡΘΩΣΗ ΧΕΙΛΕΟΣΧΙΣΤΙΑΣ (ΛΥΚΟΣΤΟΜΑ),2027.48,Αναμένονται περαιτέρω αναλύσεις από το εργαστήριο.,24088546021,481
EX-00967,2025-11-21 14:02:49,"ΑΝΑΙΣΘΗΣΙΑ ΓΙΑ ΕΠΕΜΒΑΣΕΙΣ ΠΟΥ ΑΦΟΡΟΥΝ ΤΟΥΣ ΣΙΕΛΟΓΟΝΟΥΣ ΑΔΕΝΕΣ, ΣΥΜΠΕΡΙΛΑΜΒΑΝΟΜΕΝΗΣ ΤΗΣ ΒΙΟΨΙΑΣ",264.08,Δεν παρατηρήθηκαν παθολογικά ευρήματα κατά τον έλεγχο.,22040585135,482
EX-00968,2023-12-10 01:40:22,ΑΝΑΙΣΘΗΣΙΑ ΓΙΑ ΕΠΕΜΒΑΣΕΙΣ ΣΧΕΤΙΚΕΣ ΜΕ ΤΗΝ ΠΛΑΣΤΙΚΗ ΔΙΟΡΘΩΣΗ ΧΕΙΛΕΟΣΧΙΣΤΙΑΣ (ΛΥΚΟΣΤΟΜΑ),2027.48,Δεν παρατηρήθηκαν παθολογικά ευρήματα κατά τον έλεγχο.,21110456039,483
EX-00969,2023-12-08 20:40:22,ΑΝΑΙΣΘΗΣΙΑ ΓΙΑ ΗΛΕΚΤΡΟΣΠΑΣΜΟΘΕΡΑΠΕΙΑ,1532.75,Αναμένονται περαιτέρω αναλύσεις από το εργαστήριο.,21110456039,483
EX-00970,2023-12-11 06:40:22,"ΑΝΑΙΣΘΗΣΙΑ ΓΙΑ ΕΠΕΜΒΑΣΕΙΣ ΠΟΥ ΑΦΟΡΟΥΝ ΤΟ ΕΞΩ, ΤΟ ΜΕΣΟΝ ΚΑΙ ΤΟ ΕΣΩ ΟΥΣ, ΣΥΜΠΕΡΙΛΑΜΒΑΝΟΜΕΝΗΣ ΤΗΣ ΒΙΟΨΙΑΣ· ΤΟΜΗ ΤΥΜΠΑΝΙΚΟΥ ΥΜΕΝΑ",1283.52,Δεν παρατηρήθηκαν παθολογικά ευρήματα κατά τον έλεγχο.,21110456039,483
EX-00971,2024-02-18 07:31:24,ΑΝΑΙΣΘΗΣΙΑ ΓΙΑ ΕΠΕΜΒΑΣΕΙΣ ΠΟΥ ΑΦΟΡΟΥΝ ΤΟΝ ΟΦΘΑΛΜΟ· ΧΕΙΡΟΥΡΓΙΚΗ ΦΑΚΩΝ,1156.04,Ήπια απόκλιση τιμών. Ενημερώθηκε ο θεράπων ιατρός.,13119759342,484
EX-00972,2024-02-18 15:31:24,"ΑΝΑΙΣΘΗΣΙΑ ΓΙΑ ΕΠΕΜΒΑΣΕΙΣ ΠΟΥ ΑΦΟΡΟΥΝ ΤΟ ΕΞΩ, ΤΟ ΜΕΣΟΝ ΚΑΙ ΤΟ ΕΣΩ ΟΥΣ, ΣΥΜΠΕΡΙΛΑΜΒΑΝΟΜΕΝΗΣ ΤΗΣ ΒΙΟΨΙΑΣ· ΩΤΟΣΚΟΠΗΣΗ",2213.35,Ολοκληρώθηκε χωρίς επιπλοκές.,13119759342,484
EX-00973,2026-03-14 00:03:49,ΑΝΑΙΣΘΗΣΙΑ ΓΙΑ ΕΠΕΜΒΑΣΕΙΣ ΠΟΥ ΑΦΟΡΟΥΝ ΤΗ ΡΙΝΑ ΚΑΙ ΕΠΙΚΟΥΡΙΚΕΣ ΚΟΙΛΟΤΗΤΕΣ· ΡΙΖΙΚΗ ΕΠΕΜΒΑΣΗ,2369.80,Η διαδικασία ολοκληρώθηκε ομαλά. Φυσιολογικά ευρήματα.,08088799158,485
EX-00974,2026-03-10 06:03:49,ΑΝΑΙΣΘΗΣΙΑ ΓΙΑ ΕΠΕΜΒΑΣΕΙΣ ΠΟΥ ΑΦΟΡΟΥΝ ΤΗ ΡΙΝΑ ΚΑΙ ΕΠΙΚΟΥΡΙΚΕΣ ΚΟΙΛΟΤΗΤΕΣ· ΡΙΖΙΚΗ ΕΠΕΜΒΑΣΗ,2369.80,Η διαδικασία ολοκληρώθηκε ομαλά. Φυσιολογικά ευρήματα.,08088799158,485
EX-00975,2024-09-07 04:51:27,ΑΝΑΙΣΘΗΣΙΑ ΓΙΑ ΕΠΕΜΒΑΣΕΙΣ ΣΧΕΤΙΚΕΣ ΜΕ ΤΗΝ ΠΛΑΣΤΙΚΗ ΔΙΟΡΘΩΣΗ ΧΕΙΛΕΟΣΧΙΣΤΙΑΣ (ΛΥΚΟΣΤΟΜΑ),2027.48,Αναμένονται περαιτέρω αναλύσεις από το εργαστήριο.,01090729354,486
EX-00976,2023-10-16 03:58:14,"ΑΝΑΙΣΘΗΣΙΑ ΓΙΑ ΕΠΕΜΒΑΣΕΙΣ ΠΟΥ ΑΦΟΡΟΥΝ ΤΟ ΕΞΩ, ΤΟ ΜΕΣΟΝ ΚΑΙ ΤΟ ΕΣΩ ΟΥΣ, ΣΥΜΠΕΡΙΛΑΜΒΑΝΟΜΕΝΗΣ ΤΗΣ ΒΙΟΨΙΑΣ· ΔΕΝ ΠΡΟΣΔΙΟΡΙΖΕΤΑΙ ΠΕΡΑΙΤΕΡΩ",795.29,Ήπια απόκλιση τιμών. Ενημερώθηκε ο θεράπων ιατρός.,07034474162,487
EX-00977,2023-10-09 03:58:14,"ΑΝΑΙΣΘΗΣΙΑ ΓΙΑ ΕΠΕΜΒΑΣΕΙΣ ΠΟΥ ΑΦΟΡΟΥΝ ΤΟ ΕΞΩ, ΤΟ ΜΕΣΟΝ ΚΑΙ ΤΟ ΕΣΩ ΟΥΣ, ΣΥΜΠΕΡΙΛΑΜΒΑΝΟΜΕΝΗΣ ΤΗΣ ΒΙΟΨΙΑΣ· ΔΕΝ ΠΡΟΣΔΙΟΡΙΖΕΤΑΙ ΠΕΡΑΙΤΕΡΩ",795.29,Ολοκληρώθηκε χωρίς επιπλοκές.,07034474162,487
EX-00978,2023-10-15 16:58:14,ΑΝΑΙΣΘΗΣΙΑ ΓΙΑ ΕΠΕΜΒΑΣΕΙΣ ΠΟΥ ΑΦΟΡΟΥΝ ΤΟΝ ΟΦΘΑΛΜΟ· ΔΕΝ ΠΡΟΣΔΙΟΡΙΖΕΤΑΙ ΠΕΡΑΙΤΕΡΩ,574.09,Αναμένονται περαιτέρω αναλύσεις από το εργαστήριο.,07034474162,487
EX-00979,2024-08-10 20:06:14,"ΑΝΑΙΣΘΗΣΙΑ ΓΙΑ ΕΠΕΜΒΑΣΕΙΣ ΠΟΥ ΑΦΟΡΟΥΝ ΤΟΥΣ ΣΙΕΛΟΓΟΝΟΥΣ ΑΔΕΝΕΣ, ΣΥΜΠΕΡΙΛΑΜΒΑΝΟΜΕΝΗΣ ΤΗΣ ΒΙΟΨΙΑΣ",264.08,Ήπια απόκλιση τιμών. Ενημερώθηκε ο θεράπων ιατρός.,16118595442,488
EX-00980,2024-10-08 07:21:18,ΑΝΑΙΣΘΗΣΙΑ ΓΙΑ ΕΠΕΜΒΑΣΕΙΣ ΕΠΑΝΟΡΘΩΤΙΚΗΣ ΧΕΙΡΟΥΡΓΙΚΗΣ ΒΛΕΦΑΡΩΝ (Π.Χ. ΒΛΕΦΑΡΟΠΛΑΣΤΙΚΗ ΕΓΧΕΙΡΗΣΗ ΒΛΕΦΑΡΟΠΤΩΣΗΣ),2236.35,Αναμένονται περαιτέρω αναλύσεις από το εργαστήριο.,15088743388,489
EX-00981,2024-10-07 16:21:18,"ΑΝΑΙΣΘΗΣΙΑ ΓΙΑ ΕΠΕΜΒΑΣΕΙΣ ΠΟΥ ΑΦΟΡΟΥΝ ΤΟ ΕΞΩ, ΤΟ ΜΕΣΟΝ ΚΑΙ ΤΟ ΕΣΩ ΟΥΣ, ΣΥΜΠΕΡΙΛΑΜΒΑΝΟΜΕΝΗΣ ΤΗΣ ΒΙΟΨΙΑΣ· ΤΟΜΗ ΤΥΜΠΑΝΙΚΟΥ ΥΜΕΝΑ",1283.52,Ήπια απόκλιση τιμών. Ενημερώθηκε ο θεράπων ιατρός.,15088743388,489
EX-00982,2024-10-08 12:21:18,ΑΝΑΙΣΘΗΣΙΑ ΓΙΑ ΕΝΔΟΚΡΑΝΙΑΚΕΣ ΕΠΕΜΒΑΣΕΙΣ· ΗΛΕΚΤΡΟΚΑΥΤΗΡΙΑΣΗ ΤΟΥ ΕΝΔΟΚΡΑΝΙΑΚΟΥ ΝΕΥΡΟΥ,2173.68,Ήπια απόκλιση τιμών. Ενημερώθηκε ο θεράπων ιατρός.,15088743388,489
EX-00983,2025-04-12 02:02:27,ΑΝΑΙΣΘΗΣΙΑ ΓΙΑ ΕΠΕΜΒΑΣΕΙΣ ΠΟΥ ΑΦΟΡΟΥΝ ΤΗ ΡΙΝΑ ΚΑΙ ΕΠΙΚΟΥΡΙΚΕΣ ΚΟΙΛΟΤΗΤΕΣ· ΡΙΖΙΚΗ ΕΠΕΜΒΑΣΗ,2369.80,Δεν παρατηρήθηκαν παθολογικά ευρήματα κατά τον έλεγχο.,16118595442,490
EX-00984,2024-01-08 13:31:34,ΑΝΑΙΣΘΗΣΙΑ ΓΙΑ ΕΠΕΜΒΑΣΕΙΣ ΣΧΕΤΙΚΕΣ ΜΕ ΤΗΝ ΠΛΑΣΤΙΚΗ ΔΙΟΡΘΩΣΗ ΧΕΙΛΕΟΣΧΙΣΤΙΑΣ (ΛΥΚΟΣΤΟΜΑ),2027.48,Η διαδικασία ολοκληρώθηκε ομαλά. Φυσιολογικά ευρήματα.,18050675294,491
EX-00985,2024-01-04 09:31:34,ΑΝΑΙΣΘΗΣΙΑ ΓΙΑ ΕΠΕΜΒΑΣΕΙΣ ΠΟΥ ΑΦΟΡΟΥΝ ΤΟΝ ΟΦΘΑΛΜΟ· ΧΕΙΡΟΥΡΓΙΚΗ ΦΑΚΩΝ,1156.04,Δεν παρατηρήθηκαν παθολογικά ευρήματα κατά τον έλεγχο.,18050675294,491
EX-00986,2025-03-04 16:11:18,ΑΝΑΙΣΘΗΣΙΑ ΓΙΑ ΗΛΕΚΤΡΟΣΠΑΣΜΟΘΕΡΑΠΕΙΑ,1532.75,Δεν παρατηρήθηκαν παθολογικά ευρήματα κατά τον έλεγχο.,19110834569,492
EX-00987,2025-03-04 18:11:18,ΑΝΑΙΣΘΗΣΙΑ ΓΙΑ ΕΠΕΜΒΑΣΕΙΣ ΣΧΕΤΙΚΕΣ ΜΕ ΤΗΝ ΠΛΑΣΤΙΚΗ ΔΙΟΡΘΩΣΗ ΧΕΙΛΕΟΣΧΙΣΤΙΑΣ (ΛΥΚΟΣΤΟΜΑ),2027.48,Ήπια απόκλιση τιμών. Ενημερώθηκε ο θεράπων ιατρός.,19110834569,492
EX-00988,2026-04-11 10:05:32,ΑΝΑΙΣΘΗΣΙΑ ΓΙΑ ΕΠΕΜΒΑΣΕΙΣ ΠΟΥ ΑΦΟΡΟΥΝ ΤΗ ΡΙΝΑ ΚΑΙ ΕΠΙΚΟΥΡΙΚΕΣ ΚΟΙΛΟΤΗΤΕΣ· ΡΙΖΙΚΗ ΕΠΕΜΒΑΣΗ,2369.80,Ολοκληρώθηκε χωρίς επιπλοκές.,03057873936,493
EX-00989,2026-04-13 03:05:32,"ΑΝΑΙΣΘΗΣΙΑ ΓΙΑ ΕΠΕΜΒΑΣΕΙΣ ΠΟΥ ΑΦΟΡΟΥΝ ΤΟΥΣ ΣΙΕΛΟΓΟΝΟΥΣ ΑΔΕΝΕΣ, ΣΥΜΠΕΡΙΛΑΜΒΑΝΟΜΕΝΗΣ ΤΗΣ ΒΙΟΨΙΑΣ",264.08,Η διαδικασία ολοκληρώθηκε ομαλά. Φυσιολογικά ευρήματα.,03057873936,493
EX-00990,2025-04-08 15:25:41,ΑΝΑΙΣΘΗΣΙΑ ΓΙΑ ΕΠΕΜΒΑΣΕΙΣ ΠΟΥ ΑΦΟΡΟΥΝ ΤΗ ΡΙΝΑ ΚΑΙ ΕΠΙΚΟΥΡΙΚΕΣ ΚΟΙΛΟΤΗΤΕΣ· ΡΙΖΙΚΗ ΕΠΕΜΒΑΣΗ,2369.80,Ολοκληρώθηκε χωρίς επιπλοκές.,23026866049,494
EX-00991,2025-07-02 09:47:48,ΑΝΑΙΣΘΗΣΙΑ ΓΙΑ ΕΠΕΜΒΑΣΕΙΣ ΠΟΥ ΑΦΟΡΟΥΝ ΤΟΝ ΟΦΘΑΛΜΟ· ΔΕΝ ΠΡΟΣΔΙΟΡΙΖΕΤΑΙ ΠΕΡΑΙΤΕΡΩ,574.09,Η διαδικασία ολοκληρώθηκε ομαλά. Φυσιολογικά ευρήματα.,02030634060,495
EX-00992,2025-06-29 06:47:48,"ΑΝΑΙΣΘΗΣΙΑ ΓΙΑ ΕΠΕΜΒΑΣΕΙΣ ΠΟΥ ΑΦΟΡΟΥΝ ΤΟ ΕΞΩ, ΤΟ ΜΕΣΟΝ ΚΑΙ ΤΟ ΕΣΩ ΟΥΣ, ΣΥΜΠΕΡΙΛΑΜΒΑΝΟΜΕΝΗΣ ΤΗΣ ΒΙΟΨΙΑΣ· ΔΕΝ ΠΡΟΣΔΙΟΡΙΖΕΤΑΙ ΠΕΡΑΙΤΕΡΩ",795.29,Δεν παρατηρήθηκαν παθολογικά ευρήματα κατά τον έλεγχο.,02030634060,495
EX-00993,2024-12-19 03:30:42,ΑΝΑΙΣΘΗΣΙΑ ΓΙΑ ΕΠΕΜΒΑΣΕΙΣ ΠΟΥ ΑΦΟΡΟΥΝ ΤΟΝ ΟΦΘΑΛΜΟ· ΧΕΙΡΟΥΡΓΙΚΗ ΦΑΚΩΝ,1156.04,Αναμένονται περαιτέρω αναλύσεις από το εργαστήριο.,06126222477,496
EX-00994,2024-12-21 05:30:42,ΑΝΑΙΣΘΗΣΙΑ ΓΙΑ ΕΝΔΟΚΡΑΝΙΑΚΕΣ ΕΠΕΜΒΑΣΕΙΣ· ΗΛΕΚΤΡΟΚΑΥΤΗΡΙΑΣΗ ΤΟΥ ΕΝΔΟΚΡΑΝΙΑΚΟΥ ΝΕΥΡΟΥ,2173.68,Αναμένονται περαιτέρω αναλύσεις από το εργαστήριο.,06126222477,496
EX-00995,2024-12-21 02:30:42,ΑΝΑΙΣΘΗΣΙΑ ΓΙΑ ΕΠΕΜΒΑΣΕΙΣ ΠΟΥ ΑΦΟΡΟΥΝ ΤΟΝ ΟΦΘΑΛΜΟ· ΔΕΝ ΠΡΟΣΔΙΟΡΙΖΕΤΑΙ ΠΕΡΑΙΤΕΡΩ,574.09,Η διαδικασία ολοκληρώθηκε ομαλά. Φυσιολογικά ευρήματα.,06126222477,496
EX-00996,2024-04-22 20:08:41,ΑΝΑΙΣΘΗΣΙΑ ΓΙΑ ΕΝΔΟΚΡΑΝΙΑΚΕΣ ΕΠΕΜΒΑΣΕΙΣ· ΚΡΑΝΙΟΤΟΜΗ Ή ΚΡΑΝΙΕΚΤΟΜΗ ΓΙΑ ΤΗΝ ΠΑΡΟΧΕΤΕΥΣΗ ΑΙΜΑΤΩΜΑΤΟΣ,51.97,Δεν παρατηρήθηκαν παθολογικά ευρήματα κατά τον έλεγχο.,18118519593,497
EX-00997,2024-04-21 04:08:41,ΑΝΑΙΣΘΗΣΙΑ ΓΙΑ ΕΠΕΜΒΑΣΕΙΣ ΣΧΕΤΙΚΕΣ ΜΕ ΤΗΝ ΠΛΑΣΤΙΚΗ ΔΙΟΡΘΩΣΗ ΧΕΙΛΕΟΣΧΙΣΤΙΑΣ (ΛΥΚΟΣΤΟΜΑ),2027.48,Δεν παρατηρήθηκαν παθολογικά ευρήματα κατά τον έλεγχο.,18118519593,497
EX-00998,2025-12-17 05:21:54,ΑΝΑΙΣΘΗΣΙΑ ΓΙΑ ΕΝΔΟΚΡΑΝΙΑΚΕΣ ΕΠΕΜΒΑΣΕΙΣ· ΚΡΑΝΙΟΤΟΜΗ Ή ΚΡΑΝΙΕΚΤΟΜΗ ΓΙΑ ΤΗΝ ΠΑΡΟΧΕΤΕΥΣΗ ΑΙΜΑΤΩΜΑΤΟΣ,51.97,Η διαδικασία ολοκληρώθηκε ομαλά. Φυσιολογικά ευρήματα.,17075032006,498
EX-00999,2025-12-17 09:21:54,"ΑΝΑΙΣΘΗΣΙΑ ΓΙΑ ΕΠΕΜΒΑΣΕΙΣ ΠΟΥ ΑΦΟΡΟΥΝ ΤΟ ΕΞΩ, ΤΟ ΜΕΣΟΝ ΚΑΙ ΤΟ ΕΣΩ ΟΥΣ, ΣΥΜΠΕΡΙΛΑΜΒΑΝΟΜΕΝΗΣ ΤΗΣ ΒΙΟΨΙΑΣ· ΔΕΝ ΠΡΟΣΔΙΟΡΙΖΕΤΑΙ ΠΕΡΑΙΤΕΡΩ",795.29,Δεν παρατηρήθηκαν παθολογικά ευρήματα κατά τον έλεγχο.,17075032006,498
EX-01000,2025-12-17 22:21:54,ΑΝΑΙΣΘΗΣΙΑ ΓΙΑ ΕΠΕΜΒΑΣΕΙΣ ΠΟΥ ΑΦΟΡΟΥΝ ΤΟΝ ΟΦΘΑΛΜΟ· ΔΕΝ ΠΡΟΣΔΙΟΡΙΖΕΤΑΙ ΠΕΡΑΙΤΕΡΩ,574.09,Ολοκληρώθηκε χωρίς επιπλοκές.,17075032006,498
EX-01001,2025-10-18 21:57:53,ΑΝΑΙΣΘΗΣΙΑ ΓΙΑ ΕΠΕΜΒΑΣΕΙΣ ΣΧΕΤΙΚΕΣ ΜΕ ΤΗΝ ΠΛΑΣΤΙΚΗ ΔΙΟΡΘΩΣΗ ΧΕΙΛΕΟΣΧΙΣΤΙΑΣ (ΛΥΚΟΣΤΟΜΑ),2027.48,Η διαδικασία ολοκληρώθηκε ομαλά. Φυσιολογικά ευρήματα.,26099895344,499
EX-01002,2025-10-18 19:57:53,ΑΝΑΙΣΘΗΣΙΑ ΓΙΑ ΗΛΕΚΤΡΟΣΠΑΣΜΟΘΕΡΑΠΕΙΑ,1532.75,Η διαδικασία ολοκληρώθηκε ομαλά. Φυσιολογικά ευρήματα.,26099895344,499
EX-01003,2023-06-03 09:32:24,ΑΝΑΙΣΘΗΣΙΑ ΓΙΑ ΕΠΕΜΒΑΣΕΙΣ ΕΠΑΝΟΡΘΩΤΙΚΗΣ ΧΕΙΡΟΥΡΓΙΚΗΣ ΒΛΕΦΑΡΩΝ (Π.Χ. ΒΛΕΦΑΡΟΠΛΑΣΤΙΚΗ ΕΓΧΕΙΡΗΣΗ ΒΛΕΦΑΡΟΠΤΩΣΗΣ),2236.35,Ήπια απόκλιση τιμών. Ενημερώθηκε ο θεράπων ιατρός.,03049296161,500
EX-01004,2023-05-31 21:32:24,ΑΝΑΙΣΘΗΣΙΑ ΓΙΑ ΕΠΕΜΒΑΣΕΙΣ ΕΠΑΝΟΡΘΩΤΙΚΗΣ ΧΕΙΡΟΥΡΓΙΚΗΣ ΒΛΕΦΑΡΩΝ (Π.Χ. ΒΛΕΦΑΡΟΠΛΑΣΤΙΚΗ ΕΓΧΕΙΡΗΣΗ ΒΛΕΦΑΡΟΠΤΩΣΗΣ),2236.35,Δεν παρατηρήθηκαν παθολογικά ευρήματα κατά τον έλεγχο.,03049296161,500
