ΚΩΔ. ΚΕΝ,ΚΕΝ ΠΕΡΙΓΡΑΦΗ,ΜΔΝ από 1/3/2012,Κόστος από 1/3/2012,70% κάλυψη σε ιδιωτικά ιδρύματα
Ε01Α,Μεταμόσχευση ήπατος,26,"28.900,00 €","20.230,00 €"
Ε03Α,Μεταμόσχευση καρδιάς-πνευμόνων,35,"50.400,00 €","35.280,00 €"
Ε04Α,Μεταμόσχευση πνευμόνων,20,"30.000,00 €","21.000,00 €"
Ε05Α,Μεταμόσχευση Καρδιάς Τραχειοστομία με μηχανική υποστήριξη αναπνοής > 95 ώρες με καταστροφικές (συστηματικές) συνυπάρχουσες παθήσεις-,40,"34.000,00 €","23.800,00 €"
Ε06Μ,επιπλοκές Τραχειοστομία με μηχανική υποστήριξη αναπνοής > 95 ώρες χωρίς καταστροφικές (συστηματικές) συνυπάρχουσες παθήσεις- επιπλοκές ή τραχειοστομία/(ή)μηχανική υποστήριξη αναπνοής > 95 ώρες με καταστροφικές (συστηματικές),47,"20.000,00 €","14.000,00 €"
Ε06Χα,συνυπάρχουσες παθήσεις-επιπλοκές Μηχανική υποστήριξη αναπνοής > 95 ώρες χωρίς καταστροφικές (συστηματικές),25,"12.000,00 €","8.400,00 €"
Ε06Χβ,συνυπάρχουσες παθήσεις-επιπλοκές Τραχειοστομία χωρίς καταστροφικές (συστηματικές) συνυπάρχουσες παθήσεις-,16,"8.000,00 €","5.600,00 €"
Ε06Χγ,επιπλοκές,15,"4.000,00 €","2.800,00 €"
Ε07Α,Αλλογενής μεταμόσχευση μυελού οστών Αυτόλογη μεταμόσχευση μυελού οστών με καταστροφικές (συστηματικές),34,"17.137,00 €","11.995,90 €"
Ε08Μ,συνυπάρχουσες παθήσεις- επιπλοκές Αυτόλογη μεταμόσχευση μυελού οστών χωρίς καταστροφικές (συστηματικές),24,"8.384,00 €","5.868,80 €"
Ε08Χ,συνυπάρχουσες παθήσεις- επιπλοκές Μεταμόσχευση νεφρού με μεταμόσχευση,10,"3.054,00 €","2.137,80 €"
Ε09Μ,παγκρέατος Μεταμόσχευση νεφρού χωρίς,16,"15.000,00 €","10.500,00 €"
Ε09Χ,μεταμόσχευση παγκρέατος,8,"9.000,00 €","6.300,00 €"
Ε09Α,Μεταμόσχευση παγκρέατος Εμφύτευση συσκευών κοιλιακής,15,"9.733,00 €","6.813,10 €"
Ε10Α,υποβοήθησης ΜΔΝ από Κόστος από σε ιδιωτικά ΚΩΔ. ΚΕΝ ΚΕΝ ΠΕΡΙΓΡΑΦΗ 1/3/2012 1/3/2012 ιδρύματα Εισαγωγή εμφυτεύσιμης συσκευής έγχυσης στη σπονδυλική στήλη με καταστροφικές (συστηματικές),54,"55.695,00 €","38.986,50 €"
Ε11Μ,συνυπάρχουσες παθήσεις- επιπλοκές Εισαγωγή εμφυτεύσιμης συσκευής έγχυσης στη σπονδυλική στήλη χωρίς καταστροφικές (συστηματικές),15,"6.655,00 €","4.658,50 €"
Ε11Χ,συνυπάρχουσες παθήσεις- επιπλοκές,6,"3.320,00 €","2.324,00 €"
Ε12Α,Εισαγωγή συσκευής νευροδιέγερσης Αξιολόγηση ασθενούς για μεταμόσχευση (ημερήσιο κόστος μέχρι τις ημέρες της,3,"2.990,00 €","2.093,00 €"
Ε20Α,ΜΔΝ) Παθήσεις και διαταραχές του νευρικού ΤΚΑ 01 συστήματος (Ν) Αναθεώρηση (επανεπέμβαση) κοιλιακής παροχέτευσης με καταστροφικές (συστηματικές) ή σοβαρές συνυπάρχουσες,3,"300,00 €","210,00 €"
Ν01Μ,παθήσεις – επιπλοκές Αναθεώρηση (επανεπέμβαση) κοιλιακής παροχέτευσης χωρίς καταστροφικές (συστηματικές) ή σοβαρές συνυπάρχουσες,7,"2.298,00 €","1.608,60 €"
Ν01Χ,παθήσεις – επιπλοκές Επεμβάσεις κρανίου με καταστροφικές (συστηματικές) συνυπάρχουσες παθήσεις -,5,"1.913,00 €","1.339,10 €"
Ν02Μα,επιπλοκές Επεμβάσεις κρανίου με σοβαρές,18,"7.620,00 €","5.334,00 €"
Ν02Μβ,συνυπάρχουσες παθήσεις - επιπλοκές Επεμβάσεις κρανίου χωρίς καταστροφικές (συστηματικές) ή σοβαρές συνυπάρχουσες,11,"4.606,00 €","3.224,20 €"
Ν02Χ,παθήσεις - επιπλοκές Επεμβάσεις σπονδυλικής στήλης με καταστροφικές (συστηματικές) ή σοβαρές,7,"3.400,00 €","2.380,00 €"
Ν03Μ,συνυπάρχουσες παθήσεις – επιπλοκές Επεμβάσεις σπονδυλικής στήλης χωρίς καταστροφικές (συστηματικές) ή σοβαρές,15,"5.442,00 €","3.809,40 €"
Ν03Χ,συνυπάρχουσες παθήσεις – επιπλοκές ΜΔΝ από Κόστος από σε ιδιωτικά ΚΩΔ. ΚΕΝ ΚΕΝ ΠΕΡΙΓΡΑΦΗ 1/3/2012 1/3/2012 ιδρύματα Εξωκράνιες αγγειοχειρουργικές επεμβάσεις με καταστροφικές (συστηματικές) συνυπάρχουσες παθήσεις -,5,"2.580,00 €","1.806,00 €"
Ν04Μ,επιπλοκές Εξωκράνιες αγγειοχειρουργικές επεμβάσεις χωρίς καταστροφικές (συστηματικές) συνυπάρχουσες παθήσεις -,12,"3.880,00 €","2.716,00 €"
Ν04Χ,επιπλοκές,4,"2.170,00 €","1.519,00 €"
Ν05Α,"Αποσυμπίεση καρπιαίου σωλήνα Επεμβάσεις για εγκεφαλική παράλυση, μυϊκή δυστροφία, νευροπάθεια με",1,"250,00 €","175,00 €"
Ν06Μ,"συνυπάρχουσες παθήσεις - επιπλοκές Επεμβάσεις για εγκεφαλική παράλυση, μυϊκή δυστροφία, νευροπάθεια χωρίς",13,"2.997,00 €","2.097,90 €"
Ν06Χ,συνυπάρχουσες παθήσεις - επιπλοκές Επεμβάσεις σε περιφερικά νεύρα και εγκεφαλικές συζυγίες και άλλες επεμβάσεις του νευρικού συστήματος με,2,"876,00 €","613,20 €"
Ν07Μ,συνυπάρχουσες παθήσεις - επιπλοκές Επεμβάσεις σε περιφερικά νεύρα και εγκεφαλικές συζυγίες και άλλες επεμβάσεις του νευρικού συστήματος χωρίς συνυπάρχουσες παθήσεις -,9,"2.284,00 €","1.598,80 €"
Ν07Χ,επιπλοκές Πλασμαφαίρεση με νευρολογική νόσο-,2,"973,00 €","681,10 €"
Ν10Α,"συμμετοχή, ημερήσια νοσηλεία Τηλεμετρική παρακολούθηση",1,"149,00 €","104,30 €"
Ν11Α,ηλεκτροεγκεφαλογραφήματος Πάθηση νευρικού συστήματος με μηχανική υποστήριξη αναπνοής με καταστροφικές (συστηματικές),5,"1.210,00 €","847,00 €"
Ν12Μ,συνυπάρχουσες παθήσεις - επιπλοκές Πάθηση νευρικού συστήματος με μηχανική υποστήριξη αναπνοής χωρίς καταστροφικές (συστηματικές),13,"5.241,00 €","3.668,70 €"
Ν12Χ,συνυπάρχουσες παθήσεις - επιπλοκές,7,"3.416,00 €","2.391,20 €"
Ν20Μ,Οξεία εμφάνιση ΜΔΝ από Κόστος από σε ιδιωτικά ΚΩΔ. ΚΕΝ ΚΕΝ ΠΕΡΙΓΡΑΦΗ 1/3/2012 1/3/2012 ιδρύματα παραπληγίας/τετραπληγίας με ή χωρίς χειρουργικές επεμβάσεις με καταστροφικές (συστηματικές) συνυπάρχουσες παθήσεις - επιπλοκές Οξεία εμφάνιση παραπληγίας/τετραπληγίας με ή χωρίς χειρουργικές επεμβάσεις χωρίς καταστροφικές (συστηματικές),25,"3.750,00 €","2.625,00 €"
Ν20Χ,συνυπάρχουσες παθήσεις - επιπλοκές Παθήσεις νωτιαίου μυελού με ή χωρίς χειρουργικές επεμβάσεις με καταστροφικές (συστηματικές) ή σοβαρές,10,"1.500,00 €","1.050,00 €"
Ν21Μ,συνυπάρχουσες παθήσεις – επιπλοκές Παθήσεις νωτιαίου μυελού με ή χωρίς χειρουργικές επεμβάσεις χωρίς καταστροφικές (συστηματικές) ή σοβαρές,16,"4.509,00 €","3.156,30 €"
Ν21Χ,συνυπάρχουσες παθήσεις – επιπλοκές,5,"1.714,00 €","1.199,80 €"
Ν22Α,Αφαίρεση (Αιμαφαίρεση) Άνοια (ανοϊκή συνδρομή) και άλλες χρόνιες δυσλειτουργίες της εγκεφαλικής,1,"180,00 €","126,00 €"
Ν23Α,λειτουργίας Delirium (Παραλήρημα /Διέγερση) με καταστροφικές (συστηματικές),13,"1.326,00 €","928,20 €"
Ν24Μ,συνυπάρχουσες παθήσεις - επιπλοκές Delirium (Παραλήρημα /Διέγερση) χωρίς καταστροφικές (συστηματικές),13,"2.172,00 €","1.520,40 €"
Ν24Χ,συνυπάρχουσες παθήσεις - επιπλοκές,6,"1.054,00 €","737,80 €"
Ν25Α,Εγκεφαλική παράλυση Νεόπλασμα νευρικού συστήματος με καταστροφικές (συστηματικές) ή σοβαρές,2,"439,00 €","307,30 €"
Ν26Μ,συνυπάρχουσες παθήσεις – επιπλοκές Νεόπλασμα νευρικού συστήματος χωρίς καταστροφικές (συστηματικές) ή σοβαρές,9,"1.875,00 €","1.312,50 €"
Ν26Χ,συνυπάρχουσες παθήσεις – επιπλοκές,4,"792,00 €","554,40 €"
Ν27Μα,Εκφυλιστικά νοσήματα-διαταραχές νευρικού συστήματος με καταστροφικές (συστηματικές) ή σοβαρές συνυπάρχουσες ΜΔΝ από Κόστος από σε ιδιωτικά ΚΩΔ. ΚΕΝ ΚΕΝ ΠΕΡΙΓΡΑΦΗ 1/3/2012 1/3/2012 ιδρύματα παθήσεις – επιπλοκές Εκφυλιστικά νοσήματα-διαταραχές νευρικού συστήματος με μέτριας βαρύτητας συνυπάρχουσες παθήσεις –,13,"2.299,00 €","1.609,30 €"
Ν27Μβ,επιπλοκές Εκφυλιστικά νοσήματα-διαταραχές νευρικού συστήματος χωρίς,8,"1.188,00 €","831,60 €"
Ν27Χ,συνυπάρχουσες παθήσεις – επιπλοκές Πολλαπλή σκλήρυνση και παρεγκεφαλιδική αταξία με,3,"439,00 €","307,30 €"
Ν28Μ,συνυπάρχουσες παθήσεις - επιπλοκές Πολλαπλή σκλήρυνση και παρεγκεφαλιδική αταξία χωρίς,9,"1.733,00 €","1.213,10 €"
Ν28Χ,συνυπάρχουσες παθήσεις - επιπλοκές Παροδικό ισχαιμικό εγκεφαλικό επεισόδιο και απόφραξη προεγκεφαλικών αγγείων με καταστροφικές (συστηματικές) ή σοβαρές συνυπάρχουσες παθήσεις –,2,"513,00 €","359,10 €"
Ν29Μ,επιπλοκές Παροδικό ισχαιμικό εγκεφαλικό επεισόδιο και απόφραξη προεγκεφαλικών αγγείων χωρίς καταστροφικές (συστηματικές) ή σοβαρές συνυπάρχουσες παθήσεις –,6,"1.118,00 €","782,60 €"
Ν29Χ,"επιπλοκές Αγγειακό εγκεφαλικό επεισόδιο και άλλες διαταραχές των εγκεφαλικών αγγείων, ασθενούς που κατέληξε ή διακομίσθηκε σε",3,"495,00 €","346,50 €"
Ν30Α,άλλο νοσοκομείο σε <5 ημέρες Αγγειακό εγκεφαλικό επεισόδιο και άλλες διαταραχές των εγκεφαλικών αγγείων με καταστροφικές (συστηματικές),2,"380,00 €","266,00 €"
Ν30Μα,συνυπάρχουσες παθήσεις - επιπλοκές Αγγειακό εγκεφαλικό επεισόδιο και άλλες διαταραχές των εγκεφαλικών αγγείων με σοβαρές συνυπάρχουσες παθήσεις -,17,"2.475,00 €","1.732,50 €"
Ν30Μβ,επιπλοκές Αγγειακό εγκεφαλικό επεισόδιο και άλλες,9,"1.625,00 €","1.137,50 €"
Ν30Χ,διαταραχές των εγκεφαλικών αγγείων ΜΔΝ από Κόστος από σε ιδιωτικά ΚΩΔ. ΚΕΝ ΚΕΝ ΠΕΡΙΓΡΑΦΗ 1/3/2012 1/3/2012 ιδρύματα χωρίς καταστροφικές (συστηματικές) ή σοβαρές συνυπάρχουσες παθήσεις - επιπλοκές Διαταραχές εγκεφαλικών συζυγιών και περιφερικών νεύρων με συνυπάρχουσες,6,"900,00 €","630,00 €"
Ν31Μ,παθήσεις - επιπλοκές Διαταραχές εγκεφαλικών συζυγιών και περιφερικών νεύρων χωρίς συνυπάρχουσες,7,"1.372,00 €","960,40 €"
Ν31Χ,παθήσεις - επιπλοκές Λοίμωξη νευρικού συστήματος εκτός από ιογενή μηνιγγίτιδα με καταστροφικές (συστηματικές) ή σοβαρές συνυπάρχουσες,2,"250,00 €","175,00 €"
Ν32Μ,παθήσεις – επιπλοκές Λοίμωξη νευρικού συστήματος εκτός από ιογενή μηνιγγίτιδα χωρίς καταστροφικές (συστηματικές) ή σοβαρές συνυπάρχουσες,14,"2.000,00 €","1.400,00 €"
Ν32Χ,παθήσεις – επιπλοκές,5,"1.075,00 €","752,50 €"
Ν33Α,"Ιογενής μηνιγγίτιδα Μη τραυματικής αιτιολογίας εμβροντησία (λήθαργος) και κώμα, με συνυπάρχουσες",3,"672,00 €","470,40 €"
Ν34Μ,"παθήσεις – επιπλοκές Μη τραυματικής αιτιολογίας εμβροντησία (λήθαργος) και κώμα, χωρίς",5,"920,00 €","644,00 €"
Ν34Χ,συνυπάρχουσες παθήσεις – επιπλοκές,2,"340,00 €","238,00 €"
Ν35Α,Πυρετικοί σπασμοί Επιληπτικοί σπασμοί με καταστροφικές (συστηματικές) ή σοβαρές συνυπάρχουσες,2,"318,00 €","222,60 €"
Ν36Μ,παθήσεις - επιπλοκές Επιληπτικοί σπασμοί χωρίς καταστροφικές (συστηματικές) ή σοβαρές συνυπάρχουσες,6,"1.351,00 €","945,70 €"
Ν36Χ,παθήσεις - επιπλοκές,2,"400,00 €","280,00 €"
Ν37Α,Κεφαλαλγία Ενδοκρανιακή (κρανιοεγκεφαλική) κάκωση με καταστροφικές (συστηματικές) ή σοβαρές συνυπάρχουσες παθήσεις –,2,"200,00 €","140,00 €"
Ν38Μ,επιπλοκές,10,"2.115,00 €","1.480,50 €"
Ν38Χ,Ενδοκρανιακή (κρανιοεγκεφαλική) ΜΔΝ από Κόστος από σε ιδιωτικά ΚΩΔ. ΚΕΝ ΚΕΝ ΠΕΡΙΓΡΑΦΗ 1/3/2012 1/3/2012 ιδρύματα κάκωση χωρίς καταστροφικές (συστηματικές) ή σοβαρές συνυπάρχουσες παθήσεις – επιπλοκές Κατάγματα κρανίου με καταστροφικές (συστηματικές) ή σοβαρές συνυπάρχουσες,4,"799,00 €","559,30 €"
Ν39Μ,παθήσεις – επιπλοκές Κατάγματα κρανίου χωρίς καταστροφικές (συστηματικές) ή σοβαρές συνυπάρχουσες,7,"1.203,00 €","842,10 €"
Ν39Χ,παθήσεις – επιπλοκές,5,"600,00 €","420,00 €"
Ν40Α,Άλλες κακώσεις κεφαλής Άλλες διαταραχές του νευρικού συστήματος με καταστροφικές (συστηματικές) ή σοβαρές συνυπάρχουσες,1,"200,00 €","140,00 €"
Ν41Μ,παθήσεις – επιπλοκές Άλλες διαταραχές του νευρικού συστήματος χωρίς καταστροφικές (συστηματικές) ή σοβαρές συνυπάρχουσες,10,"1.670,00 €","1.169,00 €"
Ν41Χ,παθήσεις – επιπλοκές Χρόνια και μη καθορισμένη παραπληγία/ τετραπληγία με ή χωρίς χειρουργικές επεμβάσεις με καταστροφικές (συστηματικές) συνυπάρχουσες παθήσεις –,3,"600,00 €","420,00 €"
Ν42Μα,επιπλοκές Χρόνια και μη καθορισμένη παραπληγία/ τετραπληγία με ή χωρίς χειρουργικές επεμβάσεις με σοβαρές συνυπάρχουσες,23,"5.277,00 €","3.693,90 €"
Ν42Μβ,παθήσεις – επιπλοκές Χρόνια και μη καθορισμένη παραπληγία/ τετραπληγία με ή χωρίς χειρουργικές επεμβάσεις χωρίς καταστροφικές (συστηματικές) ή σοβαρές συνυπάρχουσες,11,"1.960,00 €","1.372,00 €"
Ν42Χ,παθήσεις – επιπλοκές Παθήσεις και διαταραχές των οφθαλμών ΤΚΑ 02 (Ο) Επεμβάσεις για διατιτραίνον τραύμα,6,"1.288,00 €","901,60 €"
Ο01Α,οφθαλμού ΜΔΝ από Κόστος από σε ιδιωτικά ΚΩΔ. ΚΕΝ ΚΕΝ ΠΕΡΙΓΡΑΦΗ 1/3/2012 1/3/2012 ιδρύματα Εξόρυξη οφθαλμού και επεμβάσεις,3,"1.269,00 €","888,30 €"
Ο02Α,οφθαλμικού κόγχου,3,"1.464,00 €","1.024,80 €"
Ο03Α,"Επεμβάσεις αμφιβληστροειδούς Μείζονες επεμβάσεις κερατοειδούς,",1,"731,00 €","511,70 €"
Ο04Α,σκληρού και επιπεφυκότα,3,"1.238,00 €","866,60 €"
Ο05Α,Ασκορινοστομία,1,"700,00 €","490,00 €"
Ο10Α,Επεμβάσεις Στραβισμού,1,"450,00 €","315,00 €"
Ο11Α,"Επεμβάσεις βλεφάρων Άλλες επεμβάσεις κερατοειδούς, σκληρού",1,"450,00 €","315,00 €"
Ο12Α,και επιπεφυκότα,1,"530,00 €","371,00 €"
Ο13Α,Επεμβάσεις δακρυϊκής συσκευής,1,"305,00 €","213,50 €"
Ο14Α,Άλλες επεμβάσεις οφθαλμού Επεμβάσεις γλαυκώματος και σύνθετες,2,"369,00 €","258,30 €"
Ο15Α,"επεμβάσεις καταρράκτη Επεμβάσεις γλαυκώματος και σύνθετες επεμβάσεις καταρράκτη, ημερήσια",2,"933,00 €","653,10 €"
Ο15Β,νοσηλεία Επεμβάσεις φακού (από καταρράκτη ή,1,"531,00 €","371,70 €"
Ο16Α,άλλη αιτία),1,"466,00 €","326,20 €"
Ο17Α,Μεταμοσχεύσεις Κερατοειδούς Οξείες και μείζονες οφθαλμικές λοιμώξεις,10,"2.203,00 €","1.542,10 €"
Ο20Μ,με συνυπάρχουσες παθήσεις- επιπλοκές Οξείες και μείζονες οφθαλμικές λοιμώξεις,8,"1.691,00 €","1.183,70 €"
Ο20Χ,χωρίς συνυπάρχουσες παθήσεις- επιπλοκές Νευρολογικές και αγγειακές διαταραχές του οφθαλμού με συνυπάρχουσες,4,"941,00 €","658,70 €"
Ο21Μ,παθήσεις- επιπλοκές Ύφαιμα και συντηρητική (μη χειρουργική),5,"849,00 €","594,30 €"
Ο22Α,διαχείριση τραύματος οφθαλμού,2,"297,00 €","207,90 €"
Ο23Α,Άλλες διαταραχές οφθαλμού Νευρολογικές και αγγειακές διαταραχές του οφθαλμού χωρίς συνυπάρχουσες,2,"280,00 €","196,00 €"
Ο61Χ,"παθήσεις- επιπλοκές Παθήσεις και διαταραχές ωτός, ρινός, ΤΚΑ 03 στόματος και λάρυγγος (Ω) ΜΔΝ από Κόστος από σε ιδιωτικά ΚΩΔ. ΚΕΝ ΚΕΝ ΠΕΡΙΓΡΑΦΗ 1/3/2012 1/3/2012 ιδρύματα",2,"439,00 €","307,30 €"
Ω01Α,Κοχλιακό εμφύτευμα Επεμβάσεις κεφαλής και τραχήλου με καταστροφικές (συστηματικές) ή σοβαρές,2,"24.000,00 €","16.800,00 €"
Ω02Μα,συνυπάρχουσες παθήσεις-επιπλοκές Επεμβάσεις κεφαλής και τραχήλου με κακοήθεια ή μέτριας βαρύτητας,11,"4.927,00 €","3.448,90 €"
Ω02Μβ,συνυπάρχουσες παθήσεις-επιπλοκές Επεμβάσεις κεφαλής τραχήλου χωρίς κακοήθεια χωρίς συνυπάρχουσες,7,"2.336,00 €","1.635,20 €"
Ω02Χ,παθήσεις-επιπλοκές Χειρουργική αποκατάσταση χειλεοσχιστίας ή υπερωϊοσχιστίας,2,"1.391,00 €","973,70 €"
Ω03Α,(λαγώχειλου ή λυκοστόματος) Γναθοχειρουργική με συνυπάρχουσες,4,"1.165,00 €","815,50 €"
Ω04Μ,παθήσεις-επιπλοκές Γναθοχειρουργική χωρίς συνυπάρχουσες,7,"2.227,00 €","1.558,90 €"
Ω04Χ,παθήσεις-επιπλοκές,2,"1.383,00 €","968,10 €"
Ω05Α,Επεμβάσεις παρωτίδας Επεμβάσεις παραρρινίων κόλπων και,3,"1.648,00 €","1.153,60 €"
Ω06Α,σύνθετες επεμβάσεις μέσου ωτός,3,"800,00 €","560,00 €"
Ω10Α,Επεμβάσεις ρινικές,2,"600,00 €","420,00 €"
Ω11Α,Αμυγδαλεκτομή και/ή αδενοειδεκτομή Άλλες ΩΡΛ επεμβάσεις και επεμβάσεις,2,"478,00 €","334,60 €"
Ω12Α,στοματικής κοιλότητας Μυριγγοτομή με εισαγωγή σωληνίσκου,2,"650,00 €","455,00 €"
Ω13Α,αερισμού Επεμβάσεις στόματος και σιαλογόνων,1,"150,00 €","105,00 €"
Ω14Α,αδένων,3,"673,00 €","471,10 €"
Ω15Α,Επεμβάσεις μαστοειδούς,3,"1.817,00 €","1.271,90 €"
Ω20Α,"Εξαγωγές και αποκαταστάσεις οδόντων Κακοήθεια ωτός, ρινός, στόματος, φάρυγγος και λάρυγγος με καταστροφικές (συστηματικές) ή σοβαρές συνυπάρχουσες",1,"350,00 €","245,00 €"
Ω30Μ,παθήσεις-επιπλοκές,9,"2.080,00 €","1.456,00 €"
Ω30Χ,"Κακοήθεια ωτός, ρινός, στόματος, φάρυγγος και λάρυγγος χωρίς ΜΔΝ από Κόστος από σε ιδιωτικά ΚΩΔ. ΚΕΝ ΚΕΝ ΠΕΡΙΓΡΑΦΗ 1/3/2012 1/3/2012 ιδρύματα καταστροφικές (συστηματικές) ή σοβαρές συνυπάρχουσες παθήσεις-επιπλοκές",2,"496,00 €","347,20 €"
Ω31Α,Αστάθεια - διαταραχές ισορροπίας,4,"403,00 €","282,10 €"
Ω32Α,Επίσταξη ( Με απολίνωση αρτηριών) Μέση ωτίτιδα και λοίμωξη του ανώτερου,2,"325,00 €","227,50 €"
Ω33Α,αναπνευστικού Λαρυγγοτραχειΐτιδα - επιγλωττίτιδα -,2,"361,00 €","252,70 €"
Ω34Α,τραχειοβροχίτιδα,3,"262,00 €","183,40 €"
Ω35Α,Ρινικό τραύμα και παραμόρφωση Άλλες ΩΡΛ παθήσεις και παθήσεις στοματικής κοιλότητας με συνυπάρχουσες,1,"241,00 €","168,70 €"
Ω36Μ,παθήσεις-επιπλοκές Άλλες ΩΡΛ παθήσεις και παθήσεις στοματικής κοιλότητας χωρίς,4,"650,00 €","455,00 €"
Ω36Χ,συνυπάρχουσες παθήσεις-επιπλοκές Στοματικές και οδοντικές διαταραχές εκτός,3,"150,00 €","105,00 €"
Ω37Α,"από εξαγωγές και αποκαταστάσεις Στοματικές και οδοντικές διαταραχές εκτός από εξαγωγές και αποκαταστάσεις,",1,"150,00 €","105,00 €"
Ω37Β,ημερήσια νοσηλεία Παθήσεις και διαταραχές του ΤΚΑ 04 αναπνευστικού συστήματος (Α) Μείζονες επεμβάσεις θώρακος με καταστροφικές (συστηματικές),1,"150,00 €","105,00 €"
Α01Μ,συνυπάρχουσες παθήσεις- επιπλοκές Μείζονες επεμβάσεις θώρακος χωρίς καταστροφικές (συστηματικές),15,"4.274,00 €","2.991,80 €"
Α01Χ,συνυπάρχουσες παθήσεις- επιπλοκές Άλλες χειρουργικές επεμβάσεις του αναπνευστικού με καταστροφικές (συστηματικές) συνυπάρχουσες παθήσεις-,7,"2.465,00 €","1.725,50 €"
Α02Μα,επιπλοκές Άλλες χειρουργικές επεμβάσεις του αναπνευστικού με σοβαρές ή μέτριας,16,"3.565,00 €","2.495,50 €"
Α02Μβ,βαρύτητας συνυπάρχουσες παθήσεις - ΜΔΝ από σε ιδιωτικά Κόστος από ΚΩΔ. ΚΕΝ ΚΕΝ ΠΕΡΙΓΡΑΦΗ 1/3/2012 ιδρύματα 1/3/2012 επιπλοκές Άλλες χειρουργικές επεμβάσεις του αναπνευστικού χωρίς συνυπάρχουσες,5,"1.450,00 €","1.015,00 €"
Α02Χ,παθήσεις - επιπλοκές Πάθηση του αναπνευστικού συστήματος με μηχανική υποστήριξη αναπνοής με καταστροφικές (συστηματικές),1,"434,70 €","621,00 €"
Α10Μ,συνυπάρχουσες παθήσεις - επιπλοκές Πάθηση του αναπνευστικού συστήματος με μηχανική υποστήριξη αναπνοής χωρίς καταστροφικές (συστηματικές),12,"3.668,70 €","5.241,00 €"
Α10Χ,συνυπάρχουσες παθήσεις - επιπλοκές Πάθηση του αναπνευστικού συστήματος,8,"2.813,30 €","4.019,00 €"
Α11Χ,με μη επεμβατικό αερισμό,12,"2.312,80 €","3.304,00 €"
Α12Α,"Βρογχοσκόπηση, ημερήσια νοσηλεία Βρογχοσκόπηση σε καταστροφικές (συστηματικές) συνυπάρχουσες παθήσεις -",1,"168,00 €","240,00 €"
Α12Μ,επιπλοκές Βρογχοσκόπηση σε παθήσεις χωρίς καταστροφικές (συστηματικές) συνέπειες -,10,"1.050,00 €","1.500,00 €"
Α12Χ,επιπλοκές Κυστική ίνωση με καταστροφικές (συστηματικές) ή σοβαρές συνυπάρχουσες,7,"700,00 €","1.000,00 €"
Α20Μ,παθήσεις - επιπλοκές Κυστική ίνωση χωρίς καταστροφικές (συστηματικές) ή σοβαρές συνυπάρχουσες,13,"2.352,00 €","3.360,00 €"
Α20Χ,παθήσεις - επιπλοκές Πνευμονική εμβολή με καταστροφικές (συστηματικές) συνυπάρχουσες παθήσεις -,8,"1.050,00 €","1.500,00 €"
Α21Μ,επιπλοκές Πνευμονική εμβολή χωρίς καταστροφικές (συστηματικές) συνυπάρχουσες παθήσεις -,11,"1.391,60 €","1.988,00 €"
Α21Χ,επιπλοκές Λοιμώξεις/φλεγμονές του αναπνευστικού με καταστροφικές (συστηματικές),6,"658,70 €","941,00 €"
Α22Μα,συνυπάρχουσες παθήσεις - επιπλοκές,10,"1.233,40 €","1.762,00 €"
Α22Μβ,Λοιμώξεις/φλεγμονές του αναπνευστικού ΜΔΝ από Κόστος από σε ιδιωτικά ΚΩΔ. ΚΕΝ ΚΕΝ ΠΕΡΙΓΡΑΦΗ 1/3/2012 1/3/2012 ιδρύματα με σοβαρές ή μέτριας βαρύτητας συνυπάρχουσες παθήσεις – επιπλοκές Λοιμώξεις/φλεγμονές του αναπνευστικού χωρίς συνυπάρχουσες παθήσεις –,8,"728,00 €","1.040,00 €"
Α22Χ,επιπλοκές Σύνδρομο άπνοιας ύπνου-Μελέτη,5,"573,00 €","401,10 €"
Α23Α,διαταραχών ύπνου Πνευμονικό οίδημα και αναπνευστική ανεπάρκεια με καταστροφικές (συστηματικές) συνυπάρχουσες παθήσεις -,1,"200,00 €","140,00 €"
Α24Μ,επιπλοκές Πνευμονικό οίδημα και αναπνευστική ανεπάρκεια χωρίς καταστροφικές (συστηματικές) συνυπάρχουσες παθήσεις -,8,"1.655,00 €","1.158,50 €"
Α24Χ,επιπλοκές Χρόνια αποφρακτική πνευμονοπάθεια με καταστροφικές (συστηματικές),4,"863,00 €","604,10 €"
Α25Μ,συνυπάρχουσες παθήσεις - επιπλοκές Χρόνια αποφρακτική πνευμονοπάθεια χωρίς καταστροφικές (συστηματικές),9,"1.446,00 €","1.012,20 €"
Α25Χ,συνυπάρχουσες παθήσεις - επιπλοκές Μείζον τραύμα θώρακος με καταστροφικές (συστηματικές),5,"863,00 €","604,10 €"
Α26Μα,συνυπάρχουσες παθήσεις - επιπλοκές Μείζον τραύμα θώρακος με σοβαρές ή μέτριας βαρύτητας συνυπάρχουσες,12,"2.243,00 €","1.570,10 €"
Α26Μβ,παθήσεις – επιπλοκές Μείζον τραύμα θώρακος χωρίς,5,"1.068,00 €","747,60 €"
Α26Χ,συνυπάρχουσες παθήσεις - επιπλοκές Σημεία και συμπτώματα του αναπνευστικού με καταστροφικές (συστηματικές) ή σοβαρές συνυπάρχουσες,3,"552,00 €","386,40 €"
Α27Μ,παθήσεις - επιπλοκές Σημεία και συμπτώματα του αναπνευστικού χωρίς καταστροφικές (συστηματικές) ή σοβαρές συνυπάρχουσες,4,"785,00 €","549,50 €"
Α27Χ,παθήσεις - επιπλοκές ΜΔΝ από Κόστος από σε ιδιωτικά ΚΩΔ. ΚΕΝ ΚΕΝ ΠΕΡΙΓΡΑΦΗ 1/3/2012 1/3/2012 ιδρύματα Πνευμοθώρακας με συνυπάρχουσες,2,"318,00 €","222,60 €"
Α28Μ,παθήσεις - επιπλοκές Πνευμοθώρακας χωρίς συνυπάρχουσες,6,"1.252,00 €","876,40 €"
Α28Χ,παθήσεις - επιπλοκές Βρογχίτιδα και άσθμα με συνυπάρχουσες,3,"566,00 €","396,20 €"
Α29Μ,παθήσεις - επιπλοκές Βρογχίτιδα και άσθμα χωρίς,4,"792,00 €","554,40 €"
Α29Χ,συνυπάρχουσες παθήσεις - επιπλοκές Υλακώδης βήχας και οξεία βρογχιολίτιδα,2,"361,00 €","252,70 €"
Α30Μ,με συνυπάρχουσες παθήσεις - επιπλοκές Υλακώδης βήχας και οξεία βρογχιολίτιδα χωρίς συνυπάρχουσες παθήσεις -,5,"1.210,00 €","847,00 €"
Α30Χ,επιπλοκές Νεοπλάσματα του αναπνευστικού με καταστροφικές (συστηματικές),2,"552,00 €","386,40 €"
Α31Μ,συνυπάρχουσες παθήσεις - επιπλοκές Νεοπλάσματα του αναπνευστικού χωρίς καταστροφικές (συστηματικές),9,"1.634,00 €","1.143,80 €"
Α31Χ,συνυπάρχουσες παθήσεις - επιπλοκές Αναπνευστικά προβλήματα αναδυόμενα,5,"828,00 €","579,60 €"
Α32Α,από τη νεογνική περίοδο Πλευριτική συλλογή με καταστροφικές (συστηματικές) συνυπάρχουσες παθήσεις -,4,"769,00 €","538,30 €"
Α33Μα,επιπλοκές Πλευριτική συλλογή με σοβαρές ή μέτριας βαρύτητας συνυπάρχουσες παθήσεις -,10,"1.839,00 €","1.287,30 €"
Α33Μβ,επιπλοκές Πλευριτική συλλογή χωρίς συνυπάρχουσες,5,"948,00 €","663,60 €"
Α33Χ,παθήσεις - επιπλοκές Διάμεση πνευμονοπάθεια με καταστροφικές (συστηματικές),3,"451,00 €","315,70 €"
Α34Μα,συνυπάρχουσες παθήσεις - επιπλοκές Διάμεση πνευμονοπάθεια με σοβαρές ή μέτριας βαρύτητας συνυπάρχουσες,10,"1.797,00 €","1.257,90 €"
Α34Μβ,παθήσεις – επιπλοκές Διάμεση πνευμονοπάθεια χωρίς,7,"1.266,00 €","886,20 €"
Α34Χ,συνυπάρχουσες παθήσεις - επιπλοκές ΜΔΝ από Κόστος από σε ιδιωτικά ΚΩΔ. ΚΕΝ ΚΕΝ ΠΕΡΙΓΡΑΦΗ 1/3/2012 1/3/2012 ιδρύματα Άλλες παθήσεις του αναπνευστικού συστήματος με καταστροφικές (συστηματικές) συνυπάρχουσες παθήσεις -,3,"580,00 €","406,00 €"
Α35Μα,επιπλοκές Άλλες παθήσεις του αναπνευστικού συστήματος με σοβαρές ή μέτριας βαρύτητας συνυπάρχουσες παθήσεις –,8,"1.415,00 €","990,50 €"
Α35Μβ,επιπλοκές Άλλες παθήσεις του αναπνευστικού συστήματος χωρίς συνυπάρχουσες,5,"884,00 €","618,80 €"
Α35Χ,παθήσεις – επιπλοκές Φυματίωση του αναπνευστικού,2,"432,00 €","302,40 €"
Α36Α,"συστήματος Παθήσεις και διαταραχές του ΤΚΑ 05 κυκλοφορικού συστήματος (Κ) Εμφύτευση αυτόματου εμφυτεύσιμου καρδιακού απινιδωτή, ολοκληρωμένο σύστημα, με καταστροφικές (συστηματικές) συνυπάρχουσες παθήσεις -",14,"1.800,00 €","1.260,00 €"
Κ01Μ,"επιπλοκές Εμφύτευση αυτόματου εμφυτεύσιμου καρδιακού απινιδωτή, ολοκληρωμένο σύστημα, χωρίς καταστροφικές (συστηματικές) συνυπάρχουσες παθήσεις -",12,"12.500,00 €","8.750,00 €"
Κ01Χ,επιπλοκές Άλλες επεμβάσεις σχετιζόμενες με αυτόματο εμφυτεύσιμο καρδιακό,3,"11.291,00 €","7.903,70 €"
Κ02Α,απινιδωτή Επεμβάσεις καρδιακών βαλβίδων με χρήση εξωσωματικής κυκλοφορίας με επεμβατικό καρδιακό καθετηριασμό με καταστροφικές (συστηματικές),4,"1.897,00 €","1.327,90 €"
Κ03Μ,συνυπάρχουσες παθήσεις,23,"11.277,00 €","7.893,90 €"
Κ03Χ,Επεμβάσεις καρδιακών βαλβίδων με χρήση εξωσωματικής κυκλοφορίας με επεμβατικό καρδιακό καθετηριασμό χωρίς ΜΔΝ από Κόστος από σε ιδιωτικά ΚΩΔ. ΚΕΝ ΚΕΝ ΠΕΡΙΓΡΑΦΗ 1/3/2012 1/3/2012 ιδρύματα καταστροφικές (συστηματικές) συνυπάρχουσες παθήσεις Επεμβάσεις καρδιακών βαλβίδων με χρήση εξωσωματικής κυκλοφορίας χωρίς επεμβατικό καρδιακό καθετηριασμό με καταστροφικές (συστηματικές),13,"7.475,00 €","5.232,50 €"
Κ04Μ,συνυπάρχουσες παθήσεις Επεμβάσεις καρδιακών βαλβίδων με χρήση εξωσωματικής κυκλοφορίας χωρίς επεμβατικό καρδιακό καθετηριασμό χωρίς καταστροφικές (συστηματικές),14,"8.922,00 €","6.245,40 €"
Κ04Χ,συνυπάρχουσες παθήσεις Στεφανιαία παράκαμψη με επεμβατικό καρδιακό καθετηριασμό με επανεπέμβαση ή με καταστροφικές (συστηματικές),8,"5.828,00 €","4.079,60 €"
Κ05Μ,συνυπάρχουσες παθήσεις-επιπλοκές Στεφανιαία παράκαμψη με επεμβατικό καρδιακό καθετηριασμό χωρίς επανεπέμβαση χωρίς καταστροφικές (συστηματικές) συνυπάρχουσες παθήσεις-,18,"8.826,00 €","6.178,20 €"
Κ05Χ,επιπλοκές Στεφανιαία παράκαμψη χωρίς επεμβατικό καρδιακό καθετηριασμό με επανεπέμβαση ή με καταστροφικές (συστηματικές) ή σοβαρές συνυπάρχουσες παθήσεις-,13,"6.495,00 €","4.546,50 €"
Κ06Μ,επιπλοκές Στεφανιαία παράκαμψη χωρίς επεμβατικό καρδιακό καθετηριασμό χωρίς επανεπέμβαση χωρίς καταστροφικές (συστηματικές) ή σοβαρές συνυπάρχουσες,10,"5.924,00 €","4.146,80 €"
Κ06Χ,παθήσεις-επιπλοκές Άλλες καρδιο-θωρακοχειρουργικές /αγγειοχειρουργικές επεμβάσεις με χρήση εξωσωματικής κυκλοφορίας με καταστροφικές (συστηματικές),7,"4.276,00 €","2.993,20 €"
Κ07Μα,συνυπάρχουσες παθήσεις-επιπλοκές Άλλες καρδιο-θωρακοχειρουργικές,12,"8.818,00 €","6.172,60 €"
Κ07Μβ,/αγγειοχειρουργικές επεμβάσεις με χρήση ΜΔΝ από Κόστος από σε ιδιωτικά ΚΩΔ. ΚΕΝ ΚΕΝ ΠΕΡΙΓΡΑΦΗ 1/3/2012 1/3/2012 ιδρύματα εξωσωματικής κυκλοφορίας με σοβαρές ή μέτριας βαρύτητας συνυπάρχουσες παθήσεις-επιπλοκές Άλλες καρδιο-θωρακοχειρουργικές /αγγειοχειρουργικές επεμβάσεις με χρήση εξωσωματικής κυκλοφορίας χωρίς,8,"6.061,00 €","4.242,70 €"
Κ07Χ,συνυπάρχουσες παθήσεις-επιπλοκές Μείζονες επανορθωτικές επεμβάσεις αγγείων χωρίς χρήση εξωσωματικής κυκλοφορίας με καταστροφικές (συστηματικές) συνυπάρχουσες παθήσεις-,7,"4.758,00 €","3.330,60 €"
Κ08Μ,επιπλοκές Μείζονες επανορθωτικές επεμβάσεις αγγείων χωρίς χρήση εξωσωματικής κυκλοφορίας χωρίς καταστροφικές (συστηματικές) συνυπάρχουσες παθήσεις-,16,"7.218,00 €","5.052,60 €"
Κ08Χ,επιπλοκές Άλλες καρδιοθωρακικές χειρουργικές επεμβάσεις χωρίς χρήση εξωσωματικής κυκλοφορίας με καταστροφικές (συστηματικές) συνυπάρχουσες παθήσεις-,7,"4.219,00 €","2.953,30 €"
Κ09Μα,επιπλοκές Άλλες καρδιοθωρακικές χειρουργικές επεμβάσεις χωρίς χρήση εξωσωματικής κυκλοφορίας με σοβαρές ή μέτριας βαρύτητας συνυπάρχουσες παθήσεις-,10,"5.136,00 €","3.595,20 €"
Κ09Μβ,επιπλοκές Άλλες καρδιοθωρακικές χειρουργικές επεμβάσεις χωρίς χρήση εξωσωματικής κυκλοφορίας χωρίς συνυπάρχουσες,6,"3.167,00 €","2.216,90 €"
Κ09Χ,παθήσεις-επιπλοκές Διαδερμικές επεμβάσεις στεφανιαίων αγγείων με ΟΕΜ (οξύ έμφραγμα μυοκαρδίου) με καταστροφικές (συστηματικές) συνυπάρχουσες παθήσεις-,4,"2.169,00 €","1.518,30 €"
Κ10Μ,επιπλοκές Διαδερμικές επεμβάσεις στεφανιαίων,8,"4.166,00 €","2.916,20 €"
Κ10Χ,"αγγείων με ΟΕΜ (οξύ έμφραγμα ΜΔΝ από Κόστος από σε ιδιωτικά ΚΩΔ. ΚΕΝ ΚΕΝ ΠΕΡΙΓΡΑΦΗ 1/3/2012 1/3/2012 ιδρύματα μυοκαρδίου) χωρίς καταστροφικές (συστηματικές) συνυπάρχουσες παθήσεις- επιπλοκές Ακρωτηριασμός λόγω παθήσεων του κυκλοφορικού, εξαιρουμένων των άνω άκρου και δακτύλων άκρου ποδός, με καταστροφικές (συστηματικές)",4,"2.724,00 €","1.906,80 €"
Κ11Μ,"συνυπάρχουσες παθήσεις-επιπλοκές Ακρωτηριασμός λόγω παθήσεων του κυκλοφορικού, εξαιρουμένων των άνω άκρου και δακτύλων άκρου ποδός, χωρίς καταστροφικές (συστηματικές)",27,"6.629,00 €","4.640,30 €"
Κ11Χ,"συνυπάρχουσες παθήσεις-επιπλοκές Εμφύτευση βηματοδότη, ολοκληρωμένο σύστημα, με καταστροφικές (συστηματικές) συνυπάρχουσες παθήσεις-",14,"2.930,00 €","2.051,00 €"
Κ12Μ,"επιπλοκές Εμφύτευση βηματοδότη, ολοκληρωμένο σύστημα, χωρίς καταστροφικές (συστηματικές) συνυπάρχουσες παθήσεις-",11,"3.280,00 €","2.296,00 €"
Κ12Χ,επιπλοκές Ακρωτηριασμός άνω άκρου και δακτύλων άκρου ποδός λόγω διαταραχών του κυκλοφορικού με καταστροφικές (συστηματικές) ή σοβαρές συνυπάρχουσες,4,"2.831,00 €","1.981,70 €"
Κ13Μ,παθήσεις-επιπλοκές Ακρωτηριασμός άνω άκρου ή δακτύλων άκρου ποδός λόγω παθήσεων του κυκλοφορικού χωρίς καταστροφικές (συστηματικές) ή σοβαρές συνυπάρχουσες,17,"3.608,00 €","2.525,60 €"
Κ13Χ,"παθήσεις-επιπλοκές Αγγειακές επεμβάσεις, εξαιρουμένων των μειζόνων επανορθωτικών επεμβάσεων, χωρίς εξωσωματική κυκλοφορία, με καταστροφικές (συστηματικές)",7,"1.139,00 €","797,30 €"
Κ14Μα,"συνυπάρχουσες παθήσεις-επιπλοκές Αγγειακές επεμβάσεις, εξαιρουμένων των",11,"3.245,00 €","2.271,50 €"
Κ14Μβ,"μειζόνων επανορθωτικών επεμβάσεων, ΜΔΝ από Κόστος από σε ιδιωτικά ΚΩΔ. ΚΕΝ ΚΕΝ ΠΕΡΙΓΡΑΦΗ 1/3/2012 1/3/2012 ιδρύματα χωρίς εξωσωματική κυκλοφορία, με σοβαρές ή μέτριας βαρύτητας συνυπάρχουσες παθήσεις-επιπλοκές Αγγειακές επεμβάσεις, εξαιρουμένων των μειζόνων επανορθωτικών επεμβάσεων, χωρίς εξωσωματική κυκλοφορία, χωρίς",4,"1.810,00 €","1.267,00 €"
Κ14Χ,συνυπάρχουσες παθήσεις-επιπλοκές Διαδερμικές επεμβάσεις στεφανιαίων αγγείων χωρίς ΟΕΜ (οξύ έμφραγμα μυοκαρδίου) με εμφύτευση ενδοπρόθεσης (stent) με καταστροφικές (συστηματικές) ή σοβαρές συνυπάρχουσες παθήσεις-,2,"1.125,00 €","787,50 €"
Κ15Μ,επιπλοκές Διαδερμικές επεμβάσεις στεφανιαίων αγγείων χωρίς ΟΕΜ (οξύ έμφραγμα μυοκαρδίου) με εμφύτευση ενδοπρόθεσης (stent) χωρίς καταστροφικές (συστηματικές) ή σοβαρές συνυπάρχουσες,4,"1.945,00 €","1.361,50 €"
Κ15Χ,παθήσεις-επιπλοκές Διαδερμικές επεμβάσεις στεφανιαίων αγγείων χωρίς ΟΕΜ (οξύ έμφραγμα μυοκαρδίου) χωρίς εμφύτευση ενδοπρόθεσης (stent) με συνυπάρχουσες,2,"1.761,00 €","1.232,70 €"
Κ16Μ,παθήσεις-επιπλοκές Διαδερμικές επεμβάσεις στεφανιαίων αγγείων χωρίς ΟΕΜ (οξύ έμφραγμα μυοκαρδίου) χωρίς εμφύτευση ενδοπρόθεσης (stent) χωρίς,3,"1.392,00 €","974,40 €"
Κ16Χ,συνυπάρχουσες παθήσεις-επιπλοκές Αντικατάσταση βηματοδοτικής πηγής με καταστροφικές (συστηματικές) ή σοβαρές,2,"1.016,00 €","711,20 €"
Κ17Μ,συνυπάρχουσες παθήσεις-επιπλοκές Αντικατάσταση βηματοδοτικής πηγής χωρίς καταστροφικές (συστηματικές) ή σοβαρές συνυπάρχουσες παθήσεις-,5,"2.629,00 €","1.840,30 €"
Κ17Χ,επιπλοκές Άλλες επεμβάσεις για βηματοδότη με,1,"2.227,00 €","1.558,90 €"
Κ18Μ,συνυπάρχουσες παθήσεις-επιπλοκές ΜΔΝ από Κόστος από σε ιδιωτικά ΚΩΔ. ΚΕΝ ΚΕΝ ΠΕΡΙΓΡΑΦΗ 1/3/2012 1/3/2012 ιδρύματα Άλλες επεμβάσεις για βηματοδότη χωρίς,7,"2.023,00 €","1.416,10 €"
Κ18Χ,συνυπάρχουσες παθήσεις-επιπλοκές Διαδερμικές ενδοαγγειακές καρδιακές,2,"1.045,00 €","731,50 €"
Κ19Α,επεμβάσεις,3,"2.903,00 €","2.032,10 €"
Κ20Α,Απολίνωση και εκρίζωση φλέβας Άλλες χειρουργικές επεμβάσεις για παθήσεις του κυκλοφορικού με καταστροφικές (συστηματικές),1,"691,00 €","483,70 €"
Κ21Μ,συνυπάρχουσες παθήσεις-επιπλοκές Άλλες χειρουργικές επεμβάσεις για παθήσεις του κυκλοφορικού χωρίς καταστροφικές (συστηματικές),13,"2.187,00 €","1.530,90 €"
Κ21Χ,συνυπάρχουσες παθήσεις-επιπλοκές,4,"1.358,00 €","950,60 €"
Κ22Α,Αορτικά βαλβιδοφόρα μοσχεύματα Πάθηση του κυκλοφορικού με μηχανική υποστήριξη αναπνοής με καταστροφικές (συστηματικές) συνυπάρχουσες παθήσεις-,11,"7.048,00 €","4.933,60 €"
Κ30Μ,επιπλοκές Πάθηση του κυκλοφορικού με μηχανική υποστήριξη αναπνοής χωρίς καταστροφικές (συστηματικές),11,"5.401,00 €","3.780,70 €"
Κ30Χ,συνυπάρχουσες παθήσεις-επιπλοκές Διαταραχές του κυκλοφορικού με ΟΕΜ (οξύ έμφραγμα μυοκαρδίου) με επεμβατικό καρδιακό καθετηριασμό με καταστροφικές (συστηματικές) ή σοβαρές,6,"3.649,00 €","2.554,30 €"
Κ31Μ,συνυπάρχουσες παθήσεις-επιπλοκές Διαταραχές του κυκλοφορικού με ΟΕΜ (οξύ έμφραγμα μυοκαρδίου) με επεμβατικό καρδιακό καθετηριασμό χωρίς καταστροφικές (συστηματικές) ή σοβαρές,8,"1.853,00 €","1.297,10 €"
Κ31Χ,"συνυπάρχουσες παθήσεις-επιπλοκές Διαταραχές του κυκλοφορικού χωρίς ΟΕΜ (οξύ έμφραγμα μυοκαρδίου) με επεμβατικό καρδιακό καθετηριασμό,",4,"1.078,00 €","754,60 €"
Κ32Α,ημερήσια νοσηλεία,1,"498,00 €","348,60 €"
Κ32Μ,Διαταραχές του κυκλοφορικού χωρίς ΟΕΜ ΜΔΝ από Κόστος από σε ιδιωτικά ΚΩΔ. ΚΕΝ ΚΕΝ ΠΕΡΙΓΡΑΦΗ 1/3/2012 1/3/2012 ιδρύματα (οξύ έμφραγμα μυοκαρδίου) με επεμβατικό καρδιακό καθετηριασμό με καταστροφικές (συστηματικές) ή σοβαρές συνυπάρχουσες παθήσεις-επιπλοκές Διαταραχές του κυκλοφορικού χωρίς ΟΕΜ (οξύ έμφραγμα μυοκαρδίου) με επεμβατικό καρδιακό καθετηριασμό χωρίς καταστροφικές (συστηματικές) ή σοβαρές,8,"1.875,00 €","1.312,50 €"
Κ32Χ,συνυπάρχουσες παθήσεις-επιπλοκές Πάθηση του κυκλοφορικού με μη,3,"968,00 €","677,60 €"
Κ33Α,επεμβατικό αερισμό Φλεβική θρόμβωση με καταστροφικές (συστηματικές) ή σοβαρές συνυπάρχουσες,13,"1.851,00 €","1.295,70 €"
Κ33M,παθήσεις-επιπλοκές Φλεβική θρόμβωση χωρίς καταστροφικές (συστηματικές) ή σοβαρές συνυπάρχουσες,8,"1.337,00 €","935,90 €"
Κ33Χ,παθήσεις-επιπλοκές Δερματικά έλκη σε διαταραχές του κυκλοφορικού με καταστροφικές (συστηματικές) ή σοβαρές συνυπάρχουσες,5,"577,00 €","403,90 €"
Κ34Μ,παθήσεις-επιπλοκές Δερματικά έλκη σε διαταραχές του κυκλοφορικού χωρίς καταστροφικές (συστηματικές) ή σοβαρές συνυπάρχουσες,13,"2.030,00 €","1.421,00 €"
Κ34Χ,παθήσεις-επιπλοκές Περιφερική αγγειακή νόσος με καταστροφικές (συστηματικές) ή σοβαρές,5,"891,00 €","623,70 €"
Κ35Μ,συνυπάρχουσες παθήσεις-επιπλοκές Περιφερική αγγειακή νόσος χωρίς καταστροφικές (συστηματικές) ή σοβαρές,7,"1.365,00 €","955,50 €"
Κ35Χ,συνυπάρχουσες παθήσεις-επιπλοκές Αθηρωμάτωση στεφανιαίων αρτηριών με καταστροφικές (συστηματικές) ή σοβαρές,2,"474,00 €","331,80 €"
Κ36Μ,συνυπάρχουσες παθήσεις-επιπλοκές Αθηρωμάτωση στεφανιαίων αρτηριών χωρίς καταστροφικές (συστηματικές) ή σοβαρές συνυπάρχουσες παθήσεις-,5,"865,00 €","605,50 €"
Κ36Χ,επιπλοκές ΜΔΝ από Κόστος από σε ιδιωτικά ΚΩΔ. ΚΕΝ ΚΕΝ ΠΕΡΙΓΡΑΦΗ 1/3/2012 1/3/2012 ιδρύματα Αρτηριακή υπέρταση με καταστροφικές (συστηματικές) ή σοβαρές συνυπάρχουσες,2,"340,00 €","238,00 €"
Κ37Μ,παθήσεις-επιπλοκές Αρτηριακή υπέρταση χωρίς καταστροφικές (συστηματικές) ή σοβαρές,6,"1.089,00 €","762,30 €"
Κ37Χ,"συνυπάρχουσες παθήσεις-επιπλοκές Συγγενής καρδιοπάθεια με περίπλοκη θεραπεία πολυανθεκτικών παθογόνων μικροοργανισμών, ασθενειών και",2,"355,00 €","248,50 €"
Κ38Α,παθήσεων του κυκλοφορικού συστήματος Συγγενής καρδιοπάθεια με συνυπάρχουσες,4,"3.500,00 €","2.450,00 €"
Κ38Μ,παθήσεις-επιπλοκές Συγγενής καρδιοπάθεια χωρίς,4,"1.167,00 €","816,90 €"
Κ38Χ,συνυπάρχουσες παθήσεις-επιπλοκές Βαλβιδοπάθειες με καταστροφικές (συστηματικές) ή σοβαρές συνυπάρχουσες,1,"570,00 €","399,00 €"
Κ39Μ,παθήσεις-επιπλοκές Βαλβιδοπάθειες χωρίς καταστροφικές (συστηματικές) ή σοβαρές συνυπάρχουσες,6,"1.153,00 €","807,10 €"
Κ39Χ,"παθήσεις-επιπλοκές Διαταραχές του κυκλοφορικού με ΟΕΜ (οξύ έμφραγμα μυοκαρδίου) χωρίς επεμβατικό καρδιακό καθετηριασμό, με καταστροφικές (συστηματικές)",2,"297,00 €","207,90 €"
Κ40Μ,"συνυπάρχουσες παθήσεις-επιπλοκές Διαταραχές του κυκλοφορικού με ΟΕΜ (οξύ έμφραγμα μυοκαρδίου) χωρίς επεμβατικό καρδιακό καθετηριασμό, χωρίς καταστροφικές (συστηματικές)",10,"1.818,00 €","1.272,60 €"
Κ40Χ,συνυπάρχουσες παθήσεις-επιπλοκές Λοιμώδης ενδοκαρδίτιδα με καταστροφικές (συστηματικές),3,"722,00 €","505,40 €"
Κ41Μ,συνυπάρχουσες παθήσεις-επιπλοκές Λοιμώδης ενδοκαρδίτιδα χωρίς καταστροφικές (συστηματικές),22,"4.365,00 €","3.055,50 €"
Κ41Χ,συνυπάρχουσες παθήσεις-επιπλοκές,12,"2.179,00 €","1.525,30 €"
Κ42Μ,Καρδιακή ανεπάρκεια και καταπληξία με ΜΔΝ από Κόστος από σε ιδιωτικά ΚΩΔ. ΚΕΝ ΚΕΝ ΠΕΡΙΓΡΑΦΗ 1/3/2012 1/3/2012 ιδρύματα καταστροφικές (συστηματικές) συνυπάρχουσες παθήσεις-επιπλοκές Καρδιακή ανεπάρκεια και καταπληξία χωρίς καταστροφικές (συστηματικές),10,"1.868,00 €","1.307,60 €"
Κ42Χ,συνυπάρχουσες παθήσεις-επιπλοκές Συγκοπή και collapsus με καταστροφικές (συστηματικές) ή σοβαρές συνυπάρχουσες,5,"849,00 €","594,30 €"
Κ43Μ,παθήσεις-επιπλοκές Συγκοπή και collapsus χωρίς καταστροφικές (συστηματικές) ή σοβαρές,8,"1.012,00 €","708,40 €"
Κ43Χ,συνυπάρχουσες παθήσεις-επιπλοκές,2,"361,00 €","252,70 €"
Κ44Α,Θωρακικό / προκάρδιο άλγος Άλλες παθήσεις του κυκλοφορικού με καταστροφικές (συστηματικές),1,"310,00 €","217,00 €"
Κ45Μα,συνυπάρχουσες παθήσεις-επιπλοκές Άλλες παθήσεις του κυκλοφορικού με σοβαρές ή μέτριας βαρύτητας,10,"2.207,00 €","1.544,90 €"
Κ45Μβ,συνυπάρχουσες παθήσεις-επιπλοκές Άλλες παθήσεις του κυκλοφορικού χωρίς,4,"927,00 €","648,90 €"
Κ45Χ,"συνυπάρχουσες παθήσεις-επιπλοκές Αρρυθμία, καρδιακή ανακοπή και διαταραχές αγωγιμότητας με καταστροφικές (συστηματικές) ή σοβαρές",2,"521,00 €","364,70 €"
Κ46Μ,"συνυπάρχουσες παθήσεις-επιπλοκές Αρρυθμία, καρδιακή ανακοπή και διαταραχές αγωγιμότητας χωρίς καταστροφικές (συστηματικές) ή σοβαρές",6,"1.245,00 €","871,50 €"
Κ46Χ,συνυπάρχουσες παθήσεις-επιπλοκές Ασταθής στηθάγχη με καταστροφικές (συστηματικές) ή σοβαρές συνυπάρχουσες,2,"444,00 €","310,80 €"
Κ47Μ,παθήσεις-επιπλοκές Ασταθής στηθάγχη χωρίς καταστροφικές (συστηματικές) ή σοβαρές συνυπάρχουσες,10,"940,00 €","658,00 €"
Κ47Χ,παθήσεις-επιπλοκές,5,"424,00 €","296,80 €"
Κ48Α,Απλή ηλεκτροφυσιολογική μελέτη Ηλεκτροφυσιολογική μελέτη και επέμβαση,2,"1.500,00 €","1.050,00 €"
Κ49Μα,κατάλυσης σε υπερκοιλιακές/κοιλιακές ΜΔΝ από Κόστος από σε ιδιωτικά ΚΩΔ. ΚΕΝ ΚΕΝ ΠΕΡΙΓΡΑΦΗ 1/3/2012 1/3/2012 ιδρύματα ταχυκαρδίες με σύστημα χαρτογράφησης και/ή εξειδικευμένους καθετήρες και κολπική διαφραγματοστομία Ηλεκτροφυσιολογική μελέτη και επέμβαση κατάλυσης σε υπερκοιλιακές/κοιλιακές ταχυκαρδίες με σύστημα χαρτογράφησης και/ή εξειδικευμένους καθετήρες χωρίς,3,"9.500,00 €","6.650,00 €"
Κ49Μβ,κολπική διαφραγματοστομία Απλή ηλεκτροφυσιολογική μελέτη και επέμβαση κατάλυσης σε υπερκοιλιακές/κοιλιακές ταχυκαρδίες με,3,"8.200,00 €","5.740,00 €"
Κ49Μγ,κολπική διαφραγματοστομία Απλή ηλεκτροφυσιολογική μελέτη και επέμβαση κατάλυσης σε υπερκοιλιακές/κοιλιακές ταχυκαρδίες χωρίς σύστημα χαρτογράφησης και χωρίς,3,"6.300,00 €","4.410,00 €"
Κ49Χ,κολπική διαφραγματοστομία Κατάλυση νευρικού πλέγματος νεφρικής,3,"4.700,00 €","3.290,00 €"
Κ50Α,αρτηρίας 5.000 € Εμφύτευση συσκευής συνεχούς ΗΚΓφικής καταγραφής τύπου κλειστής αγκύλης,4,"3.500,00 €",
Κ51Α,"(Insertable loop recorders) Εμφύτευση αμφικοιλιακού απινιδωτή, ολοκληρωμένο σύστημα, με καταστροφικές συνυπάρχουσες παθήσεις -",2,"2.500,00 €","1.750,00 €"
Κ52Μ,"επιπλοκές Εμφύτευση αμφικοιλιακού απινιδωτή, ολοκληρωμένο σύστημα, χωρίς καταστροφικές συνυπάρχουσες παθήσεις -",12,"15.000,00 €","10.500,00 €"
Κ52Χ,"επιπλοκές Αντικατάσταση αμφικοιλιακού απινιδωτή, ολοκληρωμένο σύστημα, με καταστροφικές συνυπάρχουσες παθήσεις -",3,"14.500,00 €","10.150,00 €"
Κ53Μ,"επιπλοκές Αντικατάσταση αμφικοιλιακού απινιδωτή, ολοκληρωμένο σύστημα, χωρίς καταστροφικές συνυπάρχουσες παθήσεις -",12,"13.500,00 €","9.450,00 €"
Κ53Χ,"επιπλοκές ΜΔΝ από Κόστος από σε ιδιωτικά ΚΩΔ. ΚΕΝ ΚΕΝ ΠΕΡΙΓΡΑΦΗ 1/3/2012 1/3/2012 ιδρύματα Εμφύτευση αμφικοιλιακού βηματοδότη ολοκληρωμένο σύστημα, με καταστροφικές συνυπάρχουσες παθήσεις -",3,"12.500,00 €","8.750,00 €"
Κ54Μ,"επιπλοκές Εμφύτευση αμφικοιλιακού βηματοδότη ολοκληρωμένο σύστημα, χωρίς καταστροφικές συνυπάρχουσες παθήσεις -",12,"5.000,00 €","3.500,00 €"
Κ54Χ,"επιπλοκές Αντικατάσταση αμφικοιλιακού βηματοδότη, ολοκληρωμένο σύστημα, με καταστροφικές συνυπάρχουσες παθήσεις -",3,"4.500,00 €","3.150,00 €"
Κ55Μ,"επιπλοκές Αντικατάσταση αμφικοιλιακού βηματοδότη ολοκληρωμένο σύστημα, χωρίς καταστροφικές συνυπάρχουσες",12,"5.000,00 €","3.500,00 €"
Κ55Χ,παθήσεις - επιπλοκές Διακαθετηριακή τοποθέτηση καρδιακής βαλβίδας με καταστροφικές,3,"4.500,00 €","3.150,00 €"
Κ56Μ,συνυπάρχουσες παθήσεις-επιπλοκές Διακαθετηριακή τοποθέτηση καρδιακής βαλβίδας χωρίς καταστροφικές,12,"15.000,00 €","10.500,00 €"
Κ56Χ,συνυπάρχουσες παθήσεις-επιπλοκές Διακορυφαία δια-αορτική τοποθέτηση καρδιακής βαλβίδας με καταστροφικές,8,"13.000,00 €","9.100,00 €"
Κ57Μ,συνυπάρχουσες παθήσεις-επιπλοκές Διακορυφαία δια-αορτική τοποθέτηση καρδιακής βαλβίδας χωρίς καταστροφικές,12,"16.000,00 €","11.200,00 €"
Κ57Χ,συνυπάρχουσες παθήσεις-επιπλοκές Διακαθετηριακή βαλβιδοπλαστική καρδιακής βαλβίδας με καταστροφικές,10,"14.000,00 €","9.800,00 €"
Κ58Μ,συνυπάρχουσες παθήσεις-επιπλοκές Διακαθετηριακή βαλβιδοπλαστική καρδιακής βαλβίδας χωρίς καταστροφικές,5,"4.000,00 €","2.800,00 €"
Κ58Χ,συνυπάρχουσες παθήσεις-επιπλοκές Διακαθετηριακή αντικατάσταση ή διόρθωση καρδιακών βαλβίδων χωρίς καταστροφικές συνυπάρχουσες παθήσεις -,4,"3.000,00 €","2.100,00 €"
Κ59Α,"επιπλοκές ΜΔΝ από Κόστος από σε ιδιωτικά ΚΩΔ. ΚΕΝ ΚΕΝ ΠΕΡΙΓΡΑΦΗ 1/3/2012 1/3/2012 ιδρύματα Διακαθετηριακή αντιμετώπιση μυοκαρδιοπάθειας, χωρίς καταστροφικές",8,"5.500,00 €","3.850,00 €"
Κ60Α,συνυπάρχουσες παθήσεις/επιπλοκές Διαδερμική - διακαθετηριακή τοποθέτηση συσκευών σε καρδιακή κοιλότητα ή,4,"6.500,00 €","4.550,00 €"
Κ61Α,σύγκλειση καρδιακών τρημάτων Επεμβατική σύγκλειση μεσοκολπικού ή μεσοκοιλιακού ελλείμματος σε ασθενή,3,"13.000,00 €","9.100,00 €"
Κ62Α,<18 ετών Επεμβατική σύγκλειση αρτηριακού πόρου,5,"15.000,00 €","10.500,00 €"
Κ63Α,σε ασθενή <18 ετών Επεμβατική σύγκλειση αορτοπνευμονικού,5,"9.000,00 €","6.300,00 €"
Κ64Α,παράπλευρου σε ασθενή <18 ετών Επεμβατική διάνοιξη μεσοκολπικής,5,"4.000,00 €","2.800,00 €"
Κ65Α,επικοινωνίας σε ασθενή <18 ετών Βαλβιδοπλαστική ή αγγειοπλαστική για συγγενή καρδιοπάθεια σε ασθενή <18 ετών με καταστροφικές ή σοβαρές,5,"2.000,00 €","1.400,00 €"
Κ66Μ,συνυπάρχουσες παθήσεις-επιπλοκές Βαλβιδοπλαστική ή αγγειοπλαστική για συγγενή καρδιοπάθεια σε ασθενή <18 ετών χωρίς καταστροφικές ή σοβαρές,5,"5.500,00 €","3.850,00 €"
Κ66Χ,συνυπάρχουσες παθήσεις-επιπλοκές Τοποθέτηση ενδοπρόθεσης (stent) σε πνευμονική αρτηρία ή στην περιοχή του,5,"5.000,00 €","3.500,00 €"
Κ67Α,ισθμού σε ασθενή <18 ετών Παθήσεις και διαταραχές του πεπτικού ΤΚΑ 06 συστήματος (Π) Εκτομή ορθού με καταστροφικές (συστηματικές) συνυπάρχουσες παθήσεις,5,"3.500,00 €","2.450,00 €"
Π01Μ,- επιπλοκές Εκτομή ορθού χωρίς καταστροφικές (συστηματικές) συνυπάρχουσες παθήσεις,15,"4.192,00 €","2.934,40 €"
Π01Χ,- επιπλοκές Μείζονες επεμβάσεις λεπτού και παχέος,9,"3.506,00 €","2.454,20 €"
Π02Μ,εντέρου με καταστροφικές (συστηματικές) ΜΔΝ από Κόστος από σε ιδιωτικά ΚΩΔ. ΚΕΝ ΚΕΝ ΠΕΡΙΓΡΑΦΗ 1/3/2012 1/3/2012 ιδρύματα συνυπάρχουσες παθήσεις - επιπλοκές Μείζονες επεμβάσεις λεπτού και παχέος εντέρου χωρίς καταστροφικές (συστηματικές) συνυπάρχουσες παθήσεις,15,"5.218,00 €","3.652,60 €"
Π02Χ,"- επιπλοκές Επεμβάσεις στομάχου, οισοφάγου και δωδεκαδακτύλου με κακοήθεια ή με καταστροφικές (συστηματικές)",8,"2.519,00 €","1.763,30 €"
Π03Μ,"συνυπάρχουσες παθήσεις - επιπλοκές Επεμβάσεις στομάχου, οισοφάγου και δωδεκαδάκτυλου χωρίς κακοήθεια με σοβαρές ή μέτριας βαρύτητας",15,"6.280,00 €","4.396,00 €"
Π03Χα,"συνυπάρχουσες παθήσεις - επιπλοκές Επεμβάσεις στομάχου, οισοφάγου και δωδεκαδάκτυλου χωρίς κακοήθεια χωρίς",8,"2.569,00 €","1.798,30 €"
Π03Χβ,συνυπάρχουσες παθήσεις - επιπλοκές Λύση περιτοναϊκών συμφύσεων με καταστροφικές (συστηματικές),4,"1.649,00 €","1.154,30 €"
Π04Μα,συνυπάρχουσες παθήσεις - επιπλοκές Λύση περιτοναϊκών συμφύσεων με σοβαρές ή μέτριας βαρύτητας,15,"3.028,00 €","2.119,60 €"
Π04Μβ,συνυπάρχουσες παθήσεις - επιπλοκές Λύση περιτοναϊκών συμφύσεων χωρίς,9,"2.464,00 €","1.724,80 €"
Π04Χ,συνυπάρχουσες παθήσεις - επιπλοκές Ελάσσονες επεμβάσεις λεπτού και παχέος εντέρου με καταστροφικές (συστηματικές),4,"1.434,00 €","1.003,80 €"
Π05Μα,συνυπάρχουσες παθήσεις - επιπλοκές Ελάσσονες επεμβάσεις λεπτού και παχέος εντέρου με σοβαρές ή μέτριας βαρύτητας,10,"3.027,00 €","2.118,90 €"
Π05Μβ,συνυπάρχουσες παθήσεις - επιπλοκές Ελάσσονες επεμβάσεις λεπτού και παχέος εντέρου χωρίς συνυπάρχουσες παθήσεις -,7,"1.896,00 €","1.327,20 €"
Π05Χ,επιπλοκές,4,"1.306,00 €","914,20 €"
Π06Α,Επέμβαση πυλωρομυοτομής,3,"1.007,00 €","704,90 €"
Π07Μ,Σκωληκοειδεκτομή με κακοήθεια ή περιτονίτιδα ή με καταστροφικές (συστηματικές) ή σοβαρές συνυπάρχουσες ΜΔΝ από Κόστος από σε ιδιωτικά ΚΩΔ. ΚΕΝ ΚΕΝ ΠΕΡΙΓΡΑΦΗ 1/3/2012 1/3/2012 ιδρύματα παθήσεις - επιπλοκές Σκωληκοειδεκτομή χωρίς κακοήθεια ή περιτονίτιδα χωρίς καταστροφικές (συστηματικές) ή σοβαρές συνυπάρχουσες,5,"1.409,00 €","986,30 €"
Π07Χ,"παθήσεις - επιπλοκές Επεμβάσεις κήλης (βουβωνοκήλης, ομφαλοκήλης κτλ) με συνυπάρχουσες",2,"764,00 €","534,80 €"
Π10Μ,"παθήσεις - επιπλοκές Επεμβάσεις κήλης (βουβωνοκήλης, ομφαλοκήλης κτλ) χωρίς συνυπάρχουσες",4,"1.697,00 €","1.187,90 €"
Π10Χ,παθήσεις - επιπλοκές Επεμβάσεις πρωκτικής χώρας και,2,"868,00 €","607,60 €"
Π11Α,κολοστομίες Άλλες χειρουργικές επεμβάσεις πεπτικού συστήματος με καταστροφικές (συστηματικές) συνυπάρχουσες παθήσεις,4,"514,00 €","359,80 €"
Π12Μα,- επιπλοκές Άλλες χειρουργικές επεμβάσεις πεπτικού συστήματος με σοβαρές ή μέτριας βαρύτητας συνυπάρχουσες παθήσεις -,16,"3.797,00 €","2.657,90 €"
Π12Μβ,επιπλοκές Άλλες χειρουργικές επεμβάσεις πεπτικού συστήματος χωρίς συνυπάρχουσες,7,"1.757,00 €","1.229,90 €"
Π12Χ,παθήσεις - επιπλοκές Σύνθετη ενδοσκόπηση ανώτερου πεπτικού σε καταστροφικές (συστηματικές),3,"879,00 €","615,30 €"
Π26Μ,συνυπάρχουσες παθήσεις - επιπλοκές Σύνθετη ενδοσκόπηση ανώτερου πεπτικού σε παθήσεις χωρίς καταστροφικές,12,"2.000,00 €","1.400,00 €"
Π26Χ,"(συστηματικές) συνέπειες - επιπλοκές Σύνθετη ενδοσκόπηση ανώτερου πεπτικού,",5,"378,00 €","264,60 €"
Π26Α,ημερήσια νοσηλεία Ενδοσκόπηση κατώτερου πεπτικού σε καταστροφικές (συστηματικές) ή σοβαρές,1,"180,00 €","126,00 €"
Π28Μ,συνυπάρχουσες παθήσεις - επιπλοκές Ενδοσκόπηση κατώτερου πεπτικού σε,10,"1.100,00 €","770,00 €"
Π28Χ,"παθήσεις χωρίς καταστροφικές ΜΔΝ από Κόστος από σε ιδιωτικά ΚΩΔ. ΚΕΝ ΚΕΝ ΠΕΡΙΓΡΑΦΗ 1/3/2012 1/3/2012 ιδρύματα (συστηματικές) συνέπειες - επιπλοκές Ενδοσκόπηση κατώτερου πεπτικού,",3,"600,00 €","420,00 €"
Π28Α,"ημερήσια νοσηλεία 1 150,00 € Αιμορραγία γαστρεντερικού με καταστροφικές (συστηματικές) ή σοβαρές",,"105,00 €",
Π41Μ,"συνυπάρχουσες παθήσεις - επιπλοκές 5 934,00 € Αιμορραγία γαστρεντερικού χωρίς καταστροφικές (συστηματικές) ή σοβαρές",,"653,80 €",
Π41Χ,"συνυπάρχουσες παθήσεις - επιπλοκές 2 375,00 €",,"262,50 €",
Π42Α,"Επιπλεγμένο πεπτικό έλκος 5 997,00 €",,"697,90 €",
Π43Α,"Μη επιπλεγμένο πεπτικό έλκος 2 304,00 € Φλεγμονώδης νόσος του εντέρου με",,"212,80 €",
Π44Μ,"συνυπάρχουσες παθήσεις - επιπλοκές 5 997,00 € Φλεγμονώδης νόσος του εντέρου χωρίς",,"697,90 €",
Π44Χ,"συνυπάρχουσες παθήσεις - επιπλοκές 2 563,00 € Απόφραξη γαστρεντερικού σωλήνα με καταστροφικές (συστηματικές) ή σοβαρές",,"394,10 €",
Π45Μ,"συνυπάρχουσες παθήσεις - επιπλοκές 7 1.217,00 € Απόφραξη γαστρεντερικού σωλήνα χωρίς καταστροφικές (συστηματικές) ή σοβαρές",,"851,90 €",
Π45Χ,"συνυπάρχουσες παθήσεις - επιπλοκές 3 569,00 €",,"398,30 €",
Π46Α,"Κοιλιακός πόνος ή μεσεντέριος αδενίτιδα 2 327,00 € Οισοφαγίτιδα και γαστρεντερίτιδα με καταστροφικές (συστηματικές) ή σοβαρές",,"228,90 €",
Π47Μ,"συνυπάρχουσες παθήσεις - επιπλοκές 5 933,00 € Οισοφαγίτιδα και γαστρεντερίτιδα χωρίς καταστροφικές (συστηματικές) ή σοβαρές",,"653,10 €",
Π47Χ,"συνυπάρχουσες παθήσεις - επιπλοκές 2 335,00 € Άλλες παθήσεις του πεπτικού συστήματος με καταστροφικές (συστηματικές) ή σοβαρές συνυπάρχουσες παθήσεις -",,"234,50 €",
Π50Μ,"επιπλοκές 6 1.033,00 € Άλλες παθήσεις του πεπτικού συστήματος χωρίς καταστροφικές (συστηματικές) ή σοβαρές συνυπάρχουσες παθήσεις -",,"723,10 €",
Π50Χ,"επιπλοκές 2 323,00 €",,"226,10 €",
Π27Μ,Άλλες ενδοσκοπήσεις ανώτερου πεπτικού Ισχύουν ότι και για το Π26Μ ΜΔΝ από Κόστος από σε ιδιωτικά ΚΩΔ. ΚΕΝ ΚΕΝ ΠΕΡΙΓΡΑΦΗ 1/3/2012 1/3/2012 ιδρύματα σε καταστροφικές (συστηματικές) συνυπάρχουσες παθήσεις - επιπλοκές Άλλες ενδοσκοπήσεις ανώτερου πεπτικού σε παθήσεις χωρίς καταστροφικές,,,
Π27Χ,"(συστηματικές) συνέπειες - επιπλοκές Ισχύουν ότι και για το Π26Χ Άλλες ενδοσκοπήσεις ανώτερου πεπτικού,",,,
Π27Α,ημερήσια νοσηλεία Ισχύουν ότι και για το Π26Α Κακοήθεια του πεπτικού με καταστροφικές (συστηματικές),,,
Π40Μ,συνυπάρχουσες παθήσεις - επιπλοκές Ισχύουν ότι και για το Π28Μ Κακοήθεια του πεπτικού χωρίς καταστροφικές (συστηματικές),,,
Π40Χ,"συνυπάρχουσες παθήσεις - επιπλοκές Ισχύουν ότι και για το Π28Χ Παθήσεις και διαταραχές του ηπατοχολικού συστήματος και του ΤΚΑ 07 παγκρέατος (Η) Επεμβάσεις παγκρέατος, ήπατος και αναστόμωση με καταστροφικές (συστηματικές) συνυπάρχουσες παθήσεις",,,
H01Μ,"- επιπλοκές 17 5.296,00 € Επεμβάσεις παγκρέατος, ήπατος και αναστόμωση χωρίς καταστροφικές (συστηματικές) συνυπάρχουσες παθήσεις",,"3.707,20 €",
H01Χ,"- επιπλοκές 7 3.119,00 € Μείζονες επεμβάσεις των χοληφόρων με καταστροφικές (συστηματικές)",,"2.183,30 €",
H02Μα,"συνυπάρχουσες παθήσεις - επιπλοκές 12 4.646,00 € Μείζονες επεμβάσεις των χοληφόρων χωρίς καταστροφικές (συστηματικές) ή σοβαρές συνυπάρχουσες παθήσεις -",,"3.252,20 €",
H02Χ,"επιπλοκές 6 1.890,00 € Διαγνωστικές ηπατοχολικές επεμβάσεις με καταστροφικές (συστηματικές)",,"1.323,00 €",
H05Μ,"συνυπάρχουσες παθήσεις - επιπλοκές 14 4.121,00 € Διαγνωστικές ηπατοχολικές επεμβάσεις",,"2.884,70 €",
H05Χ,"χωρίς καταστροφικές (συστηματικές) 4 1.267,00 € ΜΔΝ από Κόστος από σε ιδιωτικά ΚΩΔ. ΚΕΝ ΚΕΝ ΠΕΡΙΓΡΑΦΗ 1/3/2012 1/3/2012 ιδρύματα συνυπάρχουσες παθήσεις - επιπλοκές Άλλες χειρουργικές ηπατοχολικές επεμβάσεις και επεμβάσεις παγκρέατος με καταστροφικές (συστηματικές)",,"886,90 €",
H06Μ,συνυπάρχουσες παθήσεις - επιπλοκές Άλλες χειρουργικές ηπατοχολικές επεμβάσεις και επεμβάσεις παγκρέατος χωρίς καταστροφικές (συστηματικές),14,"3.565,00 €","2.495,50 €"
H06Χ,συνυπάρχουσες παθήσεις - επιπλοκές Ανοικτή χολοκυστεκτομή με κλειστό χοληδόχο πόρο ή με καταστροφικές (συστηματικές) συνυπάρχουσες παθήσεις,5,"864,00 €","604,80 €"
H07Μ,- επιπλοκές Ανοικτή χολοκυστεκτομή χωρίς κλειστό χοληδόχο πόρο χωρίς καταστροφικές (συστηματικές) συνυπάρχουσες παθήσεις,11,"3.908,00 €","2.735,60 €"
H07Χ,- επιπλοκές Λαπαρασκοπική χολοκυστεκτομή με κλειστό χοληδόχο πόρο ή με καταστροφικές (συστηματικές) ή σοβαρές,6,"1.500,00 €","1.050,00 €"
H08Μ,συνυπάρχουσες παθήσεις - επιπλοκές Λαπαρασκοπική χολοκυστεκτομή χωρίς κλειστό χοληδόχο πόρο χωρίς καταστροφικές (συστηματικές) ή σοβαρές,5,"1.600,00 €","1.120,00 €"
H08Χ,συνυπάρχουσες παθήσεις - επιπλοκές Ενδοσκοπικές επεμβάσεις για αιμορραγία οισοφαγικών κιρσών με καταστροφικές (συστηματικές) συνυπάρχουσες παθήσεις,2,"1.085,00 €","759,50 €"
H20Μ,- επιπλοκές Ενδοσκοπικές επεμβάσεις για αιμορραγία οισοφαγικών κιρσών χωρίς καταστροφικές (συστηματικές),11,"3.237,00 €","2.265,90 €"
H20Χ,συνυπάρχουσες παθήσεις - επιπλοκές Ενδοσκοπική παλίνδρομη χολαγγειοπαγκρεατογραφία σε καταστροφικές (συστηματικές) ή σοβαρές,5,"1.182,00 €","827,40 €"
H23Μ,συνυπάρχουσες παθήσεις - επιπλοκές,11,"1.800,00 €","1.260,00 €"
H23Χ,Ενδοσκοπική παλίνδρομη ΜΔΝ από Κόστος από σε ιδιωτικά ΚΩΔ. ΚΕΝ ΚΕΝ ΠΕΡΙΓΡΑΦΗ 1/3/2012 1/3/2012 ιδρύματα χολαγγειοπαγκρεατογραφία σε παθήσεις χωρίς καταστροφικές (συστηματικές) ή σοβαρές συνέπειες - επιπλοκές Κίρρωση και αλκοολική ηπατίτιδα με καταστροφικές (συστηματικές),3,"651,00 €","455,70 €"
H40Μα,συνυπάρχουσες παθήσεις - επιπλοκές Κίρρωση και αλκοολική ηπατίτιδα με σοβαρές ή μέτριας βαρύτητας,12,"1.700,00 €","1.190,00 €"
H40Μβ,συνυπάρχουσες παθήσεις - επιπλοκές Κίρρωση και αλκοολική ηπατίτιδα χωρίς,5,"717,00 €","501,90 €"
H40Χ,συνυπάρχουσες παθήσεις - επιπλοκές Κακοήθεια του ηπατοχολικού συστήματος και παγκρέατος με καταστροφικές (συστηματικές) συνυπάρχουσες παθήσεις,2,"296,00 €","207,20 €"
H41Μ,- επιπλοκές Κακοήθεια του ηπατοχολικού συστήματος και παγκρέατος χωρίς καταστροφικές (συστηματικές) συνυπάρχουσες παθήσεις,9,"1.754,00 €","1.227,80 €"
H41Χ,- επιπλοκές Διαταραχές παγκρέατος εκτός από κακοήθεια με καταστροφικές (συστηματικές) ή σοβαρές συνυπάρχουσες,4,"792,00 €","554,40 €"
H42Μ,παθήσεις - επιπλοκές Διαταραχές παγκρέατος - παγκρεατίτιδα χωρίς κακοήθεια χωρίς καταστροφικές (συστηματικές) ή σοβαρές συνυπάρχουσες,8,"1.215,00 €","850,50 €"
H42Χ,"παθήσεις - επιπλοκές Διαταραχές ήπατος εκτός από κακοήθεια, κίρρωση, αλκοολική ηπατίτιδα με καταστροφικές (συστηματικές) ή σοβαρές",3,"447,00 €","312,90 €"
H43Μ,"συνυπάρχουσες παθήσεις - επιπλοκές Διαταραχές ήπατος εκτός από κακοήθεια, κίρρωση, αλκοολική ηπατίτιδα χωρίς καταστροφικές (συστηματικές) ή σοβαρές",8,"1.674,00 €","1.171,80 €"
H43Χ,συνυπάρχουσες παθήσεις - επιπλοκές Διαταραχές των χοληφόρων με,2,"520,00 €","364,00 €"
H44Μ,συνυπάρχουσες παθήσεις - επιπλοκές ΜΔΝ από Κόστος από σε ιδιωτικά ΚΩΔ. ΚΕΝ ΚΕΝ ΠΕΡΙΓΡΑΦΗ 1/3/2012 1/3/2012 ιδρύματα Διαταραχές των χοληφόρων χωρίς,6,"880,00 €","616,00 €"
H44Χ,"συνυπάρχουσες παθήσεις - επιπλοκές 2 400,00 € Μείζονες επεμβάσεις των χοληφόρων με σοβαρές συνυπάρχουσες παθήσεις -",,"280,00 €",
H02Μβ,επιπλοκές Ισχύουν ότι και για το H02Μα Παθήσεις και διαταραχές του μυοσκελετικού συστήματος και του ΤΚΑ 08 συνεκτικού ιστού (Μ) Αμφοτερόπλευρες/πολλαπλές επεμβάσεις των μεγάλων αρθρώσεων κάτω άκρων με αναθεώρηση ή με καταστροφικές (συστηματικές) συνυπάρχουσες παθήσεις,,,
Μ01Μ,"- επιπλοκές 20 8.657,00 € Αμφοτερόπλευρες/πολλαπλές επεμβάσεις των μεγάλων αρθρώσεων κάτω άκρων χωρίς αναθεώρηση χωρίς καταστροφικές (συστηματικές) συνυπάρχουσες παθήσεις",,"6.059,90 €",
Μ01Χ,"- επιπλοκές 7 4.582,00 € Μεταφορά μικροαγγειακού ιστού ή (δερματικού μοσχεύματος με καταστροφικές (συστηματικές) ή σοβαρές συνυπάρχουσες παθήσεις – επιπλοκές),",,"3.207,40 €",
Μ02Μ,"εξαιρουμένης της άκρας χείρας 20 8.282,00 € Δερματικό μόσχευμα χωρίς καταστροφικές (συστηματικές) ή σοβαρές συνυπάρχουσες παθήσεις – επιπλοκές, εξαιρουμένης της",,"5.797,40 €",
Μ02Χ,"άκρας χείρας 8 3.000,00 € Αρθροπλαστική ισχίου με καταστροφικές (συστηματικές) συνυπάρχουσες παθήσεις -",,"2.100,00 €",
Μ03Μ,"επιπλοκές 15 4.000,00 € Aρθροπλαστική ισχίου χωρίς καταστροφικές (συστηματικές)",,"2.800,00 €",
Μ03Χ,"συνυπάρχουσες παθήσεις - επιπλοκές 7 3.000,00 € Αρθροπλαστική γόνατος με καταστροφικές (συστηματικές) ή σοβαρές συνυπάρχουσες",,"2.100,00 €",
Μ04Μ,"παθήσεις - επιπλοκές 9 4.400,00 € ΜΔΝ από Κόστος από σε ιδιωτικά ΚΩΔ. ΚΕΝ ΚΕΝ ΠΕΡΙΓΡΑΦΗ 1/3/2012 1/3/2012 ιδρύματα Αρθροπλαστική γόνατος χωρίς καταστροφικές (συστηματικές) ή σοβαρές",,"3.080,00 €",
Μ04Χ,συνυπάρχουσες παθήσεις - επιπλοκές Αρθροπλαστική άλλων αρθρώσεων με καταστροφικές (συστηματικές) ή σοβαρές,6,"4.000,00 €","2.800,00 €"
Μ05Μ,συνυπάρχουσες παθήσεις - επιπλοκές Αρθροπλαστική άλλων αρθρώσεων χωρίς καταστροφικές (συστηματικές) ή σοβαρές,11,"5.593,00 €","3.915,10 €"
Μ05Χ,"συνυπάρχουσες παθήσεις - επιπλοκές Σοβαρές επεμβάσεις αποκατάστασης στη σπονδυλική στήλη είτε επεμβάσεις αποκατάστασης θωρακικών παραμορφώσεων, ηλικία < 16 ετών, ή παρα/τετραπληγία με συνυπάρχουσες καταστροφικές ή σοβαρές επιπλοκές, ή επείγουσες χειρουργικές επεμβάσεις, ή επεμβάσεις για την αντιμετώπιση",6,"5.017,00 €","3.511,90 €"
Μ06Μα,"φλεγμονής στην περιοχή Σοβαρές επεμβάσεις της σπονδυλικής στήλης, ινιοαυχενικής μοίρας ηλικία <19",9,"15.000,00 €","10.500,00 €"
Μ06Α,"ετών Μεγάλης βαρύτητας επεμβάσεις στη σπονδυλική στήλη, με αντικατάσταση σπονδυλικού σώματος είτε για σοβαρή φλεγμονώδη νόσο, είτε γιά κακοήθη νεοπλασία και συνυπάρχουσες καταστροφικές ή σοβαρές παθήσεις ή",6,"9.431,00 €","6.601,70 €"
Μ06Μβ,"επιπλοκές, πάνω από 6 επίπεδα Επεμβάσεις σπονδυλικής στήλης, ινιοαυχενική μοίρα, χωρίς αντικατάσταση του σπονδυλικού σώματος, χωρίς σοβαρή φλεγμονώδη νόσο ή κακοήθεια, με συνυπάρχουσες καταστροφικές ή σοβαρές",6,"9.562,00 €","6.693,40 €"
Μ06Μγ,"παθήσεις ή επιπλοκές Σοβαρές επεμβάσεις στη σπονδυλική στήλη, ινιοαυχενική μοίρα, χωρίς ιδιαίτερα πολύπλοκα ή πολύ σύνθετη λειτουργία,",6,"8.152,00 €","5.706,40 €"
Μ06Χ,"χωρίς σπονδυλική αντικατάσταση του ΜΔΝ από Κόστος από σε ιδιωτικά ΚΩΔ. ΚΕΝ ΚΕΝ ΠΕΡΙΓΡΑΦΗ 1/3/2012 1/3/2012 ιδρύματα σώματος, χωρίς σοβαρή φλεγμονώδη νόσο ή κακόηθες νεόπλασμα, χωρίς συνυπάρχουσες καταστροφικές ή σοβαρές παθήσεις ή επιπλοκές",4,"4.136,00 €","2.895,20 €"
Μ07Α,Ακρωτηριασμός Άλλες επεμβάσεις ισχίου και μηριαίου με καταστροφικές (συστηματικές),20,"2.000,00 €","1.400,00 €"
Μ08Μ,συνυπάρχουσες παθήσεις - επιπλοκές Άλλες επεμβάσεις ισχίου και μηριαίου χωρίς καταστροφικές (συστηματικές),17,"4.449,00 €","3.114,30 €"
Μ08Χ,συνυπάρχουσες παθήσεις - επιπλοκές Χειρουργικές επεμβάσεις στη σπονδυλική στήλη με εσωτερική οστεοσύνθεση και συνυπάρχουσες καταστροφικές ή σοβαρές επιπλοκές ή διορθωτική οπίσθια σπονδυλοδεσία ή αντικατάσταση,9,"2.765,00 €","1.935,50 €"
M09Mα,"σπονδυλικού σώματος με εμφύτευμα Εξειδικευμένες χειρουργικέςεπεμβάσεις σε παραμορφωτικέςπαθήσεις της σπονδυλικής στήλης, ή πολύπλοκες σπονδυλοδεσίες ή επεμβάσεις κυφοπλαστικής χωρίς αντικατάσταση σπονδυλικού σώματος με",18,"7.063,00 €","4.944,10 €"
Μ09Χα,"εμφύτευμα, χωρίς οπίσθια σπονδυλοδεσία Εξειδικευμένες χειρουργικές επεμβάσεις της σπονδυλικής στήλης με εσωτερική οστεοσύνθεση και σοβαρές συνοδές χειρουργικές επιπλοκές ή αλλογενές οστικό μόσχευμα ή επεμβάσεις κυφοπλαστικής σε > 2 επίπεδα ή σε 2 επίπεδα με συνυπάρχουσες καταστροφικές",4,"6.046,00 €","4.232,20 €"
Μ09Μβ,ή σοβαρές επιπλοκές,3,"4.778,00 €","3.344,60 €"
Μ09Χβ,"Εξειδικευμένες επεμβάσεις στη σπονδυλική στήλη με εσωτερική οστεοσύνθεση με χρήση μεσοσπονδύλιων κλωβών ή κυφοπλαστική σε 2 επίπεδα χωρίς συνυπάρχουσες καταστροφικές ή σοβαρές παθήσεις ή επιπλοκές ή με αντικατάσταση σπονδυλικού σώματος ή ΜΔΝ από Κόστος από σε ιδιωτικά ΚΩΔ. ΚΕΝ ΚΕΝ ΠΕΡΙΓΡΑΦΗ 1/3/2012 1/3/2012 ιδρύματα πάρα/τετραπληγία Εξειδικευμένες χειρουργικές επεμβάσεις στη σπονδυλική στήλη χωρίς επείγουσες παρεμβάσεις, χωρίς σπονδυλική παραμόρφωση, χωρίς σπονδυλοδεσία, χωρίς κυφοπλαστική, με συνυπάρχουσες καταστροφικές ή σοβαρές παθήσεις ή",3,"3.628,00 €","2.539,60 €"
Μ09Μγ,επιπλοκές εκτός από παρα/τετραπληγία Σπονδυλοδεσία χωρίς καταστροφικές (συστηματικές) συνυπάρχουσες παθήσεις,3,"3.311,00 €","2.317,70 €"
Μ09Χ,"- επιπλοκές έως και 3 επίπεδα Άλλες εξειδικευμένες χειρουργικές επεμβάσεις για την σπονδυλική στήλη, με συνυπάρχουσες καταστροφικές ή σοβαρές παθήσεις ή επιπλοκές ή με πολύπλοκες",7,"6.000,00 €","4.200,00 €"
Μ10Μα,"επεμμβάσεις Άλλες εξειδικευμένες χειρουργικές επεμβάσεις για την σπονδυλική στήλη, με συνυπάρχουσες καταστροφικές ή σοβαρές παθήσεις ή επιπλοκές χωρίς πολύπλοκες",8,"4.239,00 €","2.967,30 €"
Μ10Μβ,"επεμμβάσεις Άλλες χειρουργικές επεμβάσεις στη σπονδυλική στήλη, χωρίς συνυπάρχουσες καταστροφικές ή σοβαρές παθήσεις ή επιπλοκές, με σύνθετες επεμβάσεις ή έλξη μέσω Halo, με σπονδυλικό κάταγμα, με",8,"3.420,00 €","2.394,00 €"
Μ10Χα,"πάρα/τετραπληγία Άλλες χειρουργικές επεμβάσεις στη σπονδυλική στήλη, χωρίς συνυπάρχουσες καταστροφικές ή σοβαρές παθήσεις ή επιπλοκές, με σύνθετες επεμβάσεις ή έλξη μέσω Halo, χωρίς σπονδυλικό κάταγμα,",2,"2.593,00 €","1.815,10 €"
Μ10Χβ,"εκτός από πάρα/τετραπληγία Άλλες χειρουργικές επεμβάσεις στη σπονδυλική στήλη, χωρίς συνυπάρχουσες καταστροφικές ή σοβαρές παθήσεις ή επιπλοκές, ή έλξη μέσω Halo με σύνθετες",2,"2.172,00 €","1.520,40 €"
Μ10Χγ,"επεμβάσεις ΜΔΝ από Κόστος από σε ιδιωτικά ΚΩΔ. ΚΕΝ ΚΕΝ ΠΕΡΙΓΡΑΦΗ 1/3/2012 1/3/2012 ιδρύματα Άλλες χειρουργικές επεμβάσεις στη σπονδυλική στήλη, χωρίς συνυπάρχουσες καταστροφικές ή σοβαρές παθήσεις ή επιπλοκές, ή έλξη μέσω Halo χωρίς",2,"1.707,00 €","1.194,90 €"
Μ10Χδ,σύνθετες επεμβάσεις,2,"1.123,00 €","786,10 €"
Μ11Α,Επεμβάσεις διατατικής επιμήκυνσης άκρου Λοίμωξη/φλεγμονή οστού και άρθρωσης με διάφορες μυοσκελετικές επεμβάσεις με καταστροφικές (συστηματικές),4,"2.468,00 €","1.727,60 €"
Μ12Μα,συνυπάρχουσες παθήσεις - επιπλοκές Λοίμωξη/φλεγμονή οστού και άρθρωσης με διάφορες μυοσκελετικές επεμβάσεις με σοβαρές ή μέτριας βαρύτητας,24,"4.980,00 €","3.486,00 €"
Μ12Μβ,συνυπάρχουσες παθήσεις - επιπλοκές Λοίμωξη/φλεγμονή οστού και άρθρωσης με διάφορες μυοσκελετικές επεμβάσεις χωρίς συνυπάρχουσες παθήσεις -,14,"2.993,00 €","2.095,10 €"
Μ12Χ,"επιπλοκές Επεμβάσεις βραχιονίου, κνήμης, περόνης και αστραγάλου με συνυπάρχουσες",6,"1.514,00 €","1.059,80 €"
Μ13Μ,"παθήσεις - επιπλοκές Επεμβάσεις βραχιονίου, κνήμης, περόνης και αστραγάλου χωρίς συνυπάρχουσες",10,"1.088,00 €","761,60 €"
Μ13Χ,παθήσεις - επιπλοκές,4,"577,00 €","403,90 €"
Μ15Α,Κρανιοπροσωπικές επεμβάσεις,6,"3.046,00 €","2.132,20 €"
Μ16Α,Άλλες επεμβάσεις ώμου Γναθοπροσωπικές επεμβάσεις με,2,"1.141,00 €","798,70 €"
Μ17Μ,συνυπάρχουσες παθήσεις - επιπλοκές Γναθοπροσωπικές επεμβάσεις χωρίς,3,"2.066,00 €","1.446,20 €"
Μ17Χ,συνυπάρχουσες παθήσεις - επιπλοκές,2,"640,00 €","448,00 €"
Μ18Α,Άλλες επεμβάσεις γόνατος Άλλες επεμβάσεις αγκώνος και αντιβραχίου με συνυπάρχουσες παθήσεις -,2,"627,00 €","438,90 €"
Μ19Μ,επιπλοκές Άλλες επεμβάσεις αγκώνος και αντιβραχίου χωρίς συνυπάρχουσες,6,"2.291,00 €","1.603,70 €"
Μ19Χ,παθήσεις - επιπλοκές ΜΔΝ από Κόστος από σε ιδιωτικά ΚΩΔ. ΚΕΝ ΚΕΝ ΠΕΡΙΓΡΑΦΗ 1/3/2012 1/3/2012 ιδρύματα,2,"998,00 €","698,60 €"
Μ20Α,Άλλες επεμβάσεις άκρου ποδός Τοπική εκτομή και αφαίρεση υλικών εσωτερικής οστεοσύνθεσης ισχίου και,2,"1.077,00 €","753,90 €"
Μ21Α,μηριαίου Αρθροσκόπηση στο γόνατο ή τον αγκώνα,2,"940,00 €","658,00 €"
Μ22Α,ή τον ώμο ή το αντιβραχίο Τοπική εκτομή και αφαίρεση υλικών εσωτερικής οστεοσύνθεσης εξαιρουμένων,2,"1.500,00 €","1.050,00 €"
Μ23Α,του ισχίου και μηριαίου,1,"350,00 €","245,00 €"
Μ24Α,Αρθροσκοπική βιοψία Διαγνωστικές επεμβάσεις οστών και αρθρώσεων συμπεριλαμβανομένης της βιοψίας με συνυπάρχουσες παθήσεις -,1,"710,00 €","497,00 €"
Μ25Μ,επιπλοκές Διαγνωστικές επεμβάσεις οστών και αρθρώσεων συμπεριλαμβανομένης της βιοψίας χωρίς συνυπάρχουσες παθήσεις -,6,"1.400,00 €","980,00 €"
Μ25Χ,επιπλοκές Επεμβάσεις μαλακών μορίων με,3,"600,00 €","420,00 €"
Μ27Μ,συνυπάρχουσες παθήσεις - επιπλοκές Επεμβάσεις μαλακών μορίων χωρίς,8,"1.981,00 €","1.386,70 €"
Μ27Χ,συνυπάρχουσες παθήσεις - επιπλοκές Άλλες επεμβάσεις μυοσκελετικού με,2,"820,00 €","574,00 €"
Μ28Μ,συνυπάρχουσες παθήσεις - επιπλοκές Άλλες επεμβάσεις μυοσκελετικού χωρίς,10,"2.399,00 €","1.679,30 €"
Μ28Χ,συνυπάρχουσες παθήσεις - επιπλοκές Επανορθωτική επέμβαση γόνατος ή,2,"1.085,00 €","759,50 €"
Μ29Α,αναθεώρηση αρθροπλαστικής γόνατος,2,"1.286,00 €","900,20 €"
Μ30Α,Επεμβάσεις άκρας χειρός Αναθεώρηση αρθροπλαστικής ισχίου με καταστροφικές (συστηματικές),1,"707,00 €","494,90 €"
Μ31Μ,συνυπάρχουσες παθήσεις - επιπλοκές Αναθεώρηση αρθροπλαστικής ισχίου χωρίς καταστροφικές (συστηματικές),21,"8.038,00 €","5.626,60 €"
Μ31Χ,συνυπάρχουσες παθήσεις - επιπλοκές Αναθεώρηση αρθροπλαστικής γόνατος με,11,"6.905,00 €","4.833,50 €"
Μ32Μα,καταστροφικές (συστηματικές) ΜΔΝ από Κόστος από σε ιδιωτικά ΚΩΔ. ΚΕΝ ΚΕΝ ΠΕΡΙΓΡΑΦΗ 1/3/2012 1/3/2012 ιδρύματα συνυπάρχουσες παθήσεις - επιπλοκές Αναθεώρηση αρθροπλαστικής γόνατος με σοβαρές συνυπάρχουσες παθήσεις -,25,"9.083,00 €","6.358,10 €"
Μ32Μβ,επιπλοκές Αναθεώρηση αρθροπλαστικής γόνατος χωρίς καταστροφικές (συστηματικές) ή σοβαρές συνυπάρχουσες παθήσεις -,11,"5.193,00 €","3.635,10 €"
Μ32Χ,επιπλοκές,9,"4.622,00 €","3.235,40 €"
Μ60Α,Κατάγματα διάφυσης μηριαίου Κατάγματα άπω (κατώτερου) τμήματος μηριαίου οστού με συνυπάρχουσες,7,"1.563,00 €","1.094,10 €"
Μ61Μ,παθήσεις - επιπλοκές Κατάγματα άπω (κατώτερου) τμήματος μηριαίου οστού χωρίς συνυπάρχουσες,13,"2.200,00 €","1.540,00 €"
Μ61Χ,"παθήσεις - επιπλοκές Διαστρέμματα, διατάσεις και εξαρθρήματα ισχίου, πυέλου και μηρού με",4,"1.300,00 €","910,00 €"
Μ63Μ,"συνυπάρχουσες παθήσεις - επιπλοκές Διαστρέμματα, διατάσεις και εξαρθρήματα ισχίου, πυέλου και μηρού χωρίς",7,"1.089,00 €","762,30 €"
Μ63Χ,συνυπάρχουσες παθήσεις - επιπλοκές Οστεομυελίτιδα με καταστροφικές (συστηματικές) ή σοβαρές συνυπάρχουσες,2,"403,00 €","282,10 €"
Μ64Μ,παθήσεις - επιπλοκές Οστεομυελίτιδα χωρίς καταστροφικές (συστηματικές) ή σοβαρές συνυπάρχουσες,15,"2.427,00 €","1.698,90 €"
Μ64Χ,παθήσεις - επιπλοκές Κακοήθη νεοπλάσματα του μυοσκελετικού με καταστροφικές (συστηματικές) συνυπάρχουσες παθήσεις-,8,"1.068,00 €","747,60 €"
Μ65Μ,επιπλοκές Κακοήθη νεοπλάσματα του μυοσκελετικού χωρίς καταστροφικές (συστηματικές) συνυπάρχουσες παθήσεις-,11,"2.327,00 €","1.628,90 €"
Μ65Χ,επιπλοκές Φλεγμονώδεις παθήσεις μυοσκελετικού με,5,"1.111,00 €","777,70 €"
Μ66Μ,καταστροφικές (συστηματικές) ή σοβαρές ΜΔΝ από Κόστος από σε ιδιωτικά ΚΩΔ. ΚΕΝ ΚΕΝ ΠΕΡΙΓΡΑΦΗ 1/3/2012 1/3/2012 ιδρύματα συνυπάρχουσες παθήσεις - επιπλοκές Φλεγμονώδεις παθήσεις μυοσκελετικού χωρίς καταστροφικές (συστηματικές) ή σοβαρές συνυπάρχουσες παθήσεις -,9,"2.214,00 €","1.549,80 €"
Μ66Χ,επιπλοκές Σηπτική αρθρίτιδα με καταστροφικές (συστηματικές) ή σοβαρές συνυπάρχουσες,2,"410,00 €","287,00 €"
Μ67Μ,παθήσεις - επιπλοκές Σηπτική αρθρίτιδα χωρίς καταστροφικές (συστηματικές) ή σοβαρές συνυπάρχουσες,12,"2.207,00 €","1.544,90 €"
Μ67Χ,"παθήσεις - επιπλοκές Συντηρητική αντιμετώπιση παθήσεων και κακώσεων της σπονδυλικής στήλης με νοσηλεία άνω της μιάς ημέρας ηλικία > 55 ετών, είτε με συνυπάρχουσες καταστροφικές ή σοβαρές παθήσεις ή επιπλοκές, ή με παρα/τετραπληγία, με δισκίτιδα ή φλεγμονώδη",7,"906,00 €","634,20 €"
Μ68Μα,"σπονδυλοαρθροπάθεια Συντηρητική αντιμετώπιση παθήσεων και κακώσεων της σπονδυλικής στήλης με νοσηλεία άνω της μιάς ημέρας, ηλικία > 55 ετών, είτε με συνυπάρχουσες καταστροφικές ή σοβαρές επιπλοκές, ή με παρα/τετραπληγία, εξαιρουμένης της δισκίτιδας ή φλεγμονωδών σπονδυλοαρθροπαθειών, με",2,"3.069,00 €","2.148,30 €"
Μ68Μβ,"συνυπάρχουσες παθήσεις Συντηρητική αντιμετώπιση παθήσεων και κακώσεων της σπονδυλικής στήλης με νοσηλεία άνω της μιάς ημέρας, ηλικία > 55 ετών, είτε με συνυπάρχουσες καταστροφικές ή σοβαρές επιπλοκές, ή με παρα/τετραπληγία, εξαιρουμένης της δισκίτιδας ή φλεγμονωδών σπονδυλοαρθροπαθειών, χωρίς συνυπάρχουσες παθήσεις ή άλλα",2,"1.338,00 €","936,60 €"
Μ68Μγ,"κατάγματα του μηριαίου ΜΔΝ από Κόστος από σε ιδιωτικά ΚΩΔ. ΚΕΝ ΚΕΝ ΠΕΡΙΓΡΑΦΗ 1/3/2012 1/3/2012 ιδρύματα Συντηρητική αντιμετώπιση παθήσεων και κακώσεων της σπονδυλικής στήλης,νοσηλία άνω της μίας ημέρας, ηλικία <56 ετών, χωρίς παρα / τετραπληγία, χωρίς συνυπάρχουσες",2,"1.095,00 €","766,50 €"
Μ68Χ,παθήσεις ή επιπλοκές Συντηρητική αντιμετώπιση παθήσεων και κακώσεων της σπονδυλικής στήλης ή του χεριού ή του ποδιού με νοσηλεία μίας,2,"731,00 €","511,70 €"
Μ68Α,ημέρας Παθήσεις των οστών και αρθροπάθειες με καταστροφικές (συστηματικές) ή σοβαρές,1,"151,00 €","105,70 €"
Μ69Μ,συνυπάρχουσες παθήσεις - επιπλοκές Παθήσεις των οστών και αρθροπάθειες χωρίς καταστροφικές (συστηματικές) ή σοβαρές συνυπάρχουσες παθήσεις -,9,"1.530,00 €","1.071,00 €"
Μ69Χ,επιπλοκές Άλλες παθήσεις μυών-τενόντων με καταστροφικές (συστηματικές) ή σοβαρές,2,"425,00 €","297,50 €"
Μ71Μ,συνυπάρχουσες παθήσεις - επιπλοκές Άλλες παθήσεις μυών-τενόντων χωρίς καταστροφικές (συστηματικές) ή σοβαρές,7,"1.203,00 €","842,10 €"
Μ71Χ,συνυπάρχουσες παθήσεις - επιπλοκές Ειδικές παθήσεις μυών - τενόντων με καταστροφικές (συστηματικές) ή σοβαρές,2,"368,00 €","257,60 €"
Μ72Μ,συνυπάρχουσες παθήσεις - επιπλοκές Ειδικές παθήσεις μυών - τενόντων χωρίς καταστροφικές (συστηματικές) ή σοβαρές,9,"1.528,00 €","1.069,60 €"
Μ72Χ,συνυπάρχουσες παθήσεις - επιπλοκές Μετεγχειρητική παρακολούθηση μυοσκελετικών εμφυτευμάτων/ προθέσεων με καταστροφικές (συστηματικές) ή σοβαρές συνυπάρχουσες παθήσεις -,3,"490,00 €","343,00 €"
Μ73Μ,επιπλοκές,18,"2.044,00 €","1.430,80 €"
Μ73Χ,"Μετεγχειρητική παρακολούθηση μυοσκελετικών εμφυτευμάτων/προθέσεων χωρίς καταστροφικές (συστηματικές) ή σοβαρές συνυπάρχουσες παθήσεις - ΜΔΝ από σε ιδιωτικά Κόστος από ΚΩΔ. ΚΕΝ ΚΕΝ ΠΕΡΙΓΡΑΦΗ 1/3/2012 ιδρύματα 1/3/2012 επιπλοκές Κάκωση αντιβραχίου, καρπού, άκρας",4,"437,00 €","305,90 €"
Μ74Α,"χειρός ή άκρου ποδός Κάκωση ώμου, βραχίονα, αγκώνα, γόνατος, κνήμης ή αστραγάλου με",2,"245,00 €","350,00 €"
Μ75Μ,"συνυπάρχουσες παθήσεις - επιπλοκές Κάκωση ώμου, βραχίονα, αγκώνα, γόνατος, κνήμης ή αστραγάλου χωρίς",8,"1.018,50 €","1.455,00 €"
Μ75Χ,συνυπάρχουσες παθήσεις - επιπλοκές Άλλες παθήσεις του μυοσκελετικού με καταστροφικές (συστηματικές) ή σοβαρές,2,"257,60 €","368,00 €"
Μ76Μ,συνυπάρχουσες παθήσεις - επιπλοκές Άλλες παθήσεις του μυοσκελετικού χωρίς καταστροφικές (συστηματικές) ή σοβαρές,7,"821,80 €","1.174,00 €"
Μ76Χ,συνυπάρχουσες παθήσεις - επιπλοκές Κατάγματα πυέλου με καταστροφικές (συστηματικές) ή σοβαρές συνυπάρχουσες,2,"272,30 €","389,00 €"
Μ77Μ,παθήσεις - επιπλοκές Κατάγματα πυέλου χωρίς καταστροφικές (συστηματικές) ή σοβαρές συνυπάρχουσες,12,"1.436,40 €","2.052,00 €"
Μ77Χ,παθήσεις - επιπλοκές Κατάγματα αυχένος του μηριαίου με καταστροφικές (συστηματικές) ή σοβαρές,6,"673,40 €","962,00 €"
Μ78Μ,συνυπάρχουσες παθήσεις - επιπλοκές Κατάγματα αυχένος του μηριαίου χωρίς καταστροφικές (συστηματικές) ή σοβαρές,7,"1.024,10 €","1.463,00 €"
Μ78Χ,συνυπάρχουσες παθήσεις ή επιπλοκές Παθολογικό κάταγμα με καταστροφικές (συστηματικές) συνυπάρχουσες παθήσεις,2,"329,00 €","470,00 €"
Μ79Μ,- επιπλοκές Παθολογικό κάταγμα χωρίς καταστροφικές (συστηματικές),15,"2.059,40 €","2.942,00 €"
Μ79Χ,συνυπάρχουσες παθήσεις - επιπλοκές Εμφύτευση ογκολογικής πρόθεσης ή ολική,8,"959,00 €","1.370,00 €"
Μ95Α,"αντικατάσταση του μηρού ΜΔΝ από Κόστος από σε ιδιωτικά ΚΩΔ. ΚΕΝ ΚΕΝ ΠΕΡΙΓΡΑΦΗ 1/3/2012 1/3/2012 ιδρύματα Παθήσεις και βλάβες του δέρματος, του ΤΚΑ 09 υποδόριου ιστού και του μαστού (Δ) Μεταφορά μικροαγγειακού ιστού για παθήσεις - ελλείμματα δέρματος, υποδορίου ιστού και μαστού με καταστροφικές (συστηματικές) ή σοβαρές",15,"14.700,00 €","21.000,00 €"
Δ01Μ,"συνυπάρχουσες παθήσεις – επιπλοκές Μεταφορά μικροαγγειακού ιστού για παθήσεις - ελλείμματα δέρματος, υποδορίου ιστού και μαστού χωρίς καταστροφικές (συστηματικές) ή σοβαρές",13,"5.297,00 €","3.707,90 €"
Δ01Χ,συνυπάρχουσες παθήσεις – επιπλοκές,8,"5.865,00 €","4.105,50 €"
Δ06A,Μείζονες επεμβάσεις για παθήσεις μαστού Ελάσσονες επεμβάσεις για παθήσεις,3,"1.380,00 €","966,00 €"
Δ07A,μαστού Άλλες επεμβάσεις για δερματικό μόσχευμα και/ή χειρουργικό καθαρισμό με,2,"600,00 €","420,00 €"
Δ08Μ,συνυπάρχουσες παθήσεις – επιπλοκές Άλλες επεμβάσεις για δερματικό μόσχευμα και/ή χειρουργικό καθαρισμό χωρίς,10,"2.086,00 €","1.460,20 €"
Δ08X,"συνυπάρχουσες παθήσεις – επιπλοκές Επεμβάσεις περιπρωκτικών και δερμοειδών παθήσεων (κύστης, συριγγίου,",2,"719,00 €","503,30 €"
Δ09A,αποστήματος κλπ) Χειρουργικές επεμβάσεις πλαστικής,2,"626,00 €","438,20 €"
Δ10A,"δέρματος, υποδορίου ιστού και μαστού Άλλες επεμβάσεις δέρματος, υποδορίου",2,"611,00 €","427,70 €"
Δ11A,"ιστού και μαστού Επεμβάσεις στα κάτω άκρα με έλκος/κυτταρίτιδα, με καταστροφικές (συστηματικές) συνυπάρχουσες παθήσεις -",1,"367,00 €","256,90 €"
Δ12Μ,"επιπλοκές Επεμβάσεις στα κάτω άκρα με έλκος/κυτταρίτιδα, χωρίς καταστροφικές (συστηματικές) συνυπάρχουσες παθήσεις - επιπλοκές με αποκατάσταση με δερματικό",20,"4.429,00 €","3.100,30 €"
Δ12Xα,μόσχευμα/κρημνό ΜΔΝ από Κόστος από σε ιδιωτικά ΚΩΔ. ΚΕΝ ΚΕΝ ΠΕΡΙΓΡΑΦΗ 1/3/2012 1/3/2012 ιδρύματα Επεμβάσεις στα κάτω άκρα με έλκος/κυτταρίτιδα χωρίς καταστροφικές (συστηματικές) συνυπάρχουσες παθήσεις - επιπλοκές χωρίς αποκατάσταση με,13,"2.816,00 €","1.971,20 €"
Δ12Χβ,δερματικό μόσχευμα/κρημνό Επεμβάσεις στα κάτω άκρα χωρίς έλκος/κυτταρίτιδα με καταστροφικές (συστηματικές) συνυπάρχουσες παθήσεις - επιπλοκές ή με (αποκατάσταση με,8,"1.613,00 €","1.129,10 €"
Δ13Μ,"δερματικό μόσχευμα/κρημνό) Επεμβάσεις στα κάτω άκρα χωρίς έλκος/κυτταρίτιδα χωρίς καταστροφικές (συστηματικές) συνυπάρχουσες παθήσεις - επιπλοκές, χωρίς (αποκατάσταση με",12,"2.514,00 €","1.759,80 €"
Δ13Χ,δερματικό μόσχευμα/κρημνό),4,"915,00 €","640,50 €"
Δ14Α,Μείζων πλαστική αποκατάσταση μαστού Δερματικά έλκη με καταστροφικές (συστηματικές) συνυπάρχουσες παθήσεις -,8,"3.834,00 €","2.683,80 €"
Δ20Μ,επιπλοκές Δερματικά έλκη χωρίς καταστροφικές (συστηματικές) συνυπάρχουσες παθήσεις -,16,"2.669,00 €","1.868,30 €"
Δ20Χ,επιπλοκές,9,"1.471,00 €","1.029,70 €"
Δ20Α,"Δερματικά έλκη, ημερήσια νοσηλεία Κακοήθεις παθήσεις του μαστού με",1,"171,00 €","119,70 €"
Δ22Μ,συνυπάρχουσες παθήσεις - επιπλοκές Κακοήθεις παθήσεις του μαστού χωρίς,5,"965,00 €","675,50 €"
Δ22Χ,συνυπάρχουσες παθήσεις - επιπλοκές Μη-κακοήθεις παθήσεις του μαστού με,2,"625,00 €","437,50 €"
Δ23Μ,συνυπάρχουσες παθήσεις - επιπλοκές Μη-κακοήθεις παθήσεις του μαστού χωρίς,5,"965,00 €","675,50 €"
Δ23Χ,συνυπάρχουσες παθήσεις - επιπλοκές Κυτταρίτιδα με καταστροφικές (συστηματικές) ή σοβαρές συνυπάρχουσες,2,"296,00 €","207,20 €"
Δ24Μ,παθήσεις - επιπλοκές Κυτταρίτιδα χωρίς καταστροφικές (συστηματικές) ή σοβαρές συνυπάρχουσες,9,"1.116,00 €","781,20 €"
Δ24Χ,"παθήσεις - επιπλοκές ΜΔΝ από Κόστος από σε ιδιωτικά ΚΩΔ. ΚΕΝ ΚΕΝ ΠΕΡΙΓΡΑΦΗ 1/3/2012 1/3/2012 ιδρύματα Τραύμα στο δέρμα, υποδόριο ιστό και μαστό με καταστροφικές (συστηματικές) ή σοβαρές συνυπάρχουσες παθήσεις -",4,"802,00 €","561,40 €"
Δ25Μ,"επιπλοκές Τραύμα στο δέρμα, υποδόριο ιστό και μαστό χωρίς καταστροφικές (συστηματικές) ή σοβαρές συνυπάρχουσες",6,"1.105,00 €","773,50 €"
Δ25Χ,παθήσεις - επιπλοκές,2,"350,00 €","245,00 €"
Δ27Μ,"Ελάσσονες βλάβες του δέρματος Ελάσσονες βλάβες του δέρματος,",3,"708,00 €","495,60 €"
Δ27Χ,ημερήσια νοσηλεία Μείζονες βλάβες του δέρματος με καταστροφικές (συστηματικές) ή σοβαρές,1,"150,00 €","105,00 €"
Δ28Μα,συνυπάρχουσες παθήσεις - επιπλοκές Μείζονες βλάβες του δέρματος με καταστροφικές ή σοβαρές συνυπάρχουσες,10,"1.880,00 €","1.316,00 €"
Δ28Μβ,"παθήσεις - επιπλοκές μακράς διάρκειας Μείζονες βλάβες του δέρματος, ημερήσια",30,"4.400,00 €","3.080,00 €"
Δ28Α,νοσηλεία Μείζονες βλάβες του δέρματος χωρίς καταστροφικές (συστηματικές) ή σοβαρές,1,"164,00 €","114,80 €"
Δ28Χ,συνυπάρχουσες παθήσεις - επιπλοκές Κακοήθεια του δέρματος με καταστροφικές (συστηματικές),4,"965,00 €","675,50 €"
Δ29Μ,"συνυπάρχουσες παθήσεις - επιπλοκές Κακοήθεια του δέρματος, ημερήσια",11,"2.171,00 €","1.519,70 €"
Δ29Α,νοσηλεία Κακοήθεια του δέρματος χωρίς καταστροφικές (συστηματικές),1,"161,00 €","112,70 €"
Δ29Χ,"συνυπάρχουσες παθήσεις - επιπλοκές Ενδοκρινικά, διατροφικά και μεταβολικά νοσήματα και διαταραχές ΤΚΑ 10 (Θ)",7,"1.377,00 €","963,90 €"
Θ01Μ,Χειρουργικές επεμβάσεις για επιπλοκές του διαβήτη με καταστροφικές (συστηματικές) συνυπάρχουσες παθήσεις - ΜΔΝ από σε ιδιωτικά Κόστος από ΚΩΔ. ΚΕΝ ΚΕΝ ΠΕΡΙΓΡΑΦΗ 1/3/2012 ιδρύματα 1/3/2012 επιπλοκές Χειρουργικές επεμβάσεις για επιπλοκές του διαβήτη χωρίς καταστροφικές (συστηματικές) συνυπάρχουσες παθήσεις -,27,"4.005,00 €","2.803,50 €"
Θ01Χ,επιπλοκές Επεμβάσεις υπόφυσης με συνυπάρχουσες,12,"1.782,90 €","2.547,00 €"
Θ02Μ,παθήσεις - επιπλοκές Επεμβάσεις υπόφυσης χωρίς,10,"3.267,60 €","4.668,00 €"
Θ02Χ,συνυπάρχουσες παθήσεις - επιπλοκές,4,"2.109,80 €","3.014,00 €"
Θ03Α,Επεμβάσεις επινεφριδίων Μείζονες επεμβάσεις για την παχυσαρκία,4,"2.097,90 €","2.997,00 €"
Θ04Μ,με συνυπάρχουσες παθήσεις - επιπλοκές Μείζονες επεμβάσεις για την παχυσαρκία χωρίς συνυπάρχουσες παθήσεις -,8,"2.284,10 €","3.263,00 €"
Θ04Χ,επιπλοκές Επεμβάσεις παραθυρεοειδών με καταστροφικές (συστηματικές) ή σοβαρές,4,"1.052,10 €","1.503,00 €"
Θ05Μ,συνυπάρχουσες παθήσεις - επιπλοκές Επεμβάσεις παραθυρεοειδών χωρίς καταστροφικές (συστηματικές) ή σοβαρές,8,"1.810,90 €","2.587,00 €"
Θ05Χ,συνυπάρχουσες παθήσεις - επιπλοκές Επεμβάσεις θυρεοειδούς με καταστροφικές (συστηματικές) ή σοβαρές συνυπάρχουσες,3,"753,90 €","1.077,00 €"
Θ06Μ,παθήσεις - επιπλοκές Επεμβάσεις θυρεοειδούς χωρίς καταστροφικές (συστηματικές) ή σοβαρές,5,"1.676,50 €","2.395,00 €"
Θ06Χ,συνυπάρχουσες παθήσεις - επιπλοκές,2,"956,20 €","1.366,00 €"
Θ07Α,Επεμβάσεις για την παχυσαρκία,3,"893,20 €","1.276,00 €"
Θ08Α,"Επεμβάσεις θυρεογλωσσικού πόρου Άλλες χειρουργικές επεμβάσεις για ενδοκρινολογικές, διατροφικές και μεταβολικές διαταραχές με καταστροφικές (συστηματικές) συνυπάρχουσες παθήσεις -",2,"607,60 €","868,00 €"
Θ09Μα,επιπλοκές,19,"3.426,50 €","4.895,00 €"
Θ09Μβ,"Άλλες χειρουργικές επεμβάσεις για ενδοκρινολογικές, διατροφικές και μεταβολικές διαταραχές με σοβαρές ή ΜΔΝ από Κόστος από σε ιδιωτικά ΚΩΔ. ΚΕΝ ΚΕΝ ΠΕΡΙΓΡΑΦΗ 1/3/2012 1/3/2012 ιδρύματα μέτριας βαρύτητας συνυπάρχουσες παθήσεις - επιπλοκές Άλλες χειρουργικές επεμβάσεις για ενδοκρινολογικές, διατροφικές και μεταβολικές διαταραχές χωρίς καταστροφικές (συστηματικές)",7,"1.456,00 €","2.080,00 €"
Θ09Χ,συνυπάρχουσες παθήσεις - επιπλοκές Ενδοσκοπική ή διερευνητική επέμβαση για μεταβολικές διαταραχές με καταστροφικές (συστηματικές) συνυπάρχουσες παθήσεις -,3,"1.527,00 €","1.068,90 €"
Θ10Μ,επιπλοκές Ενδοσκοπική ή διερευνητική επέμβαση για μεταβολικές διαταραχές χωρίς καταστροφικές (συστηματικές),18,"4.296,00 €","3.007,20 €"
Θ10Χ,"συνυπάρχουσες παθήσεις - επιπλοκές Ενδοσκοπική ή διερευνητική επέμβαση για μεταβολικές διαταραχές, ημερήσια",7,"1.580,00 €","1.106,00 €"
Θ10Α,νοσηλεία Διαβήτης με καταστροφικές (συστηματικές) ή σοβαρές συνυπάρχουσες,1,"297,00 €","207,90 €"
Θ20Μ,παθήσεις - επιπλοκές Διαβήτης χωρίς καταστροφικές (συστηματικές) ή σοβαρές συνυπάρχουσες,18,"1.735,00 €","1.214,50 €"
Θ20Χ,παθήσεις - επιπλοκές,3,"731,00 €","511,70 €"
Θ21Α,Σοβαρή διατροφική διαταραχή Διάφορες μετοβολικές διαταραχές με καταστροφικές (συστηματικές) ή σοβαρές,12,"1.800,00 €","1.260,00 €"
Θ22Μ,συνυπάρχουσες παθήσεις - επιπλοκές Διάφορες μεταβολικές διαταραχές χωρίς καταστροφικές (συστηματικές) ή σοβαρές,7,"1.092,00 €","764,40 €"
Θ22Χ,συνυπάρχουσες παθήσεις - επιπλοκές Συγγενείς διαταραχές του μεταβολισμού,2,"482,00 €","337,40 €"
Θ23Μ,με συνυπάρχουσες παθήσεις - επιπλοκές Συγγενείς διαταραχές του μεταβολισμού χωρίς συνυπάρχουσες παθήσεις -,5,"1.074,00 €","751,80 €"
Θ23Χ,επιπλοκές,3,"156,00 €","109,20 €"
Θ24Μ,Ενδοκρινολογικές διαταραχές με ΜΔΝ από Κόστος από σε ιδιωτικά ΚΩΔ. ΚΕΝ ΚΕΝ ΠΕΡΙΓΡΑΦΗ 1/3/2012 1/3/2012 ιδρύματα καταστροφικές (συστηματικές) ή σοβαρές συνυπάρχουσες παθήσεις - επιπλοκές Ενδοκρινολογικές διαταραχές χωρίς καταστροφικές (συστηματικές) ή σοβαρές,9,"1.829,00 €","1.280,30 €"
Θ24Χ,συνυπάρχουσες παθήσεις - επιπλοκές Παθήσεις και διαταραχές νεφρού και ΤΚΑ 11 ουροποιητικού συστήματος (Υ) Επεμβατική εισαγωγή καθετήρα περιτοναϊκής κάθαρσης με καταστροφικές (συστηματικές) ή σοβαρές συνυπάρχουσες,3,"428,00 €","299,60 €"
Υ02Μ,παθήσεις – επιπλοκές Επεμβατική εισαγωγή καθετήρα περιτοναϊκής κάθαρσης χωρίς καταστροφικές (συστηματικές) ή σοβαρές,10,"2.500,00 €","1.750,00 €"
Υ02Χ,"συνυπάρχουσες παθήσεις – επιπλοκές Επεμβάσεις νεφρού, ουρητήρα και μείζονες επεμβάσεις ουροδόχου κύστης για νεοπλασία με καταστροφικές (συστηματικές) συνυπάρχουσες παθήσεις –",2,"850,00 €","595,00 €"
Υ03Μα,"επιπλοκές Επεμβάσεις νεφρού, ουρητήρα και μείζονες επεμβάσεις ουροδόχου κύστης για νεοπλασία με σοβαρές συνυπάρχουσες",13,"5.000,00 €","3.500,00 €"
Υ03Μβ,"παθήσεις – επιπλοκές Επεμβάσεις νεφρού, ουρητήρα και μείζονες επεμβάσεις ουροδόχου κύστης για νεοπλασία χωρίς καταστροφικές (συστηματικές) ή σοβαρές συνυπάρχουσες",9,"4.011,00 €","2.807,70 €"
Υ03Χ,"παθήσεις – επιπλοκές Επεμβάσεις νεφρού, ουρητήρα και μείζονες επεμβάσεις ουροδόχου κύστης για μη-νεοπλασματικές παθήσεις με καταστροφικές (συστηματικές)",5,"2.709,00 €","1.896,30 €"
Υ04Μα,"συνυπάρχουσες παθήσεις – επιπλοκές Επεμβάσεις νεφρού, ουρητήρα και",13,"4.355,00 €","3.048,50 €"
Υ04Μβ,"μείζονες επεμβάσεις ουροδόχου κύστης για ΜΔΝ από Κόστος από σε ιδιωτικά ΚΩΔ. ΚΕΝ ΚΕΝ ΠΕΡΙΓΡΑΦΗ 1/3/2012 1/3/2012 ιδρύματα μη-νεοπλασματικές παθήσεις με σοβαρές συνυπάρχουσες παθήσεις – επιπλοκές Επεμβάσεις νεφρού, ουρητήρα και μείζονες επεμβάσεις ουροδόχου κύστης για μη νεοπλασματικές παθήσεις χωρίς καταστροφικές (συστηματικές) ή σοβαρές",7,"2.361,00 €","1.652,70 €"
Υ04Χ,συνυπάρχουσες παθήσεις – επιπλοκές Διουρηθρική προστατεκτομή με καταστροφικές (συστηματικές) ή σοβαρές,3,"1.479,00 €","1.035,30 €"
Υ05Μ,συνυπάρχουσες παθήσεις - επιπλοκές Διουρηθρική προστατεκτομή χωρίς καταστροφικές (συστηματικές) ή σοβαρές,10,"2.848,00 €","1.993,60 €"
Υ05Χ,συνυπάρχουσες παθήσεις - επιπλοκές Ελάσσονες επεμβάσεις ουροδόχου κύστης με καταστροφικές (συστηματικές) ή σοβαρές συνυπάρχουσες παθήσεις –,3,"1.000,00 €","700,00 €"
Υ06Μ,επιπλοκές Ελάσσονες επεμβάσεις ουροδόχου κύστης χωρίς καταστροφικές (συστηματικές) ή σοβαρές συνυπάρχουσες παθήσεις –,9,"2.381,00 €","1.666,70 €"
Υ06Χ,επιπλοκές Διουρηθρικές επεμβάσεις εκτός της προστατεκτομής με συνυπάρχουσες,2,"808,00 €","565,60 €"
Υ07Μ,παθήσεις - επιπλοκές Διουρηθρικές επεμβάσεις εκτός της προστατεκτομής χωρίς συνυπάρχουσες,5,"1.107,00 €","774,90 €"
Υ07Χ,παθήσεις - επιπλοκές Επεμβάσεις ουρήθρας με συνυπάρχουσες,2,"643,00 €","450,10 €"
Υ08Μ,παθήσεις – επιπλοκές Επεμβάσεις ουρήθρας χωρίς,5,"1.271,00 €","889,70 €"
Υ08Χ,συνυπάρχουσες παθήσεις – επιπλοκές Άλλες επεμβάσεις για παθήσεις των νεφρών και της ουροποιητικής οδού με καταστροφικές (συστηματικές),2,"619,00 €","433,30 €"
Υ09Μα,συνυπάρχουσες παθήσεις - επιπλοκές,17,"4.729,00 €","3.310,30 €"
Υ09Μβ,Άλλες επεμβάσεις για παθήσεις των νεφρών και της ουροποιητικής οδού με ΜΔΝ από Κόστος από σε ιδιωτικά ΚΩΔ. ΚΕΝ ΚΕΝ ΠΕΡΙΓΡΑΦΗ 1/3/2012 1/3/2012 ιδρύματα σοβαρές συνυπάρχουσες παθήσεις - επιπλοκές Άλλες επεμβάσεις για παθήσεις των νεφρών και της ουροποιητικής οδού χωρίς καταστροφικές (συστηματικές) ή σοβαρές,4,"1.760,00 €","1.232,00 €"
Υ09Χ,συνυπάρχουσες παθήσεις - επιπλοκές,2,"1.035,00 €","724,50 €"
Υ20Α,Ουρητηροσκόπηση Νεφρική ανεπάρκεια με καταστροφικές (συστηματικές) συνυπάρχουσες παθήσεις –,2,"500,00 €","350,00 €"
Υ20Μα,επιπλοκές Νεφρική ανεπάρκεια με σοβαρές,12,"2.633,00 €","1.843,10 €"
Υ20Μβ,συνυπάρχουσες παθήσεις – επιπλοκές Νεφρική ανεπάρκεια χωρίς καταστροφικές (συστηματικές) ή σοβαρές συνυπάρχουσες,6,"1.091,00 €","763,70 €"
Υ20Χ,"παθήσεις – επιπλοκές Ουρηθροκυστεοσκόπηση, ημερήσια",3,"584,00 €","408,80 €"
Υ21Α,νοσηλεία Εξωσωματική λιθοτριψία με κρουστικό,1,"217,00 €","151,90 €"
Υ22Α,κύμα για λίθους στην ουροποιητική οδό Νεοπλάσματα των νεφρών και της ουροποιητικής οδού με καταστροφικές (συστηματικές) ή σοβαρές συνυπάρχουσες,1,"482,00 €","337,40 €"
Υ22Μ,παθήσεις - επιπλοκές Νεοπλάσματα των νεφρών και της ουροποιητικής οδού χωρίς καταστροφικές (συστηματικές) ή σοβαρές συνυπάρχουσες,7,"1.373,00 €","961,10 €"
Υ22Χ,παθήσεις - επιπλοκές Λοιμώξεις των νεφρών και της ουροποιητικής οδού με καταστροφικές (συστηματικές) ή σοβαρές συνυπάρχουσες,2,"545,00 €","381,50 €"
Υ23Μ,παθήσεις - επιπλοκές Λοιμώξεις των νεφρών και της ουροποιητικής οδού χωρίς καταστροφικές (συστηματικές) ή σοβαρές συνυπάρχουσες,8,"1.564,00 €","1.094,80 €"
Υ23Χ,παθήσεις - επιπλοκές,3,"560,00 €","392,00 €"
Υ24Α,Λιθίαση ουροποιητικού και απόφραξη,2,"389,00 €","272,30 €"
Υ25Μ,Συμπτώματα και σημεία των νεφρών και ΜΔΝ από Κόστος από σε ιδιωτικά ΚΩΔ. ΚΕΝ ΚΕΝ ΠΕΡΙΓΡΑΦΗ 1/3/2012 1/3/2012 ιδρύματα της ουροποιητικής οδού με καταστροφικές (συστηματικές) ή σοβαρές συνυπάρχουσες παθήσεις - επιπλοκές Συμπτώματα και σημεία των νεφρών και της ουροποιητικής οδού χωρίς καταστροφικές (συστηματικές) ή σοβαρές,6,"900,00 €","630,00 €"
Υ25Χ,συνυπάρχουσες παθήσεις - επιπλοκές,2,"350,00 €","245,00 €"
Υ26Α,Στένωση της ουρήθρας Άλλες παθήσεις των νεφρών και της ουροποιητικής οδού με καταστροφικές (συστηματικές) ή σοβαρές συνυπάρχουσες,2,"300,00 €","210,00 €"
Υ27Μ,παθήσεις - επιπλοκές Άλλες παθήσεις των νεφρών και της ουροποιητικής οδού χωρίς καταστροφικές (συστηματικές) ή σοβαρές συνυπάρχουσες,7,"1.521,00 €","1.064,70 €"
Υ27Χ,παθήσεις - επιπλοκές,2,"358,00 €","250,60 €"
Υ28Α,Περιτοναϊκή κάθαρση,1,"249,00 €","174,30 €"
Υ29Α,Αιμοκάθαρση Διαγνωστικές και θεραπευτικές πράξεις παθήσεων ουροποιητικόύ συστήματος -,1,"136,00 €","95,20 €"
Υ30Α,ημερίσια νοσηλεία Νοσήματα και διαταραχές του ανδρικού ΤΚΑ 12 αναπαραγωγικού συστήματος (Β) Μείζονες επεμβάσεις πυέλου σε άρρενες με καταστροφικές (συστηματικές) ή σοβαρές συνυπάρχουσες παθήσεις –,1,"250,00 €","175,00 €"
Β01Μ,επιπλοκές Μείζονες επεμβάσεις πυέλου σε άρρενες χωρίς καταστροφικές (συστηματικές) ή σοβαρές συνυπάρχουσες παθήσεις –,8,"3.230,00 €","2.261,00 €"
Β01Χ,επιπλοκές Διουρηθρική προστατεκτομή με καταστροφικές (συστηματικές) ή σοβαρές,4,"2.492,00 €","1.744,40 €"
Β02Μ,συνυπάρχουσες παθήσεις - επιπλοκές Διουρηθρική προστατεκτομή χωρίς,7,"1.406,00 €","984,20 €"
Β02Χ,καταστροφικές (συστηματικές) ή σοβαρές ΜΔΝ από Κόστος από σε ιδιωτικά ΚΩΔ. ΚΕΝ ΚΕΝ ΠΕΡΙΓΡΑΦΗ 1/3/2012 1/3/2012 ιδρύματα συνυπάρχουσες παθήσεις - επιπλοκές,3,"1.007,00 €","704,90 €"
Β03Α,Επεμβάσεις πέους,2,"400,00 €","280,00 €"
Β03Μ,"Επεμβάσεις Πέους με χρήση προσθετικών Επεμβάσεις όρχεων (π.χ. κιρσοκήλη,",4,"3.000,00 €","2.100,00 €"
Β04Α,"υδροκήλη, ορχεκτομή)",1,"300,00 €","210,00 €"
Β05Α,Περιτομή Άλλες χειρουργικές επεμβάσεις του ανδρικού αναπαραγωγικού συστήματος με,1,"400,00 €","280,00 €"
Β06Μ,συνυπάρχουσες παθήσεις - επιπλοκές Άλλες χειρουργικές επεμβάσεις του ανδρικού αναπαραγωγικού συστήματος χωρίς συνυπάρχουσες παθήσεις -,6,"1.212,00 €","848,40 €"
Β06Χ,"επιπλοκές Ουρηθροκυστεοσκόπηση για παθήσεις ανδρικού αναπαραγωγικού συστήματος,",2,"919,00 €","643,30 €"
Β10Α,ημερήσια νοσηλεία Κακοήθεια του ανδρικού αναπαραγωγικού συστήματος με καταστροφικές (συστηματικές) ή σοβαρές συνυπάρχουσες,1,"217,00 €","151,90 €"
Β20Μ,παθήσεις - επιπλοκές Κακοήθεια του ανδρικού αναπαραγωγικού συστήματος χωρίς καταστροφικές (συστηματικές) ή σοβαρές συνυπάρχουσες,7,"1.169,00 €","818,30 €"
Β20Χ,παθήσεις - επιπλοκές,2,"750,00 €","525,00 €"
Β21Α,Καλοήθης υπερτροφία προστάτη Φλεγμονή του ανδρικού αναπαραγωγικού,2,"459,00 €","321,30 €"
Β22Α,συστήματος,3,"527,00 €","368,90 €"
Β23Α,Ανδρική στείρωση Άλλες παθήσεις του ανδρικού,1,"289,00 €","202,30 €"
Β24Α,αναπαραγωγικού συστήματος Νοσήματα και διαταραχές του γυναικείου αναπαραγωγικού ΤΚΑ 13 συστήματος (Γ) Πυελική εξεντέρωση και ριζική,1,"296,00 €","207,20 €"
Γ01Α,αιδοιεκτομή ΜΔΝ από Κόστος από σε ιδιωτικά ΚΩΔ. ΚΕΝ ΚΕΝ ΠΕΡΙΓΡΑΦΗ 1/3/2012 1/3/2012 ιδρύματα Υστερεκτομή για μη κακοήθεια με καταστροφικές (συστηματικές) ή σοβαρές,8,"2.964,00 €","2.074,80 €"
Γ04Μ,συνυπάρχουσες παθήσεις - επιπλοκές Υστερεκτομή για μη κακοήθεια χωρίς καταστροφικές (συστηματικές) ή σοβαρές,6,"1.800,00 €","1.260,00 €"
Γ04Χ,συνυπάρχουσες παθήσεις - επιπλοκές Ωοθηκεκτομή και σύνθετες επεμβάσεις σαλπίγγων για μη κακοήθεια με καταστροφικές (συστηματικές) ή σοβαρές,4,"998,00 €","698,60 €"
Γ05Μ,συνυπάρχουσες παθήσεις - επιπλοκές Ωοθηκεκτομή και σύνθετες επεμβάσεις σαλπίγγων για μη κακοήθεια χωρίς καταστροφικές (συστηματικές) ή σοβαρές,6,"1.952,00 €","1.366,40 €"
Γ05Χ,συνυπάρχουσες παθήσεις - επιπλοκές Επανορθωτικές επεμβάσεις γυναικείου αναπαραγωγικού συστήματος με καταστροφικές (συστηματικές) ή σοβαρές,2,"1.140,00 €","798,00 €"
Γ06Μ,συνυπάρχουσες παθήσεις - επιπλοκές Επανορθωτικές επεμβάσεις γυναικείου αναπαραγωγικού συστήματος χωρίς καταστροφικές (συστηματικές) ή σοβαρές,4,"1.499,00 €","1.049,30 €"
Γ06Χ,συνυπάρχουσες παθήσεις - επιπλοκές Άλλες επεμβάσεις μήτρας και,3,"1.149,00 €","804,30 €"
Γ07Α,εξαρτημάτων για μη κακοήθεια Ενδοσκοπικές και λαπαροσκοπικές επεμβάσεις γυναικείου αναπαραγωγικού,2,"683,00 €","478,10 €"
Γ08Α,"συστήματος Κωνοειδής εκτομή τραχήλου μήτρας, και επεμβάσεις κόλπου, τραχήλου μήτρας και",1,"603,00 €","422,10 €"
Γ09Α,αιδοίου Διαγνωστική απόξεση ή διαγνωστική,2,"402,00 €","281,40 €"
Γ10Α,υστεροσκόπηση Άλλες χειρουργικές επεμβάσεις του,1,"296,00 €","207,20 €"
Γ11Α,γυναικείου αναπαραγωγικού συστήματος,3,"729,00 €","510,30 €"
Γ12Μ,Επεμβάσεις μήτρας και εξαρτημάτων για κακοήθεια με καταστροφικές (συστηματικές) συνυπάρχουσες παθήσεις - ΜΔΝ από σε ιδιωτικά Κόστος από ΚΩΔ. ΚΕΝ ΚΕΝ ΠΕΡΙΓΡΑΦΗ 1/3/2012 ιδρύματα 1/3/2012 επιπλοκές Επεμβάσεις μήτρας και εξαρτημάτων για κακοήθεια χωρίς καταστροφικές (συστηματικές) συνυπάρχουσες παθήσεις -,9,"3.251,00 €","2.275,70 €"
Γ12Χ,επιπλοκές Κακοήθεια γυναικείου αναπαραγωγικού συστήματος με καταστροφικές (συστηματικές) συνυπάρχουσες παθήσεις -,4,"1.248,80 €","1.784,00 €"
Γ20Μ,επιπλοκές Κακοήθεια γυναικείου αναπαραγωγικού συστήματος χωρίς καταστροφικές (συστηματικές) συνυπάρχουσες παθήσεις -,9,"1.253,00 €","1.790,00 €"
Γ20Χ,επιπλοκές Λοιμώξεις γυναικείου αναπαραγωγικού,4,"770,00 €","1.100,00 €"
Γ21Α,συστήματος Διαταραχές εμμήνου ρύσης και άλλες διαταραχές του γυναικείου,3,"240,10 €","343,00 €"
Γ22Α,"αναπαραγωγικού συστήματος ΤΚΑ 14 Εγκυμοσύνη, τοκετός και λοχεία (Λ) Τοκετός με καισαρική τομή με καταστροφικές (συστηματικές) ή σοβαρές",1,"140,00 €","200,00 €"
Λ01Μ,συνυπάρχουσες παθήσεις - επιπλοκές Τοκετός με καισαρική τομή χωρίς καταστροφικές (συστηματικές) ή σοβαρές,7,"910,00 €","1.300,00 €"
Λ01Χ,συνυπάρχουσες παθήσεις - επιπλοκές Κολπικός τοκετός με χειρουργική επέμβαση με καταστροφικές (συστηματικές) ή σοβαρές συνυπάρχουσες,4,"700,00 €","1.000,00 €"
Λ02Μ,παθήσεις - επιπλοκές Κολπικός τοκετός με χειρουργική επέμβαση χωρίς καταστροφικές (συστηματικές) ή σοβαρές συνυπάρχουσες,5,"770,00 €","1.100,00 €"
Λ02Χ,παθήσεις - επιπλοκές Έκτοπη κύηση με καταστροφικές (συστηματικές) συνυπάρχουσες παθήσεις -,4,"560,00 €","800,00 €"
Λ03Μ,επιπλοκές ΜΔΝ από Κόστος από σε ιδιωτικά ΚΩΔ. ΚΕΝ ΚΕΝ ΠΕΡΙΓΡΑΦΗ 1/3/2012 1/3/2012 ιδρύματα Έκτοπη κύηση χωρίς καταστροφικές (συστηματικές) συνυπάρχουσες παθήσεις -,4,"630,00 €","900,00 €"
Λ03Χ,επιπλοκές Καταστάσεις μετά τον τοκετό ή μετά την άμβλωση με χειρουργική επέμβαση με καταστροφικές (συστηματικές) ή σοβαρές,3,"650,00 €","455,00 €"
Λ04Μ,συνυπάρχουσες παθήσεις - επιπλοκές Καταστάσεις μετά τον τοκετό ή μετά την άμβλωση με χειρουργική επέμβαση χωρίς καταστροφικές (συστηματικές) ή σοβαρές,5,"1.200,00 €","840,00 €"
Λ04Χ,συνυπάρχουσες παθήσεις - επιπλοκές,2,"400,00 €","280,00 €"
Λ05Α,Άμβλωση με χειρουργική επέμβαση,1,"200,00 €","140,00 €"
Λ20Α,Κολπικός τοκετός (φυσιολογικός) Καταστάσεις μετά τον τοκετό ή μετά την,3,"600,00 €","420,00 €"
Λ21Α,άμβλωση χωρίς χειρουργική επέμβαση,2,"300,00 €","210,00 €"
Λ23Α,Άμβλωση χωρίς χειρουργική επέμβαση,1,"200,00 €","140,00 €"
Λ24Α,Ψευδείς ωδίνες τοκετού Προγεννητική και άλλη μαιευτική,3,"200,00 €","140,00 €"
Λ26Α,"εισαγωγή ΤΚΑ 15 Νεογέννητα και άλλα νεογνά (Τ) Νεογνό, που κατέληξε ή διακομίστηκε σε <5 ημέρες από την εισαγωγή με",5,"200,00 €","140,00 €"
Τ01Α,σημαντικές χειρουργικές επεμβάσεις Καρδιοθωρακικές/αγγειοχειρουργικές,2,"1.037,00 €","725,90 €"
Τ02Α,επεμβάσεις σε νεογνά Σημαντική χειρουργική επέμβαση σε,23,"17.418,00 €","12.192,60 €"
Τ03Α,νεογνό με βάρος εισαγωγής 1000-1499 gr Σημαντική χειρουργική επέμβαση σε,55,"13.801,00 €","9.660,70 €"
Τ04Α,νεογνό με βάρος εισαγωγής 1500-1999 gr Σημαντική χειρουργική επέμβαση σε,40,"9.927,00 €","6.948,90 €"
Τ05Α,νεογνό με βάρος εισαγωγής 2000-2499 gr Σημαντική χειρουργική επέμβαση σε νεογνό με βάρος εισαγωγής >2499 gr με,35,"9.565,00 €","6.695,50 €"
Τ06Μ,πολλαπλά μείζονα προβλήματα,30,"12.981,00 €","9.086,70 €"
Τ06Χ,"Σημαντική χειρουργική επέμβαση σε ΜΔΝ από Κόστος από σε ιδιωτικά ΚΩΔ. ΚΕΝ ΚΕΝ ΠΕΡΙΓΡΑΦΗ 1/3/2012 1/3/2012 ιδρύματα νεογνό με βάρος εισαγωγής >2499 gr χωρίς πολλαπλά μείζονα προβλήματα Νεογνό που κατέληξε ή διακομίστηκε σε <5 ημέρες από την εισαγωγή, χωρίς σημαντική χειρουργική επέμβαση,",20,"4.582,00 €","3.207,40 €"
Τ20Χα,"νεογέννητο Νεογνό που κατέληξε ή διακομίστηκε σε <5 ημέρες από την εισαγωγή, χωρίς σημαντική χειρουργική επέμβαση, όχι",2,"244,00 €","170,80 €"
Τ20Χβ,νεογέννητο,2,"512,00 €","358,40 €"
Τ21Α,Νεογνό με βάρος εισαγωγής <750 gr,85,"31.460,00 €","22.022,00 €"
Τ22Α,Νεογνό με βάρος εισαγωγής 750-999 gr Νεογνό με βάρος εισαγωγής 1000-1249 gr,75,"23.575,00 €","16.502,50 €"
Τ23Α,χωρίς σημαντική χειρουργική επέμβαση Νεογνό με βάρος εισαγωγής 1250-1499 gr,35,"6.390,00 €","4.473,00 €"
Τ24Α,χωρίς σημαντική χειρουργική επέμβαση Νεογνό με βάρος εισαγωγής 1500-1999 gr χωρίς σημαντική χειρουργική επέμβαση,30,"5.818,00 €","4.072,60 €"
Τ25Μα,με πολλαπλά μείζονα προβλήματα Νεογνό με βάρος εισαγωγής 1500-1999 gr χωρίς σημαντική χειρουργική επέμβαση με,28,"5.651,00 €","3.955,70 €"
Τ25Μβ,μείζον πρόβλημα Νεογνό με βάρος εισαγωγής 1500-1999 gr χωρίς σημαντική χειρουργική επέμβαση με,26,"4.145,00 €","2.901,50 €"
Τ25Μγ,άλλο πρόβλημα Νεογνό με βάρος εισαγωγής 1500-1999 gr χωρίς σημαντική χειρουργική επέμβαση,24,"3.158,00 €","2.210,60 €"
Τ25Χ,χωρίς πρόβλημα Νεογνό με βάρος εισαγωγής 2000-2499 gr χωρίς σημαντική χειρουργική επέμβαση με,20,"2.646,00 €","1.852,20 €"
Τ26Μα,πολλαπλά μείζονα προβλήματα Νεογνό με βάρος εισαγωγής 2000-2499 gr χωρίς σημαντική χειρουργική επέμβαση με,28,"3.719,00 €","2.603,30 €"
Τ26Μβ,μείζον πρόβλημα Νεογνό με βάρος εισαγωγής 2000-2499 gr χωρίς σημαντική χειρουργική επέμβαση με,12,"2.346,00 €","1.642,20 €"
Τ26Μγ,άλλο πρόβλημα ΜΔΝ από Κόστος από σε ιδιωτικά ΚΩΔ. ΚΕΝ ΚΕΝ ΠΕΡΙΓΡΑΦΗ 1/3/2012 1/3/2012 ιδρύματα Νεογνό με βάρος εισαγωγής 2000-2499 gr χωρίς σημαντική χειρουργική επέμβαση,11,"1.644,00 €","1.150,80 €"
Τ26Χ,χωρίς πρόβλημα Νεογνό με βάρος εισαγωγής >2499 gr χωρίς σημαντική χειρουργική επέμβαση με,5,"716,00 €","501,20 €"
Τ27Μα,πολλαπλά μείζονα προβλήματα Νεογνό με βάρος εισαγωγής >2499 gr χωρίς σημαντική χειρουργική επέμβαση με,20,"3.076,00 €","2.153,20 €"
Τ27Μβ,μείζον πρόβλημα Νεογνό με βάρος εισαγωγής >2499 gr χωρίς σημαντική χειρουργική επέμβαση με,15,"1.294,00 €","905,80 €"
Τ27Μγ,άλλο πρόβλημα Νεογνό με βάρος εισαγωγής >2499 gr χωρίς σημαντική χειρουργική επέμβαση,7,"918,00 €","642,60 €"
Τ27Χ,"χωρίς πρόβλημα Παθήσεις και δυσλειτουργίες του αίματος, των αιμοποιητικών οργάνων ΤΚΑ 16 και ανοσολογικές δυσλειτουργείες (Ξ)",3,"428,00 €","299,60 €"
Ξ01Α,Σπληνεκτομή Άλλη χειρουργική επέμβαση αίματος και αιμοποιητικών οργάνων με καταστροφικές (συστηματικές) ή σοβαρές συνυπάρχουσες,14,"3.199,00 €","2.239,30 €"
Ξ02Μ,παθήσεις - επιπλοκές Άλλη χειρουργική επέμβαση αίματος και αιμοποιητικών οργάνων χωρίς καταστροφικές (συστηματικές) ή σοβαρές,30,"4.413,00 €","3.089,10 €"
Ξ02Χ,συνυπάρχουσες παθήσεις - επιπλοκές Διαταραχές του δικτυοενδοθηλιακού και ανοσοποιητικού με καταστροφικές (συστηματικές) ή σοβαρές συνυπάρχουσες,15,"781,00 €","546,70 €"
Ξ20Μ,παθήσεις - επιπλοκές Διαταραχές του δικτυοενδοθηλιακού και ανοσοποιητικού χωρίς καταστροφικές (συστηματικές) ή σοβαρές συνυπάρχουσες,30,"1.945,00 €","1.361,50 €"
Ξ20Χα,παθήσεις - επιπλοκές με κακοήθεια ΜΔΝ από Κόστος από σε ιδιωτικά ΚΩΔ. ΚΕΝ ΚΕΝ ΠΕΡΙΓΡΑΦΗ 1/3/2012 1/3/2012 ιδρύματα Διαταραχές του δικτυοενδοθηλιακού και ανοσοποιητικού χωρίς καταστροφικές (συστηματικές) ή σοβαρές συνυπάρχουσες,15,"786,00 €","550,20 €"
Ξ20Χβ,παθήσεις - επιπλοκές χωρίς κακοήθεια Διαταραχές ερυθροκυττάρων με καταστροφικές (συστηματικές) ή σοβαρές,5,"257,00 €","179,90 €"
Ξ21Μ,συνυπάρχουσες παθήσεις - επιπλοκές Διαταραχές ερυθροκυττάρων χωρίς καταστροφικές (συστηματικές) ή σοβαρές,20,"975,00 €","682,50 €"
Ξ21Χ,συνυπάρχουσες παθήσεις - επιπλοκές,3,"297,00 €","207,90 €"
Ξ22Α,Διαταραχές πήξης του αίματος Νεοπλάσματα (αιματολογικά και ΤΚΑ 17 συμπαγείς όγκοι) (Σ) Λέμφωμα και λευχαιμία με μείζονες χειρουργικές επεμβάσεις με καταστροφικές (συστηματικές) ή σοβαρές,3,"514,00 €","359,80 €"
Σ01Μ,συνυπάρχουσες παθήσεις - επιπλοκές Λέμφωμα και λευχαιμία με μείζονες χειρουργικές επεμβάσεις χωρίς καταστροφικές (συστηματικές) ή σοβαρές,23,"8.000,00 €","5.600,00 €"
Σ01Χ,συνυπάρχουσες παθήσεις - επιπλοκές Άλλες νεοπλασματικές διαταραχές με μείζονες χειρουργικές επεμβάσεις με καταστροφικές (συστηματικές),6,"2.194,00 €","1.535,80 €"
Σ02Μα,συνυπάρχουσες παθήσεις - επιπλοκές Άλλες νεοπλασματικές διαταραχές με μείζονες χειρουργικές επεμβάσεις με σοβαρές ή μέτριας βαρύτητας,18,"4.000,00 €","2.800,00 €"
Σ02Μβ,συνυπάρχουσες παθήσεις - επιπλοκές Άλλες νεοπλασματικές διαταραχές με μείζονες χειρουργικές επεμβάσεις χωρίς,8,"2.998,00 €","2.098,60 €"
Σ02Χ,συνυπάρχουσες παθήσεις - επιπλοκές Λέμφωμα και λευχαιμία με άλλες χειρουργικές επεμβάσεις με καταστροφικές (συστηματικές) ή σοβαρές,5,"1.953,00 €","1.367,10 €"
Σ03Μ,συνυπάρχουσες παθήσεις - επιπλοκές ΜΔΝ από Κόστος από σε ιδιωτικά ΚΩΔ. ΚΕΝ ΚΕΝ ΠΕΡΙΓΡΑΦΗ 1/3/2012 1/3/2012 ιδρύματα Λέμφωμα και λευχαιμία με άλλες χειρουργικές επεμβάσεις χωρίς καταστροφικές (συστηματικές) ή σοβαρές,20,"5.760,00 €","4.032,00 €"
Σ03Χ,συνυπάρχουσες παθήσεις - επιπλοκές Άλλες νεοπλασματικές διαταραχές με άλλες χειρουργικές επεμβάσεις με,3,"1.085,00 €","759,50 €"
Σ04Μ,συνυπάρχουσες παθήσεις - επιπλοκές Άλλες νεοπλασματικές διαταραχές με άλλες χειρουργικές επεμβάσεις χωρίς,7,"1.694,00 €","1.185,80 €"
Σ04Χ,συνυπάρχουσες παθήσεις - επιπλοκές Οξεία λευχαιμία με καταστροφικές (συστηματικές) συνυπάρχουσες παθήσεις -,2,"966,00 €","676,20 €"
Σ20Μ,επιπλοκές Οξεία λευχαιμία χωρίς καταστροφικές (συστηματικές) συνυπάρχουσες παθήσεις -,17,"5.707,00 €","3.994,90 €"
Σ20Χ,επιπλοκές Λέμφωμα και μη-οξεία λευχαιμία με καταστροφικές (συστηματικές),3,"690,00 €","483,00 €"
Σ21Μ,συνυπάρχουσες παθήσεις - επιπλοκές Λέμφωμα και μη-οξεία λευχαιμία χωρίς καταστροφικές (συστηματικές),14,"3.100,00 €","2.170,00 €"
Σ21Χ,"συνυπάρχουσες παθήσεις - επιπλοκές Λέμφωμα και μη-οξεία λευχαιμία,",5,"1.410,00 €","987,00 €"
Σ21Α,ημερήσια νοσηλεία Άλλες νεοπλασματικές διαταραχές με,1,"200,00 €","140,00 €"
Σ22Μ,συνυπάρχουσες παθήσεις - επιπλοκές Άλλες νεοπλασματικές διαταραχές χωρίς,6,"970,00 €","679,00 €"
Σ22Χ,"συνυπάρχουσες παθήσεις - επιπλοκές ΤΚΑ 18 Λοιμώδη και παρασιτικά νοσήματα (Ρ) Νόσος από τον ιό της ανοσολογικής ανεπάρκειας του ανθρώπου (HIV),",2,"638,00 €","446,60 €"
Ρ01Α,ημερήσια νοσηλεία Ασθένειες σχετιζόμενες με τον HIV με καταστροφικές (συστηματικές),1,"289,00 €","202,30 €"
Ρ05Μα,συνυπάρχουσες παθήσεις - επιπλοκές,20,"7.644,00 €","5.350,80 €"
Ρ05Μβ,Ασθένειες σχετιζόμενες με τον HIV με ΜΔΝ από Κόστος από σε ιδιωτικά ΚΩΔ. ΚΕΝ ΚΕΝ ΠΕΡΙΓΡΑΦΗ 1/3/2012 1/3/2012 ιδρύματα σοβαρές συνυπάρχουσες παθήσεις - επιπλοκές Ασθένειες σχετιζόμενες με τον HIV χωρίς καταστροφικές (συστηματικές) ή σοβαρές,9,"3.050,00 €","2.135,00 €"
Ρ05Χ,συνυπάρχουσες παθήσεις - επιπλοκές Χειρουργικές επεμβάσεις για λοιμώδη και παρασιτικά νοσήματα με καταστροφικές (συστηματικές) συνυπάρχουσες παθήσεις -,6,"2.140,00 €","1.498,00 €"
Ρ10Μα,επιπλοκές Χειρουργικές επεμβάσεις για λοιμώδη και παρασιτικά νοσήματα με σοβαρές ή μέτριας βαρύτητας συνυπάρχουσες,24,"6.993,00 €","4.895,10 €"
Ρ10Μβ,παθήσεις - επιπλοκές Χειρουργικές επεμβάσεις για λοιμώδη και παρασιτικά νοσήματα χωρίς,12,"2.688,00 €","1.881,60 €"
Ρ10Χ,συνυπάρχουσες παθήσεις - επιπλοκές Λοιμώδη και παρασιτικά νοσήματα με,7,"1.473,00 €","1.031,10 €"
Ρ20Α,μηχανική υποστήριξη αναπνοής Σηψαιμία με καταστροφικές (συστηματικές) συνυπάρχουσες παθήσεις -,11,"5.281,00 €","3.696,70 €"
Ρ20Μ,επιπλοκές Σηψαιμία χωρίς καταστροφικές (συστηματικές) συνυπάρχουσες παθήσεις -,11,"2.316,00 €","1.621,20 €"
Ρ20Χ,επιπλοκές Μετεγχειρητικές και μετατραυματικές λοιμώξεις με καταστροφικές (συστηματικές) ή σοβαρές συνυπάρχουσες,6,"992,00 €","694,40 €"
Ρ21Μ,παθήσεις - επιπλοκές Μετεγχειρητικές και μετατραυματικές λοιμώξεις χωρίς καταστροφικές (συστηματικές) ή σοβαρές συνυπάρχουσες,8,"1.556,00 €","1.089,20 €"
Ρ21Χ,παθήσεις - επιπλοκές Εμπύρετο αγνώστου προέλευσης με,4,"778,00 €","544,60 €"
Ρ22Μ,συνυπάρχουσες παθήσεις – επιπλοκές Εμπύρετο αγνώστου προέλευσης χωρίς,5,"1.105,00 €","773,50 €"
Ρ22Χ,συνυπάρχουσες παθήσεις – επιπλοκές,2,"444,00 €","310,80 €"
Ρ23Α,Ιογενείς λοιμώξεις ΜΔΝ από Κόστος από σε ιδιωτικά ΚΩΔ. ΚΕΝ ΚΕΝ ΠΕΡΙΓΡΑΦΗ 1/3/2012 1/3/2012 ιδρύματα Άλλα λοιμώδη και παρασιτικά νοσήματα με καταστροφικές (συστηματικές),2,"428,00 €","299,60 €"
Ρ24Μα,συνυπάρχουσες παθήσεις – επιπλοκές Άλλα λοιμώδη και παρασιτικά νοσήματα με σοβαρές ή μέτριας βαρύτητας,14,"3.773,00 €","2.641,10 €"
Ρ24Μβ,συνυπάρχουσες παθήσεις – επιπλοκές Άλλα λοιμώδη και παρασιτικά νοσήματα χωρίς συνυπάρχουσες παθήσεις –,6,"1.401,00 €","980,70 €"
Ρ24Χ,"επιπλοκές Τραυματισμοί, δηλητηριάσεις και ΤΚΑ 21 τοξικές επιδράσεις φαρμάκων (Φ) Μηχανική υποστήριξη αναπνοής ή κρανιακές επεμβάσεις για πολλαπλά",3,"623,00 €","436,10 €"
Φ01Α,"σημαντικά τραύματα Επεμβάσεις ισχίου, μηριαίου και άκρου για πολλαπλά σημαντικά τραύματα, συμπεριλαμβανομένης της εμφύτευσης, με καταστροφικές (συστηματικές) ή σοβαρές",21,"10.481,00 €","7.336,70 €"
Φ02Μ,"συνυπάρχουσες παθήσεις - επιπλοκές Επεμβάσεις ισχίου, μηριαίου και άκρου για πολλαπλά σημαντικά τραύματα, συμπεριλαμβανομένης της εμφύτευσης, χωρίς καταστροφικές (συστηματικές) ή σοβαρές συνυπάρχουσες παθήσεις -",22,"8.488,00 €","5.941,60 €"
Φ02Χ,επιπλοκές Επεμβάσεις κοιλιακής χώρας για,15,"6.792,00 €","4.754,40 €"
Φ03Α,πολλαπλά σημαντικά τραύματα Άλλες χειρουργικές επεμβάσεις για πολλαπλά σημαντικά τραύματα με καταστροφικές (συστηματικές) ή σοβαρές,13,"5.386,00 €","3.770,20 €"
Φ04Μ,συνυπάρχουσες παθήσεις - επιπλοκές Άλλες χειρουργικές επεμβάσεις για πολλαπλά σημαντικά τραύματα χωρίς καταστροφικές (συστηματικές) ή σοβαρές,22,"8.343,00 €","5.840,10 €"
Φ04Χ,συνυπάρχουσες παθήσεις - επιπλοκές,11,"4.975,00 €","3.482,50 €"
Φ10Α,"Πολλαπλά τραύματα, ασθενής που ΜΔΝ από Κόστος από σε ιδιωτικά ΚΩΔ. ΚΕΝ ΚΕΝ ΠΕΡΙΓΡΑΦΗ 1/3/2012 1/3/2012 ιδρύματα κατέληξε ή διακομίστηκε σε άλλη μονάδα οξείας θεραπείας σε <5 ημέρες Πολλαπλά τραύματα χωρίς σημαντικές επεμβάσεις με καταστροφικές (συστηματικές) ή σοβαρές συνυπάρχουσες",1,"1.246,00 €","872,20 €"
Φ11Μ,παθήσεις – επιπλοκές Πολλαπλά τραύματα χωρίς σημαντικές επεμβάσεις και χωρίς καταστροφικές (συστηματικές) ή σοβαρές συνυπάρχουσες,15,"3.657,00 €","2.559,90 €"
Φ11Χ,παθήσεις – επιπλοκές Μεταφορά μικροαγγειακού ιστού ή (δερματικό μόσχευμα με καταστροφικές (συστηματικές) ή σοβαρές συνυπάρχουσες παθήσεις- επιπλοκές) για τραυματισμούς,7,"1.883,00 €","1.318,10 €"
Φ22Μ,άκρας χειρός Δερματικό μόσχευμα για τραυματισμούς της άκρας χειρός χωρίς καταστροφικές (συστηματικές) ή σοβαρές συνυπάρχουσες,5,"2.227,00 €","1.558,90 €"
Φ22Χ,παθήσεις - επιπλοκές Άλλες επεμβάσεις για τραυματισμούς κάτω άκρου με καταστροφικές (συστηματικές) ή σοβαρές συνυπάρχουσες,2,"756,00 €","529,20 €"
Φ24Μ,παθήσεις - επιπλοκές Άλλες επεμβάσεις για τραυματισμούς κάτω άκρου χωρίς καταστροφικές (συστηματικές) ή σοβαρές συνυπάρχουσες,11,"2.785,00 €","1.949,50 €"
Φ24Χ,παθήσεις - επιπλοκές Άλλες επεμβάσεις για τραυματισμούς της άκρας χειρός με συνυπάρχουσες παθήσεις,2,"934,00 €","653,80 €"
Φ25Μ,ή επιπλοκές Άλλες επεμβάσεις για τραυματισμούς της άκρας χειρός χωρίς συνυπάρχουσες,4,"1.256,00 €","879,20 €"
Φ25Χ,παθήσεις ή επιπλοκές Άλλες επεμβάσεις για άλλους τραυματισμούς με καταστροφικές (συστηματικές) ή σοβαρές συνυπάρχουσες,1,"651,00 €","455,70 €"
Φ26Μ,παθήσεις - επιπλοκές,9,"1.850,00 €","1.295,00 €"
Φ26Χ,Άλλες επεμβάσεις για άλλους ΜΔΝ από Κόστος από σε ιδιωτικά ΚΩΔ. ΚΕΝ ΚΕΝ ΠΕΡΙΓΡΑΦΗ 1/3/2012 1/3/2012 ιδρύματα τραυματισμούς χωρίς καταστροφικές (συστηματικές) ή σοβαρές συνυπάρχουσες παθήσεις - επιπλοκές Δερματικό μόσχευμα για τραυματισμούς εξαιρουμένης της άκρας χειρός με μεταφορά μικροαγγειακού ιστού ή με (καταστροφικές (συστηματικές) ή σοβαρές,2,"828,00 €","579,60 €"
Φ27Μ,συνυπάρχουσες παθήσεις - επιπλοκές) Δερματικό μόσχευμα για τραυματισμούς εξαιρουμένης της άκρας χειρός χωρίς μεταφορά μικροαγγειακού ιστού χωρίς (καταστροφικές (συστηματικές) ή σοβαρές,17,"3.631,00 €","2.541,70 €"
Φ27Χ,"συνυπάρχουσες παθήσεις - επιπλοκές) Τραυματισμοί, δηλητηριάσεις και τοξικές επιδράσεις από φάρμακα με μηχανική",6,"1.479,00 €","1.035,30 €"
Φ40Α,υποστήριξη αναπνοής Τραυματισμοί με καταστροφικές (συστηματικές) ή σοβαρές συνυπάρχουσες,7,"3.288,00 €","2.301,60 €"
Φ60Μ,παθήσεις – επιπλοκές Τραυματισμοί χωρίς καταστροφικές (συστηματικές) ή σοβαρές συνυπάρχουσες,7,"1.144,00 €","800,80 €"
Φ60Χ,παθήσεις – επιπλοκές,2,"288,00 €","201,60 €"
Φ61Α,Αλλεργικές αντιδράσεις Δηλητηριάσεις/τοξικές επιδράσεις φαρμάκων και άλλων ουσιών με καταστροφικές (συστηματικές) ή σοβαρές,1,"280,00 €","196,00 €"
Φ62Μ,συνυπάρχουσες παθήσεις – επιπλοκές Δηλητηριάσεις/τοξικές επιδράσεις φαρμάκων και άλλων ουσιών χωρίς καταστροφικές (συστηματικές) ή σοβαρές,4,"1.183,00 €","828,10 €"
Φ62Χ,συνυπάρχουσες παθήσεις – επιπλοκές Δευτερογενείς επιπλοκές θεραπείας με καταστροφικές (συστηματικές) ή σοβαρές,2,"307,00 €","214,90 €"
Φ63Μ,συνυπάρχουσες παθήσεις – επιπλοκές Δευτερογενείς επιπλοκές θεραπείας χωρίς καταστροφικές (συστηματικές) ή σοβαρές,6,"1.245,00 €","871,50 €"
Φ63Χ,"συνυπάρχουσες παθήσεις – επιπλοκές ΜΔΝ από Κόστος από σε ιδιωτικά ΚΩΔ. ΚΕΝ ΚΕΝ ΠΕΡΙΓΡΑΦΗ 1/3/2012 1/3/2012 ιδρύματα Άλλος τραυματισμός, δηλητηρίαση και τοξική επίδραση με καταστροφικές (συστηματικές) ή σοβαρές συνυπάρχουσες",3,"506,00 €","354,20 €"
Φ64Μ,"παθήσεις – επιπλοκές Άλλος τραυματισμός, δηλητηρίαση και τοξική επίδραση χωρίς καταστροφικές (συστηματικές) ή σοβαρές συνυπάρχουσες",5,"1.159,00 €","811,30 €"
Φ64Χ,παθήσεις – επιπλοκές ΤΚΑ 22 Εγκαύματα (Ζ) Μηχανική υποστήριξη αναπνοής σε εγκαύματα και σοβαρά ολικού πάχους,1,"303,00 €","212,10 €"
Ζ01Α,εγκαύματα Άλλα εγκαύματα με δερματικό μόσχευμα,38,"23.712,00 €","16.598,40 €"
Ζ02Μ,με συνυπάρχουσες παθήσεις-επιπλοκές Άλλα εγκαύματα με δερματικό μόσχευμα,18,"6.157,00 €","4.309,90 €"
Ζ02Χ,χωρίς συνυπάρχουσες παθήσεις-επιπλοκές Άλλες χειρουργικές επεμβάσεις για άλλα,6,"1.525,00 €","1.067,50 €"
Ζ03Α,"εγκαύματα Εγκαύματα, ασθενής που διακομίστηκε σε άλλο νοσοκομείο οξείας φροντίδας σε < 5",5,"2.312,00 €","1.618,40 €"
Ζ20Α,ημέρες,1,"241,00 €","168,70 €"
Ζ21Α,Σοβαρά εγκαύματα Άλλα εγκαύματα με συνυπάρχουσες,4,"848,00 €","593,60 €"
Ζ22Μ,παθήσεις – επιπλοκές Άλλα εγκαύματα χωρίς συνυπάρχουσες,6,"1.167,00 €","816,90 €"
Ζ22Χ,παθήσεις – επιπλοκές Παράγοντες που επηρεάζουν την κατάσταση υγείας και την επαφή με τις ΤΚΑ 23 υπηρεσίες υγείας (Χ) Χειρουργικές επεμβάσεις για διαγνώσεις που σχετίζονται με άλλη χρήση υπηρεσιών υγείας με καταστροφικές (συστηματικές) ή σοβαρές συνυπάρχουσες παθήσεις-,2,"397,00 €","277,90 €"
Χ01Μ,επιπλοκές ΜΔΝ από Κόστος από σε ιδιωτικά ΚΩΔ. ΚΕΝ ΚΕΝ ΠΕΡΙΓΡΑΦΗ 1/3/2012 1/3/2012 ιδρύματα Χειρουργικές επεμβάσεις για διαγνώσεις που σχετίζονται με άλλη χρήση υπηρεσιών υγείας χωρίς καταστροφικές (συστηματικές) ή σοβαρές συνυπάρχουσες,6,"1.744,00 €","1.220,80 €"
Χ01Χ,παθήσεις-επιπλοκές Ενδοσκόπηση για διαγνώσεις που σχετίζονται με άλλη χρήση υπηρεσιών,2,"531,00 €","371,70 €"
Χ01Α,"υγείας, ημερήσια νοσηλεία Φυσική ιατρική αποκατάσταση, με καταστροφικές (συστηματικές)",1,"225,00 €","157,50 €"
Χ20Μ,"συνυπάρχουσες παθήσεις – επιπλοκές Φυσική ιατρική αποκατάσταση, χωρίς καταστροφικές (συστηματικές)",20,"2.716,00 €","1.901,20 €"
Χ20Χ,"συνυπάρχουσες παθήσεις – επιπλοκές Φυσική ιατρική αποκατάσταση, ημερήσια",19,"1.759,00 €","1.231,30 €"
Χ20Α,νοσηλεία,1,"700,00 €","490,00 €"
Χ21Μ,"Σημεία και συμπτώματα Σημεία και συμπτώματα, ημερήσια",5,"887,00 €","620,90 €"
Χ21Χ,"νοσηλεία Άλλο follow up μετά από χειρουργική επέμβαση και ιατρική φροντίδα, με καταστροφικές (συστηματικές)",1,"200,00 €","140,00 €"
Χ23Μ,"συνυπάρχουσες παθήσεις-επιπλοκές Άλλο follow up μετά από χειρουργική επέμβαση και ιατρική φροντίδα, χωρίς καταστροφικές (συστηματικές)",14,"2.039,00 €","1.427,30 €"
Χ23Χ,συνυπάρχουσες παθήσεις-επιπλοκές Άλλοι παράγοντες που επηρεάζουν την,6,"848,00 €","593,60 €"
Χ24Μ,κατάσταση της υγείας Άλλοι παράγοντες που επηρεάζουν την,4,"770,00 €","539,00 €"
Χ24Χ,"κατάσταση της υγείας, ημερήσια νοσηλεία Συγγενείς ανωμαλίες και προβλήματα που",1,"177,00 €","123,90 €"
Χ25Α,αναδύονται από τη νεογνική περίοδο,4,"1.082,00 €","757,40 €"
